player,player_id,position,team_name,player_game_count,accuracy_percent,aimed_passes,attempts,avg_depth_of_target,avg_time_to_throw,bats,big_time_throws,btt_rate,completion_percent,completions,declined_penalties,def_gen_pressures,drop_rate,dropbacks,drops,epa,first_downs,franchise_id,grades_hands_fumble,grades_offense,grades_pass,grades_run,hit_as_threw,interceptions,passing_snaps,penalties,positive_epa_percent,pressure_to_sack_rate,qb_rating,sack_percent,sacks,scrambles,spikes,thrown_aways,touchdowns,turnover_worthy_plays,twp_rate,yards,ypa
Kyle McCord,145053,QB,SYRACUSE,12,75.1,518,559,8.6,2.4,11,31,5.2,65.5,366,0,162,5.9,602,23,0.25,228,304,57.2,90.0,86.0,76.6,10,12,638,1,52.8,16.0,97.1,4.3,26,14,2,18,29,23,3.6,4307,7.7
Chandler Morris,122938,QB,N TEXAS,12,73.3,495,514,8.4,2.44,5,27,4.9,62.8,323,0,130,11.0,562,40,0.15,190,251,76.1,78.9,75.8,69.4,4,12,600,0,46.4,11.5,95.6,2.7,15,31,3,7,31,23,3.8,3792,7.4
Garrett Nussmeier,146757,QB,LSU,12,70.9,470,491,9.5,2.68,3,21,4.0,63.5,312,0,141,6.3,518,21,0.19,192,211,63.0,82.3,79.4,68.6,3,11,551,3,48.6,10.6,95.1,2.9,15,11,0,15,26,17,3.1,3740,7.6
Behren Morton,144747,QB,TEXAS TECH,12,74.2,434,467,8.4,2.72,12,20,4.1,63.2,295,0,133,8.4,509,27,0.11,159,315,74.9,79.7,78.6,60.2,2,8,537,1,43.8,16.5,96.6,4.3,22,19,0,19,27,15,2.8,3335,7.1
Shedeur Sanders,131396,QB,COLORADO,12,82.5,428,458,8.0,2.96,8,24,4.9,73.6,337,1,189,4.5,531,16,0.24,191,143,64.3,91.1,90.7,66.5,2,8,571,7,52.0,19.6,117.3,7.0,37,35,1,19,35,6,1.1,3925,8.6
Seth Henigan,144267,QB,MEMPHIS,12,73.4,425,452,9.1,2.83,1,28,5.8,64.6,292,0,131,6.4,495,20,0.15,150,218,70.6,80.2,77.7,66.7,6,6,525,0,46.5,14.5,96.9,3.8,19,21,0,20,23,11,2.1,3211,7.1
Cade Klubnik,156253,QB,CLEMSON,13,74.0,419,451,9.6,2.65,5,27,5.7,63.0,284,1,150,8.4,502,26,0.21,166,140,54.7,89.4,87.1,69.4,4,6,525,2,47.0,14.7,103.9,4.4,22,26,6,17,32,12,2.3,3381,7.5
Josh Hoover,127148,QB,TCU,12,76.9,420,442,8.4,2.45,5,16,3.5,66.5,294,0,114,9.0,472,29,0.24,167,305,56.2,82.8,83.6,55.3,4,10,494,3,50.4,11.4,100.3,2.8,13,15,1,12,23,17,3.4,3700,8.4
E.J. Warner,156185,QB,RICE,11,69.5,413,440,7.6,2.55,11,13,2.8,61.6,271,0,128,5.6,461,16,-0.1,126,275,60.6,66.7,66.7,51.3,2,13,480,2,40.3,5.5,79.7,1.5,7,12,0,14,17,17,3.5,2719,6.2
Owen McCown,157688,QB,UTSA,12,71.9,416,437,8.7,2.67,4,19,4.1,61.8,270,1,149,9.7,508,29,0.05,158,331,75.3,82.0,77.7,74.0,5,9,541,3,44.5,16.8,93.5,4.9,25,41,0,12,24,10,1.8,3171,7.3
Carson Beck,124010,QB,GEORGIA,12,75.3,413,436,8.8,2.53,10,22,4.7,64.9,283,0,99,9.0,480,28,0.18,176,173,46.8,83.3,82.4,62.3,4,12,511,9,49.2,17.2,98.7,3.5,17,26,0,9,28,18,3.5,3410,7.8
Cam Ward,133244,QB,MIAMI FL,12,76.6,406,435,9.5,2.92,4,28,5.9,67.4,293,0,138,5.8,491,18,0.37,208,220,49.4,92.5,91.3,77.0,3,7,532,0,53.8,16.7,118.6,4.7,23,31,0,22,36,17,3.2,4123,9.5
Noah Fifita,158722,QB,ARIZONA,12,73.4,380,430,8.7,3.14,5,16,3.6,60.5,260,0,170,6.8,488,19,0.02,146,109,68.2,76.1,73.1,69.0,6,12,512,2,44.9,17.1,83.4,5.9,29,29,0,39,18,14,2.7,2955,6.9
Kadin Semonza,174001,QB,BALL ST,12,73.4,398,427,7.5,2.35,21,16,3.6,64.4,275,0,122,5.8,475,17,0.0,144,117,30.0,67.6,68.8,46.4,4,10,499,1,44.2,26.2,94.1,6.7,32,15,0,4,25,16,3.2,2934,6.9
Billy Edwards Jr.,144185,QB,MARYLAND,11,73.2,395,423,8.5,2.34,15,18,4.0,64.5,273,0,137,5.5,465,16,0.0,142,215,82.2,75.9,71.3,73.7,5,9,493,1,44.5,12.4,87.2,3.7,17,24,3,5,15,12,2.4,2880,6.8
Maalik Murphy,157302,QB,DUKE,12,68.0,403,423,9.7,2.29,6,26,5.8,60.3,255,0,85,6.9,437,19,0.0,131,154,67.2,73.5,72.0,59.1,4,12,463,2,43.0,14.1,89.8,2.7,12,2,0,10,26,13,2.8,2927,6.9
Nicholas Vattiato,145302,QB,MIDDLE TN,12,75.1,394,420,8.6,2.6,6,16,3.6,64.0,269,0,144,9.1,489,27,0.01,150,224,45.7,78.5,78.6,58.1,1,10,515,1,45.8,20.1,88.8,5.9,29,38,1,18,16,14,2.7,3080,7.3
Cole Snyder,97617,QB,E MICHIGAN,12,71.9,356,405,9.4,2.6,14,18,4.2,59.3,240,0,139,6.3,466,16,-0.05,136,160,56.6,72.9,73.2,60.4,6,9,495,3,41.6,21.6,82.2,6.4,30,31,1,28,15,16,3.2,2691,6.6
Brayden Schager,146078,QB,HAWAII,11,69.3,378,403,10.3,2.96,4,14,3.3,57.6,232,1,183,11.5,498,30,-0.02,144,180,65.6,74.9,69.7,75.3,8,13,521,5,44.6,22.4,79.1,8.2,41,52,0,13,19,17,3.3,2587,6.4
Mikey Keene,70961,QB,FRESNO ST,12,80.2,368,395,7.5,2.74,5,14,3.3,69.9,276,0,108,6.4,430,19,0.04,135,169,42.6,71.2,73.5,39.7,0,11,459,3,44.9,22.2,94.4,5.6,24,9,1,21,18,15,3.3,2891,7.3
Joey Aguilar,174978,QB,APP STATE,11,64.9,365,392,11.7,2.62,3,26,6.2,55.6,218,0,146,8.0,432,19,0.15,157,108,62.6,71.9,66.8,75.9,1,14,467,3,44.4,8.9,85.0,3.0,13,27,2,21,23,25,5.4,2999,7.7
Jaylen Raynor,172203,QB,ARK STATE,12,69.9,372,391,9.7,2.72,8,16,3.8,61.9,242,0,151,6.9,468,18,0.02,143,113,77.7,76.6,74.0,67.0,1,9,497,0,43.4,18.5,83.3,6.0,28,47,0,10,14,17,3.4,2564,6.6
Devon Dampier,171556,QB,NEW MEXICO,12,66.9,369,391,11.9,2.84,2,20,4.7,57.5,225,0,98,8.9,435,22,0.14,145,241,56.9,89.9,78.9,86.5,2,12,473,4,49.0,4.1,76.9,0.9,4,40,0,18,12,10,2.1,2761,7.1
Tyler Shough,83537,QB,LOUISVILLE,12,75.1,354,391,9.7,2.93,2,21,5.1,62.1,243,0,150,8.6,424,23,0.23,148,210,72.6,87.4,87.7,56.0,3,6,446,3,46.7,9.3,101.1,3.3,14,18,1,31,23,8,1.8,3191,8.2
Ben Finley,122864,QB,AKRON,12,65.9,364,390,9.4,2.7,7,16,3.9,54.6,213,0,150,11.3,436,27,-0.02,120,102,51.2,61.6,62.4,54.3,2,9,459,5,38.1,16.7,79.6,5.7,25,21,1,16,16,15,3.3,2620,6.7
Fernando Mendoza,158323,QB,CAL,11,75.5,367,390,8.4,2.6,3,12,2.9,67.9,265,0,156,4.3,460,12,0.16,156,130,62.3,77.4,75.7,66.3,7,6,490,4,48.7,25.6,98.1,8.7,40,28,2,11,16,17,3.5,3004,7.7
Rocco Becht,157567,QB,IOWA STATE,12,68.7,348,389,9.8,2.65,13,15,3.6,58.6,228,0,131,4.6,436,11,0.18,156,193,76.1,72.5,65.9,78.3,0,8,465,3,46.1,11.5,91.8,3.4,15,30,4,24,20,19,4.1,3015,7.8
Brendan Sorsby,156398,QB,CINCINNATI,12,71.8,369,388,9.1,2.82,2,9,2.2,63.9,248,0,112,6.4,435,17,0.1,156,138,64.0,77.0,73.2,70.8,3,7,455,1,48.3,15.2,93.5,3.9,17,30,0,14,18,13,2.9,2813,7.3
Dylan Raiola,183581,QB,NEBRASKA,12,73.2,354,383,8.0,2.76,5,16,3.9,65.8,252,0,130,2.7,423,7,-0.04,123,238,40.3,71.5,71.0,53.7,2,10,453,3,41.8,18.5,84.7,5.7,24,13,2,20,12,11,2.4,2592,6.8
Dillon Gabriel,86272,QB,OREGON,12,81.4,361,377,7.0,2.72,3,14,3.5,72.9,275,0,103,6.5,405,19,0.29,160,264,74.4,88.3,87.0,65.4,4,6,427,2,53.8,10.7,113.6,2.7,11,17,2,7,24,6,1.4,3272,8.7
JC French IV,162521,QB,GA SOUTHRN,12,75.0,352,377,7.8,2.63,4,16,3.9,65.8,248,0,123,6.1,438,16,0.04,133,174,24.9,68.1,66.8,62.4,2,7,476,2,43.8,19.5,92.3,5.5,24,35,1,18,16,18,3.8,2627,7.0
Max Brosmer,105568,QB,MINNESOTA,12,78.0,345,377,8.6,2.75,8,12,3.0,66.3,250,0,114,7.1,426,19,0.07,137,225,62.3,84.3,84.3,59.3,3,5,444,1,47.2,22.8,95.5,6.1,26,23,3,18,17,7,1.6,2590,6.9
Ethan Garbers,131896,QB,UCLA,11,73.1,334,364,7.7,2.96,7,10,2.6,64.6,235,0,176,3.7,436,9,0.07,148,324,42.7,69.1,68.3,60.7,4,11,458,2,47.0,19.3,89.1,7.8,34,38,0,19,16,19,4.1,2723,7.5
Athan Kaliakmanis,144971,QB,RUTGERS,12,65.1,344,364,11.1,2.71,3,14,3.6,54.7,199,0,137,11.2,408,25,0.1,135,278,75.3,78.8,75.1,70.1,7,6,432,4,45.3,12.4,84.5,4.2,17,27,0,10,17,18,4.2,2459,6.8
Jaxson Dart,146409,QB,OLE MISS,12,77.0,343,364,12.3,2.8,8,26,6.7,68.4,249,0,129,5.7,430,15,0.45,163,226,72.1,92.3,91.7,75.8,5,6,457,6,56.0,19.4,119.4,5.8,25,40,1,7,25,10,2.2,3872,10.6
Miller Moss,70727,QB,USC,9,72.5,335,364,7.6,2.58,12,13,3.4,64.0,233,0,114,4.1,374,10,0.13,134,326,56.9,77.7,75.7,65.5,7,9,389,3,47.9,7.9,90.8,2.4,9,1,1,9,18,12,3.1,2548,7.0
Taylen Green,145996,QB,ARKANSAS,12,70.5,332,363,10.7,3.16,7,21,5.6,60.3,219,0,164,6.4,429,15,0.09,143,111,42.4,85.1,78.2,79.5,5,9,446,4,47.6,18.9,86.2,7.2,31,35,1,18,13,17,3.8,2805,7.7
Hank Bachmeier,101284,QB,WAKE,12,72.0,332,358,9.7,2.98,8,18,4.6,62.3,223,0,171,6.7,447,16,0.03,146,339,52.8,73.6,72.3,61.9,7,10,481,2,47.2,24.0,87.2,9.2,41,46,1,10,16,12,2.5,2576,7.2
Jordan McCloud,101058,QB,TEXAS ST,12,79.7,330,357,8.7,2.56,6,15,4.0,69.5,248,0,105,5.7,394,15,0.28,151,314,60.7,84.8,83.2,66.4,10,12,413,1,51.5,13.3,107.2,3.6,14,23,0,11,29,10,2.4,2923,8.2
Alonza Barnett III,156710,QB,JAMES MAD,12,74.8,313,355,9.3,2.79,12,14,3.8,60.0,213,1,116,9.0,420,21,0.06,130,197,42.8,68.6,65.4,65.4,4,4,433,4,44.5,29.3,102.2,8.1,34,31,0,26,26,13,3.0,2591,7.3
Connor Bazelak,99135,QB,BOWL GREEN,12,76.1,330,355,7.4,2.72,6,10,2.7,67.0,238,0,101,5.2,390,13,0.12,131,122,68.1,79.4,77.3,66.6,3,5,411,2,50.0,25.7,97.5,6.7,26,7,1,15,15,8,1.9,2669,7.5
Jake Retzlaff,70874,QB,BYU,12,70.9,316,349,11.2,2.71,12,12,3.2,57.6,201,0,109,10.3,384,23,0.16,145,128,41.4,78.4,75.6,69.7,5,10,409,1,46.1,14.7,90.6,4.2,16,18,3,13,20,15,3.7,2793,8.0
John Mateer,158516,QB,WASH STATE,12,72.9,332,348,10.2,3.06,5,18,4.9,64.1,223,0,128,7.9,434,19,0.31,159,341,69.1,83.3,70.8,86.0,2,7,459,4,52.3,25.8,112.4,7.6,33,47,0,9,29,16,3.5,3136,9.0
Avery Johnson,173108,QB,KANSAS ST,12,71.5,319,344,9.6,3.06,7,15,4.2,58.1,200,0,109,12.3,377,28,0.14,129,199,70.1,82.5,75.0,80.0,4,9,388,4,47.7,8.3,91.3,2.4,9,23,2,12,22,13,3.4,2508,7.3
Will Howard,122599,QB,OHIO STATE,13,78.9,327,343,8.4,2.68,1,19,5.3,72.9,250,0,98,3.1,370,8,0.36,146,260,49.3,84.2,84.2,61.7,3,9,387,1,55.9,11.2,118.5,3.0,11,12,0,12,29,13,3.4,3164,9.2
Alan Bowman,77679,QB,OKLA STATE,11,65.8,322,341,8.9,2.37,2,11,3.0,59.8,204,0,56,3.8,352,8,0.16,120,262,74.2,71.5,70.6,57.4,0,12,378,3,46.6,12.5,83.8,2.0,7,1,0,17,17,13,3.4,2444,7.2
Tucker Gleason,122475,QB,TOLEDO,11,71.2,313,337,9.2,2.62,3,10,2.8,61.7,208,0,127,6.7,368,15,0.11,122,316,38.8,70.7,66.1,69.9,7,7,390,1,45.9,11.8,96.9,4.1,15,16,2,12,22,14,3.6,2446,7.3
Brayden Fowler-Nicolosi,157207,QB,COLO STATE,12,70.4,314,335,9.0,2.74,3,15,4.2,61.5,206,0,94,6.8,367,15,0.05,104,144,64.8,68.5,71.9,45.4,1,7,390,5,40.1,9.6,87.9,2.5,9,22,0,17,13,12,3.1,2441,7.3
Nico Iamaleava,174728,QB,TENNESSEE,13,72.0,321,335,11.1,2.96,9,17,4.8,63.6,213,0,120,7.8,417,18,0.11,137,307,38.5,78.3,81.7,53.7,2,5,445,4,47.7,25.0,100.3,7.2,30,50,1,2,19,11,2.5,2617,7.8
Maddux Madsen,163379,QB,BOISE ST,12,71.6,313,334,9.6,2.83,11,7,2.0,61.7,206,0,96,8.0,369,18,0.29,141,120,72.7,75.9,72.7,66.8,2,3,390,0,52.3,9.4,102.5,2.4,9,26,0,8,21,13,3.3,2552,7.6
Kevin Jennings,158272,QB,SMU,13,75.1,305,332,8.7,2.88,6,18,4.9,65.4,217,0,122,5.2,373,12,0.26,135,287,49.8,83.8,84.7,60.7,1,10,407,0,49.1,12.3,101.1,4.0,15,24,1,19,20,12,2.9,2953,8.9
Brett Gabbert,97404,QB,MIAMI OH,12,65.8,304,331,11.3,2.57,2,16,4.7,57.1,189,0,98,5.5,373,11,0.08,124,221,62.6,63.2,63.8,53.3,1,10,383,5,45.8,22.4,91.0,5.9,22,20,0,24,21,15,3.9,2605,7.9
Danny O'Neil,184200,QB,S DIEGO ST,11,72.5,305,330,9.6,2.77,6,13,3.7,62.7,207,0,122,6.3,384,14,0.0,107,284,58.8,69.8,73.4,45.5,4,6,413,3,40.6,20.5,86.5,6.5,25,28,0,15,12,7,1.7,2187,6.6
Quinn Ewers,127253,QB,TEXAS,11,76.2,311,329,7.3,2.62,4,10,2.9,67.5,222,0,97,6.3,370,15,0.14,129,311,28.3,66.9,66.0,57.3,1,8,384,1,46.8,20.6,105.2,5.4,20,15,0,13,25,15,3.9,2505,7.6
Luke Altmyer,146802,QB,ILLINOIS,12,71.5,298,328,10.4,2.99,8,19,5.4,60.4,198,0,145,7.0,388,15,0.14,134,187,28.0,76.2,74.9,62.9,3,5,418,3,46.4,20.0,99.8,7.5,29,31,1,18,21,14,3.3,2551,7.8
Spencer Petras,82136,QB,UTAH ST,9,76.2,307,326,8.3,2.56,4,8,2.3,65.6,214,0,75,8.5,350,20,0.1,108,329,63.5,67.6,68.3,50.4,4,11,373,0,48.3,16.0,89.7,3.4,12,11,0,11,17,13,3.5,2315,7.1
Riley Leonard,143862,QB,NOTRE DAME,13,77.9,303,326,7.7,2.82,5,15,4.3,66.6,217,0,117,8.1,383,19,0.16,130,258,66.1,84.1,74.2,83.2,8,6,406,2,50.7,12.0,96.4,3.7,14,42,1,9,17,7,1.7,2283,7.0
Aidan Chiles,173727,QB,MICH STATE,12,68.2,302,324,10.2,3.09,3,13,3.8,59.3,192,1,143,6.8,374,14,0.02,113,223,49.1,74.3,64.8,84.9,2,11,393,7,43.6,18.9,81.8,7.2,27,23,0,17,13,20,5.1,2415,7.5
Jacolby Criswell,122830,QB,N CAROLINA,11,68.7,294,322,10.1,2.93,8,10,2.9,57.5,185,1,152,8.4,380,17,0.06,122,245,52.7,69.3,66.2,68.6,9,6,403,3,42.9,15.8,89.4,6.3,24,32,1,10,15,12,3.0,2450,7.6
Kurtis Rourke,97998,QB,INDIANA,12,74.4,309,322,10.4,2.55,6,19,5.6,68.9,222,0,75,3.5,360,8,0.42,155,190,56.8,88.4,90.2,46.7,2,5,382,2,57.8,26.7,122.5,5.6,20,17,1,4,29,10,2.6,3042,9.4
Caden Veltkamp,156642,QB,W KENTUCKY,11,77.6,299,321,8.3,2.76,8,13,3.9,67.0,215,0,90,7.3,361,17,0.21,125,346,48.5,78.2,79.1,61.8,0,10,378,0,49.0,22.2,102.2,5.5,20,20,1,13,22,11,2.9,2654,8.3
Anthony Colandrea,170131,QB,VIRGINIA,11,71.1,294,319,7.9,2.9,3,12,3.6,61.4,196,0,156,6.2,392,13,-0.12,109,335,52.9,64.2,58.5,69.2,5,11,414,1,39.8,25.0,80.1,9.9,39,34,1,16,13,15,3.6,2116,6.6
Payton Thorne,101629,QB,AUBURN,11,73.1,294,319,10.0,2.76,7,10,3.0,62.4,199,0,115,7.4,387,16,0.1,123,115,68.4,74.7,74.4,62.3,1,9,401,3,44.7,23.5,99.7,7.0,27,41,1,16,21,7,1.7,2713,8.5
C.J. Ogbonna,149182,QB,BUFFALO,12,67.8,283,318,10.3,2.49,10,22,6.6,56.9,181,0,112,5.7,357,11,-0.01,103,126,34.5,64.4,65.4,57.5,7,5,373,4,41.2,17.9,92.2,5.6,20,18,0,18,19,11,2.9,2239,7.0
Jalen Kitna,146688,QB,UAB,8,71.1,305,317,8.4,2.83,1,14,4.3,61.8,196,0,116,9.7,357,21,-0.1,96,321,28.2,60.2,65.2,31.1,5,11,370,4,42.6,18.1,86.1,5.9,21,16,0,6,17,22,5.9,2209,7.0
Brendon Lewis,131687,QB,NEVADA,12,76.2,290,315,9.6,3.01,3,11,3.2,67.0,211,0,139,4.5,371,10,0.09,119,239,50.8,90.1,79.3,85.4,2,7,400,2,44.7,15.8,95.9,5.9,22,32,2,18,16,12,3.0,2290,7.3
Sawyer Robertson,146839,QB,BAYLOR,11,70.1,298,315,9.4,2.62,6,12,3.5,62.2,196,0,87,6.2,354,13,0.29,136,118,58.1,79.2,75.2,72.5,3,7,381,2,52.0,17.2,106.8,4.2,15,21,0,8,26,15,3.9,2613,8.3
Will Rogers,124184,QB,WASHINGTON,11,77.4,292,315,8.2,2.49,9,13,4.0,69.8,220,0,104,2.7,342,6,0.08,120,340,30.1,64.0,67.2,31.0,1,7,351,4,52.3,15.4,98.4,4.7,16,10,1,12,14,14,4.0,2458,7.8
Gio Lopez,172309,QB,S ALABAMA,11,73.6,292,311,9.2,2.84,1,18,5.5,65.9,205,0,120,4.7,356,10,0.22,122,288,61.2,81.4,70.6,86.1,5,5,375,0,50.6,12.5,102.8,4.2,15,30,0,13,17,13,3.5,2556,8.2
Drew Allar,164157,QB,PENN STATE,13,76.7,300,307,8.6,2.93,0,13,4.1,70.7,217,0,113,5.7,360,13,0.35,151,266,72.2,86.2,83.4,74.0,1,5,372,0,55.3,13.3,111.7,4.2,15,37,0,6,18,4,1.1,2795,9.1
Evan Simon,129906,QB,TEMPLE,9,72.5,273,307,7.7,2.8,6,12,3.7,58.3,179,1,167,9.6,359,19,-0.12,95,306,60.2,70.3,72.3,54.3,4,9,381,3,36.2,15.6,81.8,7.2,26,26,0,24,15,11,2.9,1997,6.5
Keyone Jenkins,170403,QB,FIU,12,72.5,287,304,10.6,2.67,2,19,5.8,61.8,188,0,110,9.6,348,20,0.07,120,166,26.4,69.5,72.1,52.1,4,8,375,1,44.0,15.5,101.9,4.9,17,24,0,11,22,15,4.0,2560,8.4
Jalon Daniels,122555,QB,KANSAS,12,65.9,279,301,12.4,3.08,4,22,7.1,56.8,171,0,89,7.1,334,13,0.13,117,198,58.7,77.6,72.6,73.6,6,12,349,4,47.3,10.1,82.3,2.7,9,22,0,12,14,15,4.3,2454,8.2
Braedyn Locke,157141,QB,WISCONSIN,10,68.9,267,296,8.7,2.56,14,10,3.2,55.4,164,1,67,10.9,311,20,-0.07,82,349,53.0,61.1,58.6,67.0,5,10,331,2,39.9,14.9,76.1,3.2,10,5,0,10,13,18,5.4,1936,6.5
Jack Lausch,162845,QB,NWESTERN,10,64.8,270,296,9.2,3.02,2,10,3.2,53.7,159,0,129,9.1,344,16,-0.18,82,256,45.9,54.7,52.7,62.1,6,8,360,2,37.2,17.1,67.6,6.4,22,25,0,18,7,14,3.9,1711,5.8
Christian Veilleux,145086,QB,GA STATE,10,70.0,270,293,9.6,2.36,12,11,3.5,57.3,168,0,88,11.1,310,21,0.0,101,175,62.1,63.6,60.4,69.4,2,11,330,1,41.6,11.4,78.3,3.2,10,7,0,9,13,15,4.5,2062,7.0
Jalen Milroe,146590,QB,ALABAMA,12,74.7,273,291,10.1,2.85,2,17,5.4,64.9,189,0,107,7.4,330,15,0.13,120,103,56.1,90.3,81.9,83.4,7,10,353,5,48.2,16.8,97.0,5.5,18,21,0,9,15,9,2.5,2652,9.1
Brady Cook,124199,QB,MISSOURI,11,70.8,274,290,9.4,2.71,6,12,3.9,63.1,183,0,91,5.7,328,11,0.18,102,229,70.9,76.7,71.6,75.1,0,2,344,2,46.3,22.0,94.4,6.1,20,18,0,10,9,2,0.6,2248,7.8
Eli Holstein,172381,QB,PITTSBURGH,10,69.4,271,290,9.5,2.95,9,12,3.9,61.7,179,0,122,4.8,349,9,0.11,117,268,28.1,63.1,57.1,72.0,6,7,374,0,46.4,17.2,95.0,6.0,21,33,0,4,17,20,5.3,2226,7.7
Sam Leavitt,175465,QB,ARIZONA ST,11,73.9,268,288,9.4,3.04,2,11,3.7,62.5,180,0,113,9.1,347,18,0.33,131,110,81.4,90.1,86.2,76.7,3,5,362,9,51.0,13.3,106.6,4.3,15,43,0,15,21,3,0.8,2441,8.5
Hayden Wolff,98362,QB,W MICHIGAN,12,76.3,266,288,8.4,2.84,6,8,2.7,67.0,193,0,89,4.9,318,10,0.09,108,347,56.4,69.4,71.4,44.4,0,7,331,3,47.2,23.6,99.7,6.6,21,9,0,16,17,9,2.7,2225,7.7
Diego Pavia,156927,QB,VANDERBILT,12,71.0,245,277,9.9,2.98,12,18,6.0,59.2,164,0,134,5.7,325,10,0.16,112,333,64.4,87.5,85.4,72.4,4,4,347,1,46.2,11.2,97.9,4.6,15,32,0,16,17,5,1.4,2130,7.7
CJ Bailey,183349,QB,NC STATE,10,76.9,251,276,8.6,2.89,9,13,4.4,64.1,177,0,102,8.3,328,16,0.06,110,248,45.0,73.3,71.5,65.4,4,9,353,1,47.0,19.6,91.8,6.1,20,31,0,12,14,16,4.5,2183,7.9
Garrett Greene,123420,QB,W VIRGINIA,10,68.5,254,276,10.1,3.05,5,11,3.7,58.3,161,0,111,7.5,331,13,0.15,116,343,48.8,79.2,70.0,80.1,4,11,358,1,46.5,19.8,79.5,6.6,22,33,0,13,13,14,3.9,1968,7.1
Ben Wooldridge,82115,QB,LA LAFAYET,10,78.3,258,274,8.6,2.61,4,9,3.1,66.8,183,0,85,9.4,308,19,0.34,119,207,64.7,84.8,82.1,70.6,1,5,327,5,54.5,10.6,107.2,2.9,9,25,2,9,17,7,2.1,2390,8.7
Evan Bullock,170452,QB,LA TECH,10,76.1,255,274,7.5,2.66,5,4,1.4,66.4,182,0,102,6.2,327,12,-0.07,92,208,35.8,67.5,68.0,55.4,3,2,335,3,40.4,33.3,100.6,10.4,34,14,2,9,14,10,3.0,1917,7.0
Walker Eget,146170,QB,S JOSE ST,10,64.8,253,273,13.4,2.48,6,17,5.8,56.4,154,0,62,6.1,286,10,0.09,96,285,62.1,85.2,83.3,66.5,2,9,306,1,47.6,6.5,82.6,1.4,4,9,2,10,11,8,2.6,2217,8.1
Ashton Daniels,157259,QB,STANFORD,11,73.2,246,272,9.2,3.15,2,9,3.1,62.5,170,0,132,5.6,332,10,-0.02,101,300,42.2,71.6,65.3,71.2,0,12,357,0,45.2,15.2,74.1,6.0,20,40,1,23,10,16,4.5,1700,6.3
Ethan Vasko,163817,QB,COAST CAR,12,65.1,258,272,10.8,2.58,3,19,6.5,54.4,148,0,91,11.9,292,20,0.1,98,141,78.1,84.2,78.2,76.3,1,8,314,3,40.8,6.6,84.7,2.1,6,13,1,9,14,11,3.5,2113,7.8
LaNorris Sellers,174326,QB,S CAROLINA,11,74.1,243,267,8.7,3.26,3,12,4.1,64.0,171,0,150,5.0,343,9,0.18,123,289,24.2,74.7,68.1,73.3,2,7,371,7,46.1,19.3,101.0,8.5,29,47,2,17,17,19,5.1,2261,8.5
Davis Bryson,160369,QB,KENNESAW,11,63.3,245,262,7.3,2.39,3,4,1.5,55.0,144,0,81,7.1,291,11,-0.2,68,200,59.0,57.4,51.7,65.7,2,10,303,4,36.4,18.5,63.4,5.2,15,11,0,12,6,10,3.3,1495,5.7
Darian Mensah,169984,QB,TULANE,12,75.8,248,262,11.4,3.18,2,17,6.1,65.6,172,0,97,8.5,304,16,0.36,121,319,45.7,85.8,85.0,63.9,2,5,323,2,48.7,16.5,114.2,5.3,16,26,0,10,20,13,4.0,2513,9.6
Kaidon Salter,132046,QB,LIBERTY,11,66.5,248,262,11.9,3.0,6,19,6.7,55.7,146,0,95,11.5,314,19,0.06,100,206,38.1,82.0,75.7,76.4,1,6,337,3,46.8,21.1,87.9,6.4,20,31,0,7,15,14,4.2,1875,7.2
Bryce Archie,156667,QB,USF,11,69.6,240,258,9.8,2.88,5,10,3.6,57.4,148,0,97,11.4,293,19,-0.14,80,327,46.5,62.4,60.1,63.7,7,9,312,1,39.2,18.6,74.2,6.1,18,16,2,4,9,13,4.2,1683,6.5
Michael Van Buren Jr.,184764,QB,MISS STATE,9,65.8,231,256,11.4,2.75,11,14,5.1,54.7,140,0,113,7.9,311,12,-0.01,91,227,45.9,65.9,67.1,55.4,6,7,334,6,43.1,23.0,81.3,8.4,26,28,0,8,11,11,3.3,1885,7.4
Hunter Watson,183993,QB,SM HOUSTON,11,65.7,236,255,8.8,2.63,3,7,2.6,59.6,152,0,90,1.9,301,3,-0.03,90,281,72.7,69.5,62.6,70.7,2,8,315,3,39.9,24.4,79.1,7.3,22,24,1,13,11,12,3.8,1595,6.3
Kirk Francis,173296,QB,TULSA,11,67.4,239,253,10.1,2.76,5,17,6.3,58.9,149,0,89,7.5,284,12,-0.19,76,320,47.4,62.6,64.9,49.2,4,6,300,3,35.2,15.7,79.3,4.9,14,17,0,5,9,15,5.0,1587,6.3
Hudson Card,123109,QB,PURDUE,10,72.1,222,250,9.4,3.1,5,8,3.0,57.6,144,0,123,10.0,285,16,-0.17,84,273,77.9,73.3,72.0,63.8,5,7,300,2,41.4,16.3,77.8,7.0,20,15,1,17,9,9,3.0,1641,6.6
Ethan Hampton,145858,QB,N ILLINOIS,11,71.0,221,249,8.2,2.59,8,5,1.9,57.8,144,0,93,8.3,291,13,0.02,88,254,52.9,70.3,65.0,74.0,2,6,305,2,42.6,16.1,83.1,5.2,15,27,1,17,12,12,3.9,1601,6.4
Jackson Arnold,173684,QB,OKLAHOMA,10,72.5,229,246,7.8,2.94,4,7,2.7,62.6,154,0,132,7.2,327,12,-0.22,84,261,34.6,63.2,57.7,65.6,1,3,341,1,37.0,27.3,89.3,11.0,36,43,0,12,12,8,2.3,1410,5.7
Tyler Huff,142567,QB,JVILLE ST,12,68.1,229,245,10.6,2.55,5,8,3.0,59.2,145,0,84,7.1,288,11,0.19,96,196,49.4,88.1,75.2,84.7,1,6,315,3,47.2,20.2,89.8,5.9,17,25,2,8,11,10,3.2,1979,8.1
Parker Navarro,123758,QB,OHIO,11,72.4,228,241,10.2,2.9,6,12,4.7,64.7,156,0,84,5.5,287,9,0.06,101,259,38.5,79.1,71.7,76.1,2,10,300,2,50.5,16.7,86.0,4.9,14,32,1,4,10,13,4.3,1934,8.0
Haynes King,124329,QB,GA TECH,10,82.5,217,238,6.4,2.41,7,7,2.8,71.8,171,0,49,4.5,247,8,0.39,91,176,62.8,89.3,84.3,76.0,0,1,261,0,57.1,8.2,108.9,1.6,4,5,2,12,11,1,0.4,1900,8.0
Taisun Phommachanh,99577,QB,UMASS,9,67.8,214,235,9.9,2.84,7,8,3.1,56.2,132,0,96,9.0,288,13,-0.02,78,216,46.5,62.7,62.7,59.4,3,6,310,4,41.7,22.9,78.0,7.6,22,30,0,11,8,9,2.9,1599,6.8
Skyler Locklear,164027,QB,UTEP,10,72.9,214,234,8.9,2.94,3,14,5.7,63.7,149,0,96,4.5,280,7,-0.05,72,330,56.3,67.9,65.7,61.2,5,6,293,0,41.1,14.6,87.0,5.0,14,30,0,12,10,11,3.8,1587,6.8
Evan Svoboda,157664,QB,WYOMING,10,61.2,209,226,11.7,2.86,1,8,3.3,49.1,111,0,88,13.3,263,17,-0.27,59,351,32.1,54.8,50.1,64.8,3,8,281,1,31.9,30.7,59.9,10.3,27,9,1,12,5,14,5.0,1318,5.8
Matthew Caldwell,150302,QB,TROY,9,74.0,204,225,8.3,2.61,7,7,3.0,63.1,142,0,65,6.0,239,9,0.17,85,318,29.6,63.7,62.0,59.1,3,8,251,1,48.1,15.4,88.8,4.2,10,3,0,11,13,13,5.2,1601,7.1
Kyron Drones,144506,QB,VA TECH,9,72.7,205,225,8.6,2.99,4,9,3.8,60.4,136,0,100,8.7,256,13,-0.02,72,337,51.0,79.6,73.2,73.4,2,6,266,1,39.5,13.0,85.1,5.1,13,16,0,14,10,9,3.4,1561,6.9
Isaac Wilson,183872,QB,UTAH,9,64.9,211,225,9.7,2.98,1,7,3.0,56.4,127,0,94,7.3,263,10,-0.14,69,328,34.9,49.9,51.3,49.4,7,11,270,0,36.5,20.2,71.5,7.2,19,19,0,6,10,17,6.3,1506,6.7
Colton Joseph,172283,QB,DOMINION,9,65.4,214,222,10.4,2.89,0,6,2.6,59.9,133,0,93,5.0,269,7,0.14,93,263,25.3,67.8,54.6,79.9,3,5,284,1,43.5,19.4,89.6,6.7,18,27,0,5,11,20,7.0,1625,7.3
Brock Vandagriff,146713,QB,KENTUCKY,11,70.6,194,221,10.5,3.04,4,15,6.3,57.0,126,0,103,8.0,265,11,-0.07,81,202,49.2,71.8,66.7,71.7,2,8,286,2,40.4,24.3,79.6,9.4,25,19,1,20,10,12,4.2,1594,7.2
Emmett Brown,157344,QB,S JOSE ST,8,66.5,203,219,12.4,2.52,7,13,5.5,57.5,126,0,64,6.7,233,9,0.11,78,285,35.7,71.5,69.9,66.1,0,5,252,3,48.1,10.9,95.8,3.0,7,7,0,9,16,13,5.2,1625,7.4
Katin Houser,158386,QB,E CAROLINA,8,67.1,207,218,11.1,2.31,3,19,8.1,59.6,130,1,48,6.5,238,9,0.06,83,156,47.5,76.2,75.1,64.7,3,9,256,4,44.5,18.8,97.2,3.8,9,7,1,4,18,13,5.1,1839,8.4
Cam Fancher,145266,QB,FAU,9,70.7,191,212,8.1,3.23,2,4,1.8,59.0,125,0,113,7.4,273,10,-0.11,78,165,55.1,62.2,59.9,63.3,3,6,287,2,41.8,21.2,78.9,8.8,24,37,1,15,6,11,3.8,1529,7.2
Hajj-Malik Williams,102348,QB,UNLV,10,71.3,202,208,10.8,2.93,1,11,5.0,63.5,132,0,83,8.3,277,12,0.23,110,325,45.6,82.2,74.1,78.4,0,4,292,1,50.5,22.9,109.0,6.9,19,50,1,4,17,9,3.1,1735,8.3
Gevani McCoy,147609,QB,OREGON ST,9,67.0,197,204,8.4,2.95,1,7,3.2,61.3,125,0,76,5.3,246,7,0.03,74,265,35.0,68.7,66.7,63.0,1,6,262,1,44.7,19.7,72.4,6.1,15,27,0,5,3,7,2.7,1303,6.4
Deshawn Purdie,184271,QB,CHARLOTTE,9,57.7,189,204,14.7,2.79,2,24,11.0,50.0,102,0,87,6.4,242,7,-0.08,68,136,20.8,50.7,49.5,59.8,0,6,258,3,37.2,26.4,85.0,9.5,23,12,0,13,10,20,7.8,1822,8.9
Marcel Reed,175940,QB,TEXAS A&M,9,66.1,192,201,10.7,3.21,3,7,3.3,60.2,121,0,85,4.7,252,6,0.18,88,312,50.1,69.1,65.0,67.9,2,4,262,4,49.2,14.1,96.5,4.8,12,39,1,3,12,8,3.1,1575,7.8
Davis Warren,73940,QB,MICHIGAN,8,73.2,183,198,6.7,2.8,7,6,2.9,63.6,126,0,65,6.0,214,8,-0.1,63,222,51.1,70.5,69.4,59.3,2,9,221,1,44.4,10.8,69.9,3.3,7,8,0,6,6,9,4.1,1123,5.7
Aidan Armenta,175731,QB,LA MONROE,11,66.9,181,191,11.0,2.75,0,10,5.0,53.9,103,0,75,14.9,226,18,-0.07,57,209,56.3,71.6,67.4,71.7,3,10,237,6,35.0,21.3,69.0,7.1,16,12,0,7,9,13,5.5,1286,6.7
Joe Fagnano,104768,QB,UCONN,9,70.2,168,184,9.5,2.48,3,5,2.6,56.5,104,0,57,11.9,193,14,0.19,64,146,65.4,65.1,64.7,57.6,4,4,204,1,46.1,5.3,106.2,1.6,3,6,0,9,18,4,2.0,1480,8.0
Jake Garcia,143941,QB,E CAROLINA,6,70.4,169,182,11.1,2.53,3,12,6.2,59.9,109,0,70,8.4,208,10,-0.02,70,156,44.4,68.1,63.2,72.8,0,12,220,0,46.6,21.4,71.7,7.2,15,11,0,10,8,17,7.7,1422,7.8
Nick Evers,158082,QB,UCONN,8,67.6,170,181,9.4,2.78,3,7,3.7,54.1,98,0,63,14.8,209,17,-0.18,52,146,53.1,61.0,61.7,57.4,1,5,217,2,39.2,19.0,66.2,5.7,12,16,0,7,5,8,3.7,925,5.1
Braylon Braxton,144442,QB,MARSHALL,10,69.1,165,181,10.4,2.76,3,9,4.7,58.6,106,0,55,7.0,208,8,0.24,75,214,61.2,82.6,77.9,72.7,1,2,220,2,44.7,14.5,110.7,3.8,8,18,0,12,17,6,2.7,1438,7.9
Tommy Ulatowski,163150,QB,KENT STATE,9,60.4,144,176,13.3,3.42,5,15,8.0,46.0,81,0,102,6.9,219,6,-0.16,52,201,51.0,57.2,58.3,52.8,2,8,230,2,31.1,27.5,82.1,12.8,28,15,0,25,15,9,3.9,1358,7.7
Cade McNamara,101620,QB,IOWA,8,68.9,164,173,7.1,2.64,2,6,3.3,60.1,104,0,52,8.0,185,9,-0.15,56,192,50.0,67.1,66.9,50.0,0,5,193,0,41.1,15.4,76.2,4.3,8,4,0,7,6,5,2.6,1019,5.9
Nate Yarnell,144037,QB,PITTSBURGH,8,69.2,156,168,10.0,2.79,2,7,3.9,58.3,98,0,83,9.3,202,10,-0.04,64,268,63.5,72.6,72.9,60.6,6,5,216,3,44.1,20.5,84.3,8.4,17,15,0,4,10,9,4.2,1056,6.3
Tate Rodemaker,122414,QB,SO MISS,8,69.8,149,166,7.1,2.58,5,4,2.3,59.6,99,0,73,4.8,185,5,-0.19,43,296,63.4,56.2,54.6,57.2,4,7,195,1,36.8,19.2,72.9,7.6,14,5,0,8,7,10,5.1,983,5.9
Parker Awad,183974,QB,NEW MEX ST,7,62.7,142,164,11.1,2.84,8,8,4.5,46.3,76,0,73,14.6,197,13,-0.11,56,242,58.4,59.6,49.6,77.3,3,4,210,2,36.0,23.3,72.7,8.6,17,14,0,11,7,11,5.2,1099,6.7
Cooper Legas,101286,QB,TULSA,9,61.2,147,162,11.4,2.76,5,14,8.1,53.7,87,0,80,3.3,182,3,-0.1,48,320,53.5,60.5,56.3,65.3,2,6,195,1,34.6,13.8,85.5,6.0,11,9,0,8,12,10,5.1,1144,7.1
Tommy Castellanos,158433,QB,BOSTON COL,8,67.3,153,161,10.9,3.29,2,6,3.6,61.5,99,0,67,3.9,202,4,0.19,64,121,31.4,66.3,74.8,50.9,3,5,208,4,44.1,26.9,113.0,8.9,18,22,0,3,18,7,3.4,1366,8.5
Joe Labas,144847,QB,C MICHIGAN,6,70.3,148,161,9.2,2.57,2,6,3.5,58.4,94,0,56,9.6,178,10,-0.11,51,134,47.5,64.3,65.7,52.8,6,7,190,1,42.1,14.3,75.9,4.5,8,9,1,4,7,10,5.3,1114,6.9
DJ Lagway,184426,QB,FLORIDA,11,67.3,150,161,12.0,2.89,4,17,10.1,57.8,93,0,63,7.9,187,8,0.1,61,163,66.6,70.3,75.0,51.7,1,7,194,4,44.4,19.0,96.5,6.4,12,14,4,2,11,5,2.6,1610,10.0
DJ Uiagalelei,122162,QB,FLORIDA ST,5,70.1,137,158,10.8,2.92,3,6,3.7,52.5,83,0,76,13.5,179,13,-0.08,51,167,65.1,71.2,72.5,56.3,7,6,186,2,38.0,13.2,66.5,5.6,10,11,1,10,4,5,2.7,1061,6.7
Zach Gibson,100201,QB,GA STATE,6,78.7,141,151,6.2,2.79,0,4,2.5,67.5,102,0,70,8.1,183,9,0.03,54,175,68.3,73.8,73.5,63.0,1,2,195,2,43.7,20.0,96.0,7.7,14,18,0,9,7,4,2.1,1005,6.7
Donovan Smith,73929,QB,HOUSTON,7,73.8,122,134,6.5,2.9,2,2,1.4,64.2,86,0,58,4.4,164,4,-0.24,40,182,65.6,60.5,53.0,70.6,1,8,177,5,37.6,27.6,67.4,9.8,16,13,0,9,4,7,4.0,862,6.4
Byrum Brown,156206,QB,USF,5,68.8,125,132,8.6,3.07,1,2,1.4,59.1,78,0,70,9.3,164,8,-0.03,40,327,66.0,67.0,61.5,67.2,2,0,177,1,41.5,22.9,82.8,9.8,16,16,0,4,2,2,1.1,837,6.3
Zeon Chriss-Gremillion,156733,QB,HOUSTON,10,73.0,122,130,6.9,2.96,2,4,2.9,63.8,83,0,71,6.7,167,6,-0.25,46,182,25.9,60.8,53.4,65.1,0,8,175,1,37.7,22.5,66.1,9.6,16,21,0,6,4,10,5.7,816,6.3
Jayden Maiava,158135,QB,USC,4,71.7,120,130,9.1,2.82,2,8,6.0,60.8,79,0,46,8.1,137,7,-0.1,47,326,48.4,86.7,80.9,81.4,0,3,140,1,46.0,8.7,90.1,2.9,4,3,0,8,7,5,3.6,906,7.0
Ben Gulbranson,131734,QB,OREGON ST,4,71.4,119,129,9.9,2.64,1,4,2.9,60.5,78,0,39,8.2,136,7,0.05,46,265,74.7,80.7,75.3,82.5,1,4,147,1,41.9,12.8,80.3,3.7,5,2,0,8,4,5,3.4,943,7.3
Blake Horvath,162555,QB,NAVY,11,63.6,118,127,12.7,2.7,2,5,3.7,57.5,73,0,56,2.7,150,2,0.3,50,237,26.9,85.4,59.3,91.3,3,4,159,2,44.7,19.6,112.4,7.3,11,11,0,4,13,12,7.5,1261,9.9
Bryson Barnes,131845,QB,UTAH ST,7,72.8,114,126,9.7,2.61,1,4,3.1,60.3,76,0,47,8.4,147,7,0.02,45,329,59.0,76.7,63.5,80.5,4,6,154,1,47.6,12.8,88.2,4.1,6,13,0,7,11,7,4.5,805,6.4
Grayson James,145214,QB,BOSTON COL,5,77.1,109,125,9.5,2.72,4,5,3.7,64.0,80,0,57,4.8,145,4,0.11,50,121,76.1,73.1,69.8,67.9,3,2,154,0,44.8,15.8,94.8,6.2,9,11,0,9,6,5,3.2,902,7.2
Stone Earle,123504,QB,MARSHALL,8,62.9,116,122,9.1,2.4,3,3,2.3,54.1,66,0,42,9.6,146,7,-0.08,39,214,43.5,58.0,55.2,62.8,0,2,152,3,39.7,14.3,82.4,4.1,6,14,0,3,7,3,2.0,671,5.5
Jacob Zeno,98014,QB,UAB,4,82.1,112,121,4.6,2.81,3,2,1.6,67.8,82,0,52,10.9,148,10,0.09,48,321,61.6,68.0,66.4,62.4,1,5,160,2,50.0,15.4,86.1,5.4,8,19,1,4,6,7,4.4,819,6.8
Kaden Anderson,127312,QB,WYOMING,9,71.4,112,120,10.8,2.75,0,8,6.3,58.3,70,1,43,12.5,123,10,0.15,42,351,62.5,67.2,72.0,49.8,1,3,129,2,44.7,2.3,90.2,0.8,1,2,0,7,6,5,3.9,958,8.0
Ethan Crawford,173571,QB,SO MISS,8,56.0,109,120,13.4,3.04,3,9,7.2,41.7,50,0,88,18.0,158,11,-0.45,34,296,40.7,65.5,55.2,72.3,4,7,165,1,29.1,29.5,41.7,16.5,26,12,0,4,0,9,5.5,841,7.0
Dylan Rizk,174360,QB,UCF,6,70.0,110,119,10.1,2.85,2,4,3.3,60.5,72,0,33,6.5,132,5,0.15,47,323,32.7,67.9,71.0,53.1,0,2,136,3,49.2,15.2,91.2,3.8,5,8,0,7,5,6,4.4,904,7.6
Conner Weigman,158683,QB,TEXAS A&M,6,67.9,106,114,9.0,2.98,1,5,4.1,56.1,64,0,54,11.1,139,8,-0.01,47,312,74.2,59.0,55.3,68.2,3,5,148,2,43.9,16.7,69.2,6.5,9,16,0,4,3,8,5.4,815,7.1
Brock Glenn,170335,QB,FLORIDA ST,7,61.9,97,114,9.8,3.17,4,5,4.1,44.7,51,0,56,15.0,140,9,-0.26,35,167,61.2,54.2,51.0,63.7,6,5,149,1,33.6,21.4,54.4,8.6,12,13,0,7,4,6,4.0,591,5.2
Santino Marucci,144197,QB,NEW MEX ST,7,58.9,95,112,10.5,2.73,9,0,0.0,43.8,49,0,48,12.5,134,7,-0.27,38,242,27.6,50.5,50.5,55.3,2,5,147,1,33.6,14.6,48.2,5.2,7,15,0,6,3,8,5.4,519,4.6
Blake Shapen,122282,QB,MISS STATE,4,78.6,103,109,9.3,2.67,2,7,5.9,67.9,74,0,47,8.6,138,7,0.11,48,227,29.3,77.2,84.6,45.4,0,1,149,1,44.2,23.4,116.5,8.0,11,18,1,3,8,6,4.0,974,8.9
KJ Jefferson,99129,QB,UCF,5,65.7,102,108,11.1,3.09,2,5,4.4,59.3,64,0,47,4.5,131,3,0.07,42,323,53.9,69.7,64.9,69.9,2,4,137,2,42.0,27.7,96.7,9.9,13,10,0,2,7,7,5.1,1012,9.4
Forrest Brock,173260,QB,TEMPLE,3,65.6,96,102,6.7,2.48,3,2,1.8,58.8,60,0,39,4.8,113,3,-0.31,26,306,32.5,60.5,68.6,41.6,1,5,125,1,32.7,20.5,56.0,7.1,8,3,0,2,1,3,2.4,539,5.3
Graham Mertz,97994,QB,FLORIDA,5,82.4,91,94,7.6,2.81,1,4,4.0,76.6,72,0,28,4.0,107,3,0.18,45,163,40.4,73.7,75.4,55.5,0,2,116,0,56.1,14.3,113.4,3.7,4,9,0,2,6,5,4.3,791,8.4
Max Brown,157756,QB,CHARLOTTE,5,58.1,74,94,13.2,3.11,1,7,7.0,45.7,43,0,47,0.0,118,0,-0.36,29,136,42.7,45.3,44.5,56.4,1,6,125,1,33.9,21.3,49.1,8.5,10,14,1,17,3,11,8.8,561,6.0
Bryson Daily,147303,QB,ARMY,11,63.5,85,92,16.5,2.83,3,9,9.1,54.3,50,0,41,7.4,102,4,0.36,35,114,63.5,91.2,70.3,89.8,4,4,109,3,45.1,9.8,103.5,3.9,4,5,0,0,9,9,8.3,920,10.0
Arch Manning,173162,QB,TEXAS,7,76.5,85,90,11.1,2.74,2,6,6.4,67.8,61,0,26,6.2,101,4,0.4,39,311,42.6,87.0,81.0,78.7,2,2,107,0,52.5,26.9,126.1,6.9,7,4,0,1,9,2,1.9,939,10.4
Grant Wilson,143041,QB,DOMINION,3,65.1,83,88,9.2,2.83,0,3,3.3,55.7,49,0,45,9.3,108,5,-0.07,30,263,23.5,43.3,41.1,57.8,0,3,114,0,35.2,26.7,73.9,11.1,12,8,1,4,4,8,7.0,517,5.9
Luke Kromenhoek,183305,QB,FLORIDA ST,6,63.2,76,84,11.1,3.39,0,7,8.0,52.4,44,0,60,8.3,129,4,-0.23,33,167,33.8,62.3,57.4,65.9,2,2,136,0,33.3,43.3,72.6,20.2,26,18,0,6,3,5,3.7,502,6.0
Devin Kargman,156913,QB,KENT STATE,4,61.0,77,83,9.4,2.41,3,3,3.4,54.2,45,0,32,4.3,92,2,-0.16,19,201,33.8,47.7,46.0,65.2,0,2,98,2,34.8,21.9,71.1,7.6,7,2,0,3,3,3,3.1,435,5.2
Drew Pyne,122910,QB,MISSOURI,6,72.2,72,82,6.3,2.57,1,1,1.1,59.8,49,0,31,5.8,90,3,-0.17,20,229,73.2,60.3,57.9,61.1,3,3,95,0,36.7,12.9,69.0,4.4,4,4,0,6,3,4,4.2,396,4.8
Josh Holst,171312,QB,N ILLINOIS,6,67.1,76,82,8.8,2.75,0,1,1.2,57.3,47,0,21,7.8,101,4,-0.02,30,254,59.1,53.8,49.6,61.8,0,1,103,0,43.6,19.0,65.9,4.0,4,15,1,5,0,4,3.9,416,5.1
Chandler Fields,97286,QB,LA LAFAYET,6,78.9,76,80,9.8,3.06,2,6,7.1,73.8,59,0,21,1.7,95,1,0.36,36,207,75.3,86.4,90.6,57.7,0,1,99,1,51.6,19.0,120.4,4.2,4,11,0,2,5,1,1.0,792,9.9
Grayson McCall,98002,QB,NC STATE,4,76.6,77,80,8.6,2.76,2,1,1.2,66.3,53,0,25,10.2,94,6,-0.18,30,248,35.7,70.1,77.9,43.8,0,2,100,1,46.8,16.0,86.4,4.3,4,10,0,1,3,3,3.0,518,6.5
John Busha,173849,QB,AIR FORCE,6,51.4,72,80,14.9,3.05,2,4,4.8,36.3,29,0,38,21.6,94,8,-0.32,17,101,28.4,58.4,53.3,62.1,2,5,97,1,27.7,18.4,31.8,7.4,7,7,0,4,1,5,5.2,410,5.1
T.J. Finley,124093,QB,W KENTUCKY,3,77.5,71,77,7.0,2.28,4,1,1.3,64.9,50,0,18,9.1,85,5,-0.08,26,346,72.5,66.9,67.7,56.9,1,2,87,0,44.7,11.1,76.5,2.4,2,5,0,1,1,3,3.4,496,6.4
Michael Hawkins Jr.,184595,QB,OKLAHOMA,6,76.9,65,77,7.7,3.31,0,1,1.1,62.3,48,1,53,4.0,109,2,-0.27,25,261,32.7,53.7,54.0,55.5,0,2,122,1,40.4,22.6,76.5,11.0,12,20,0,12,1,4,3.3,536,7.0
Tony Muskett,142933,QB,VIRGINIA,7,68.9,74,77,9.5,2.7,0,3,3.5,58.4,45,0,31,11.8,90,6,0.09,25,335,74.9,72.0,61.2,83.6,2,3,98,1,46.7,22.6,77.0,7.8,7,6,0,1,3,4,4.1,545,7.1
Ryan Browne,174949,QB,PURDUE,8,67.1,70,76,9.1,3.64,0,4,5.0,56.6,43,0,48,8.5,102,4,-0.16,29,273,61.5,67.0,57.1,73.4,1,2,107,0,41.2,20.8,84.9,9.8,10,16,0,5,4,5,4.7,531,7.0
Jack Turner,162969,QB,LA TECH,6,63.0,73,76,7.7,2.48,0,4,5.2,52.6,40,0,19,13.0,83,6,-0.26,21,208,74.0,59.5,56.7,64.5,2,2,84,0,32.5,21.1,69.6,4.8,4,2,0,1,2,5,6.0,471,6.2
Jadyn Glasser,184670,QB,C MICHIGAN,4,67.1,70,76,11.3,2.62,3,2,2.5,53.9,41,0,37,12.8,89,6,-0.42,21,134,26.8,41.0,41.8,52.8,2,4,95,2,36.0,27.0,57.9,11.2,10,3,0,1,2,6,6.3,439,5.8
Maealiuaki Smith,183921,QB,OKLA STATE,4,65.3,72,75,8.3,2.29,1,2,2.4,58.7,44,0,17,6.4,79,3,-0.26,21,262,74.0,53.9,51.7,62.5,1,4,86,3,35.4,23.5,64.7,5.1,4,0,0,1,2,5,5.8,487,6.5
Aaron Philo,183222,QB,GA TECH,4,64.3,70,74,13.6,2.81,2,7,9.5,51.4,38,0,21,15.6,79,7,0.15,25,176,73.0,91.3,90.9,69.4,1,2,79,1,43.0,0.0,69.9,0.0,0,5,0,1,1,1,1.3,565,7.6
Kasen Weisman,171910,QB,FAU,5,67.2,64,74,9.8,3.51,0,4,5.1,52.7,39,0,39,9.3,83,4,-0.01,28,165,52.0,57.7,59.2,55.8,0,3,88,1,37.3,2.6,61.5,1.2,1,8,0,10,2,5,5.7,416,5.6
Demond Williams Jr.,183648,QB,WASHINGTON,12,82.4,68,73,6.0,3.15,2,3,3.9,76.7,56,0,45,0.0,107,0,0.08,32,340,63.6,77.1,65.4,77.3,1,0,112,0,44.9,35.6,116.8,15.0,16,17,0,2,4,2,1.8,570,7.8
AJ Hairston Jr.,184157,QB,UMASS,4,66.2,65,73,9.8,2.78,3,1,1.2,54.8,40,0,26,7.0,89,3,0.05,22,216,36.8,52.9,50.6,60.1,2,0,97,0,43.8,26.9,98.0,7.9,7,9,0,3,5,2,2.1,480,6.6
Cade McConnell,73935,QB,UTEP,4,71.4,70,71,7.7,2.55,0,5,6.6,56.3,40,0,24,20.0,81,10,-0.05,22,330,31.2,53.3,59.8,40.8,0,3,87,1,37.0,20.8,81.9,6.2,5,4,0,1,4,7,8.0,540,7.6
Micah Alejado,184162,QB,HAWAII,3,77.3,66,70,9.5,2.73,1,2,2.8,70.0,49,0,15,3.9,82,2,0.41,31,180,73.8,79.3,86.4,52.5,0,0,84,1,54.9,20.0,123.8,3.7,3,9,0,3,6,0,0.0,585,8.4
John Alan Richter,156999,QB,TOLEDO,5,73.8,65,68,10.1,2.84,0,4,5.5,63.2,43,0,28,10.4,81,5,0.06,21,316,50.7,70.9,77.0,44.4,2,0,86,2,43.2,17.9,104.8,6.2,5,8,0,1,4,1,1.2,497,7.3
Tyler Van Dyke,122225,QB,WISCONSIN,3,73.0,63,68,7.1,2.91,0,2,2.8,63.2,43,0,19,6.5,74,3,0.01,22,349,47.9,72.9,77.5,52.6,1,0,79,1,43.2,21.1,85.5,5.4,4,2,0,4,1,1,1.3,422,6.2
Jacurri Brown,156344,QB,UCF,6,58.1,62,68,12.1,3.09,1,3,4.4,51.5,35,0,26,2.8,87,1,-0.29,24,323,46.5,65.3,48.9,78.2,0,4,87,3,42.5,19.2,49.8,5.7,5,14,1,4,1,4,4.6,398,5.9
Zach Pyron,156309,QB,GA TECH,5,69.0,58,67,8.2,2.75,1,1,1.5,52.2,35,0,23,12.5,80,5,-0.12,25,176,76.3,60.2,53.0,67.2,4,3,81,1,38.8,17.4,62.3,5.0,4,9,2,2,2,5,6.2,409,6.1
Mike Wright Jr.,124366,QB,NWESTERN,3,67.8,59,66,9.5,2.77,1,2,2.9,57.6,38,0,20,5.0,72,2,-0.07,24,256,74.1,62.2,57.9,65.8,2,1,76,0,43.1,0.0,66.1,0.0,0,6,0,4,0,4,5.3,354,5.4
Cameron Rising,77663,QB,UTAH,3,62.9,62,66,10.1,2.88,0,1,1.4,51.5,34,0,21,12.8,74,5,0.19,26,328,71.1,49.9,46.9,64.9,1,3,78,1,41.9,14.3,96.5,4.1,3,5,0,3,7,4,5.1,555,8.4
Jase Bauer,145714,QB,SM HOUSTON,7,77.2,57,65,7.2,2.8,1,2,2.9,61.5,40,0,30,9.1,81,4,-0.25,17,281,63.0,68.8,71.1,60.4,0,1,84,0,34.6,13.3,76.7,4.9,4,12,0,7,2,1,1.2,304,4.7
Goose Crowder,144781,QB,TROY,4,83.1,59,63,8.5,3.0,0,5,7.7,68.3,43,0,26,12.2,77,6,0.46,29,318,30.1,84.5,85.7,63.4,2,0,83,1,50.6,11.5,121.6,3.9,3,11,0,2,5,2,2.4,547,8.7
Tyriq Starks,156514,QB,FAU,4,72.4,58,63,6.4,2.91,1,0,0.0,61.9,39,0,33,7.1,77,3,0.22,26,165,53.4,62.3,49.8,74.6,1,2,81,0,46.8,15.2,108.6,6.5,5,9,0,3,6,4,4.9,551,8.7
MJ Morris,157404,QB,MARYLAND,6,70.2,57,61,8.5,2.55,2,3,4.6,59.0,36,0,31,10.0,75,4,-0.33,18,215,74.6,59.2,56.5,64.1,2,5,80,1,33.3,29.0,68.3,12.0,9,5,0,0,5,4,5.0,350,5.7
Trexler Ivey,122184,QB,CHARLOTTE,4,63.0,54,59,7.4,2.33,0,2,3.1,57.6,34,0,11,0.0,63,0,-0.15,17,136,72.7,55.5,52.8,63.4,0,2,69,0,39.7,18.2,76.0,3.2,2,2,0,5,3,3,4.3,326,5.5
Tyler Jefferson,171233,QB,C MICHIGAN,7,52.8,53,58,14.9,3.11,3,2,3.2,46.6,27,0,35,3.6,84,1,-0.37,19,134,23.5,42.4,36.8,57.0,1,1,90,0,34.5,22.9,54.2,9.5,8,17,0,1,0,6,6.7,286,4.9
Noah Kim,129623,QB,COAST CAR,7,61.5,52,56,9.4,2.41,1,2,3.4,53.6,30,0,14,6.3,60,2,-0.06,13,141,29.2,57.0,58.8,53.0,0,1,63,0,38.3,21.4,87.9,5.0,3,1,0,3,4,2,3.2,333,5.9
Nicco Marchiol,157363,QB,W VIRGINIA,7,74.5,55,56,9.9,3.26,0,5,8.2,66.1,37,0,21,9.8,75,4,0.06,20,343,42.1,60.1,65.6,52.3,1,2,80,0,41.3,38.1,104.3,10.7,8,11,0,0,5,4,5.0,434,7.8
Bishop Davenport,163426,QB,S ALABAMA,5,71.2,52,56,6.9,2.7,1,0,0.0,58.9,33,0,22,10.8,65,4,0.01,17,288,56.6,60.5,56.4,65.3,2,0,70,2,44.6,9.1,81.9,3.1,2,6,0,1,1,2,2.9,333,5.9
General Booty,71008,QB,LA MONROE,5,73.9,46,55,6.7,2.49,3,0,0.0,52.7,29,0,17,14.7,60,5,-0.24,12,209,71.9,46.9,42.9,64.0,1,2,63,1,33.3,29.4,66.2,8.3,5,0,0,5,2,3,4.8,306,5.6
Preston Stone,124716,QB,SMU,6,69.4,49,53,11.5,2.89,2,4,7.0,60.4,32,0,18,5.9,60,2,0.2,23,287,48.6,81.9,82.3,65.0,0,1,64,1,40.0,16.7,109.3,5.0,3,4,0,2,5,2,3.1,424,8.0
Cutter Boley,184630,QB,KENTUCKY,4,57.1,49,53,13.2,2.95,1,2,3.5,49.1,26,0,26,7.1,61,2,-0.34,14,202,21.9,46.4,51.7,35.2,1,4,66,1,32.8,26.9,50.7,11.5,7,1,0,2,2,6,9.1,338,6.4
JP Pickles,183996,QB,UTEP,3,68.9,45,52,8.0,2.95,1,1,1.9,55.8,29,0,25,6.5,69,2,-0.16,16,330,76.3,58.3,46.7,69.2,1,1,71,0,37.7,24.0,57.6,8.7,6,10,0,5,0,2,2.8,213,4.1
Aidan Warner,177520,QB,FLORIDA,4,48.9,47,52,8.9,2.9,0,2,3.8,40.4,21,0,18,8.7,57,2,-0.42,13,163,71.1,44.4,44.7,54.8,0,3,58,1,24.6,22.2,30.0,7.0,4,1,2,3,0,2,3.4,228,4.4
Tucker Kilcrease,156863,QB,TROY,6,60.9,46,51,11.8,3.02,0,3,5.7,54.9,28,0,34,0.0,69,0,-0.25,21,318,57.8,53.1,58.4,50.6,4,1,72,0,36.2,23.5,90.1,11.6,8,10,0,1,3,4,5.6,377,7.4
Jack Tuttle,83580,QB,MICHIGAN,2,65.2,46,50,7.1,2.98,2,1,2.0,60.0,30,0,24,0.0,62,0,-0.25,14,222,20.7,29.1,33.9,32.4,0,2,63,0,37.1,25.0,67.6,9.7,6,6,0,2,1,6,9.5,306,6.1
Nick Poulos,188474,QB,OHIO,5,58.5,41,49,10.8,2.95,1,2,3.6,44.9,22,0,24,8.3,60,2,0.11,21,259,22.5,65.9,63.5,64.5,4,1,66,1,41.7,12.5,67.6,5.0,3,8,0,3,2,2,3.0,271,5.5
Elijah Brown,183276,QB,STANFORD,3,70.2,47,48,8.2,2.65,0,2,3.8,58.3,28,1,30,15.2,61,5,-0.3,13,300,45.1,33.4,39.5,39.6,1,3,66,2,34.4,26.7,62.3,13.1,8,5,0,0,2,4,6.1,274,5.7
Matthew Sluka,143059,QB,UNLV,3,51.1,47,48,17.6,3.28,0,6,11.8,43.8,21,0,24,12.5,61,3,-0.03,16,325,27.9,75.4,59.2,81.8,0,1,64,1,36.1,25.0,97.0,9.8,6,6,0,1,6,3,4.7,318,6.6
Collin Schlee,98025,QB,VA TECH,5,64.6,48,48,11.4,3.15,0,2,3.9,52.1,25,0,26,19.4,64,6,-0.11,17,337,39.6,61.8,51.8,69.8,0,1,71,0,32.8,23.1,87.2,9.4,6,10,0,0,3,3,4.2,340,7.1
Justin Lamson,144052,QB,STANFORD,8,61.4,44,47,14.0,3.22,1,5,10.0,53.2,25,0,32,7.4,66,2,-0.17,19,300,34.6,65.1,58.2,66.8,1,2,70,0,36.4,40.6,83.6,19.7,13,6,0,1,4,4,5.7,300,6.4
William Watson III,174771,QB,VA TECH,2,64.3,42,46,12.4,3.39,0,3,6.3,56.5,26,0,32,3.7,64,1,-0.01,20,337,74.3,69.7,60.9,73.0,0,1,67,0,40.6,28.1,83.6,14.1,9,8,0,4,1,2,3.0,400,8.7
Michael Kern,97799,QB,WAKE,5,62.8,43,45,11.4,2.89,1,5,10.4,53.3,24,0,18,11.1,51,3,-0.35,14,339,40.9,65.3,65.4,56.7,0,3,54,0,39.2,22.2,52.8,7.8,4,2,0,1,1,4,7.4,288,6.4
Hank Brown,172439,QB,AUBURN,3,73.2,41,44,8.9,2.17,0,2,4.4,61.4,27,0,10,10.0,45,3,0.28,17,115,70.2,59.6,59.9,60.3,0,3,46,1,46.7,0.0,102.6,0.0,0,1,1,2,6,3,6.5,403,9.2
Alex Orji,158545,QB,MICHIGAN,6,61.5,39,44,7.7,3.06,4,0,0.0,52.3,23,0,27,4.2,57,1,-0.37,10,222,62.1,63.0,44.7,71.7,0,1,58,0,33.3,11.1,72.9,5.3,3,10,0,1,3,2,3.4,148,3.4
Dequan Finn,97804,QB,BAYLOR,2,59.5,42,43,10.0,3.26,0,1,2.1,53.5,23,0,19,8.0,50,2,-0.35,11,118,29.5,54.4,43.7,72.0,0,2,55,0,34.0,21.1,80.3,8.0,4,2,0,1,3,3,5.5,307,7.1
Quentin Hayes,186423,QB,AIR FORCE,8,67.5,40,43,12.1,3.03,1,4,8.2,58.1,25,0,26,7.4,61,2,0.32,19,101,44.7,85.1,64.8,81.0,1,2,68,0,45.9,38.5,98.5,16.4,10,8,0,1,3,2,2.9,455,10.6
Javance Tupou'ata-Johnson,175766,QB,S DIEGO ST,3,59.0,39,39,10.9,3.1,0,1,2.3,51.3,20,0,21,13.0,51,3,-0.03,11,284,72.0,55.6,53.6,60.1,0,2,56,0,39.2,23.8,64.3,9.8,5,7,0,0,2,5,8.9,222,5.7
Gavin Wimsatt,155757,QB,KENTUCKY,6,52.8,36,39,15.9,2.98,0,6,14.0,41.0,16,0,15,15.8,44,3,-0.33,10,202,62.2,68.9,57.5,71.2,2,4,49,0,29.5,20.0,53.0,6.8,3,2,0,1,3,5,10.2,287,7.4
Drew Devillier,190639,QB,RICE,3,61.8,34,39,5.9,2.39,4,0,0.0,51.3,20,0,13,4.8,44,1,-0.28,5,275,41.1,53.8,51.5,63.5,0,0,46,2,29.5,15.4,59.5,4.5,2,3,0,1,0,2,4.3,137,3.5
Eddie Lee Marburger,145511,QB,UTSA,5,62.2,37,38,7.5,2.44,0,2,5.1,55.3,21,0,17,8.7,44,2,-0.13,15,331,39.9,65.0,66.9,55.2,1,3,45,0,45.5,11.8,58.2,4.5,2,4,0,0,2,1,2.2,232,6.1
Conner Harrell,156352,QB,N CAROLINA,4,67.6,34,37,8.4,2.82,0,0,0.0,56.8,21,0,11,8.7,42,2,-0.06,13,245,20.9,60.8,63.0,54.5,1,1,49,1,35.7,18.2,87.9,4.8,2,3,0,2,2,1,2.0,282,7.6
Tayven Jackson,157615,QB,INDIANA,4,73.5,34,37,9.6,2.61,1,2,5.1,62.2,23,0,10,8.0,40,2,0.19,16,190,76.2,79.3,75.1,70.1,1,1,42,0,50.0,10.0,118.0,2.5,1,2,0,1,4,2,4.8,349,9.4
Brandon Rose,158503,QB,UTAH,2,60.0,35,36,9.1,2.75,0,1,2.6,52.8,19,0,8,9.5,39,2,-0.15,9,328,72.5,65.3,54.4,77.3,0,2,42,0,35.9,12.5,59.6,2.6,1,2,0,1,2,2,4.8,157,4.4
Brendan Sullivan,145034,QB,IOWA,5,79.4,34,36,6.8,3.43,0,1,2.7,66.7,24,0,19,11.1,54,3,-0.08,16,192,20.3,59.0,58.7,57.4,0,2,55,1,38.9,21.1,92.7,7.4,4,14,0,2,2,3,5.5,343,9.5
Braxton Woodson,175276,QB,NAVY,3,61.8,34,36,8.3,2.47,1,0,0.0,50.0,18,0,8,14.3,42,3,-0.02,12,237,46.1,58.5,56.0,60.7,0,2,43,1,40.5,25.0,67.2,4.8,2,4,0,1,2,0,0.0,243,6.8
Justyn Martin,162461,QB,UCLA,3,75.8,33,35,3.8,2.57,0,0,0.0,68.6,24,0,22,4.0,41,1,-0.06,11,324,35.1,67.7,67.5,60.0,2,0,42,0,36.6,13.6,90.1,7.3,3,3,0,0,1,1,2.4,179,5.1
Jackson Stratton,157206,QB,IOWA,3,75.0,32,35,6.3,2.55,3,0,0.0,60.0,21,0,16,12.5,41,3,-0.14,10,192,35.7,60.6,62.9,49.9,0,0,41,1,36.6,12.5,87.7,4.9,2,2,0,0,1,0,0.0,219,6.3
Blake Baker,170448,QB,LA TECH,2,72.7,33,35,7.7,2.48,2,0,0.0,54.3,19,0,16,20.8,43,5,-0.18,12,208,73.5,65.5,65.7,60.3,0,3,45,0,34.9,25.0,58.5,9.3,4,4,0,0,1,1,2.2,314,9.0
Beau Pribula,164182,QB,PENN STATE,6,82.4,34,35,8.2,2.59,0,3,7.9,74.3,26,0,8,7.1,39,2,0.49,19,266,35.8,91.7,92.8,77.0,1,1,42,1,61.5,0.0,124.4,0.0,0,4,0,0,5,0,0.0,275,7.9
Christopher Vizzina,170032,QB,CLEMSON,7,71.0,31,34,7.5,2.31,2,0,0.0,55.9,19,0,9,13.6,40,3,-0.31,8,140,41.9,59.6,55.1,64.1,1,0,43,0,30.0,33.3,71.9,7.5,3,2,0,0,0,0,0.0,190,5.6
Garret Rangel,157795,QB,OKLA STATE,4,60.0,30,33,8.8,2.69,2,0,0.0,51.5,17,0,10,5.6,38,1,-0.11,10,262,71.4,44.8,39.8,66.0,0,1,38,1,36.8,10.0,76.8,2.6,1,2,0,1,2,2,5.3,192,5.8
Robby Ashford,131702,QB,S CAROLINA,6,83.3,30,32,9.5,2.95,1,3,8.1,71.9,23,0,17,8.0,47,2,0.22,15,289,21.6,77.2,74.5,68.4,0,0,52,0,46.8,35.3,125.0,12.8,6,9,0,1,2,2,3.8,324,10.1
Austin Simmons,175891,QB,OLE MISS,6,64.5,31,31,11.4,2.32,0,1,3.0,58.1,18,0,3,10.0,33,2,0.22,15,226,70.1,78.0,76.3,65.2,0,0,35,0,54.5,33.3,105.3,3.0,1,1,0,0,2,0,0.0,248,8.0
Luke Bottari,73931,QB,UTAH,3,71.4,28,31,8.6,2.82,0,1,2.9,61.3,19,0,11,5.0,33,1,-0.04,10,328,38.5,56.7,61.2,52.4,0,0,37,2,42.4,18.2,86.9,6.1,2,0,0,3,1,0,0.0,171,5.5
John White,184784,QB,SO MISS,3,62.1,29,31,10.7,2.77,0,1,2.9,54.8,17,0,14,5.6,39,1,-0.56,8,296,22.3,38.9,51.3,27.3,1,3,43,0,33.3,35.7,40.5,12.8,5,3,0,1,0,2,4.7,240,7.7
Dexter Williams II,129457,QB,GA SOUTHRN,4,73.3,30,31,12.2,2.68,0,3,9.4,61.3,19,0,6,13.6,35,3,0.47,13,174,25.6,66.2,73.2,53.4,0,0,36,1,51.4,16.7,118.8,2.9,1,3,0,1,3,0,0.0,248,8.0
Brandon Nunez,183978,QB,NEW MEX ST,5,50.0,28,30,11.1,2.54,1,0,0.0,40.0,12,0,10,14.3,34,2,-0.43,7,242,50.0,51.8,43.3,62.0,0,1,35,0,23.5,20.0,56.3,5.9,2,2,0,1,2,1,2.9,89,3.0
Tommy Schuster,108954,QB,MICH STATE,4,75.9,29,29,6.6,3.14,0,0,0.0,69.0,20,0,15,9.1,36,2,-0.31,10,223,31.1,62.2,57.7,69.5,0,0,36,0,36.1,40.0,88.6,16.7,6,1,0,0,0,2,5.6,202,7.0
Ruel Tomlinson,188241,QB,KENT STATE,4,59.3,27,29,8.3,2.93,2,0,0.0,34.5,10,0,22,37.5,52,6,-0.84,5,201,44.4,37.6,39.3,48.9,0,2,52,0,17.3,50.0,14.6,21.2,11,11,0,0,0,2,3.8,70,2.4
Gabarri Johnson,175905,QB,OREGON ST,6,60.0,25,28,8.4,3.24,3,0,0.0,50.0,14,0,14,6.7,41,1,-0.4,9,265,46.2,58.9,46.4,72.0,0,1,41,2,39.0,35.7,54.5,12.2,5,8,0,0,0,2,4.9,172,6.1
Tahj Bullock,144070,QB,AKRON,9,88.5,26,28,2.0,2.11,1,0,0.0,71.4,20,0,11,13.0,34,3,-0.22,7,102,32.5,71.1,70.3,73.4,0,0,37,0,44.1,45.5,85.6,14.7,5,1,0,1,0,1,2.7,161,5.8
Malachi Singleton,172426,QB,ARKANSAS,4,77.8,27,28,12.6,2.72,1,1,3.3,75.0,21,0,11,0.0,36,0,0.35,16,111,25.5,80.9,69.0,79.9,0,0,38,0,52.8,54.5,127.7,16.7,6,2,0,0,1,1,2.6,344,12.3
Steve Angeli,156966,QB,NOTRE DAME,6,78.6,28,28,9.4,2.84,0,2,6.9,64.3,18,0,11,18.2,33,4,0.34,13,258,70.9,82.9,75.5,78.3,0,0,35,0,51.5,27.3,124.7,9.1,3,2,0,0,3,0,0.0,224,8.0
Gaston Moore,123756,QB,TENNESSEE,5,70.4,27,27,13.1,2.57,0,2,5.9,59.3,16,0,6,15.8,28,3,-0.09,8,307,28.2,70.0,74.1,46.8,0,2,35,0,53.6,0.0,76.3,0.0,0,1,0,0,2,2,5.7,201,7.4
Quinn Henicle,190064,QB,DOMINION,3,60.0,25,25,9.3,2.91,0,0,0.0,56.0,14,0,19,6.7,34,1,-0.37,9,263,55.0,73.9,40.8,87.7,0,1,37,0,26.5,31.6,88.9,17.6,6,3,0,0,2,3,8.1,181,7.2
Ty Simpson,157008,QB,ALABAMA,4,72.0,25,25,11.1,2.69,0,1,3.7,56.0,14,0,7,22.2,27,4,0.3,9,103,71.5,74.9,67.3,74.2,0,0,29,0,51.9,14.3,76.6,3.7,1,1,0,0,0,0,0.0,167,6.7
Jeff Sims,122496,QB,ARIZONA ST,2,56.5,23,25,14.0,3.39,0,0,0.0,52.0,13,0,12,0.0,33,0,-0.07,10,110,72.7,56.1,48.6,64.3,0,0,35,0,45.5,16.7,73.4,6.1,2,6,0,2,0,0,0.0,168,6.7
Chubba Purdy,122412,QB,NEVADA,4,75.0,24,25,8.9,2.81,0,1,3.7,72.0,18,0,9,0.0,28,0,-0.16,7,239,72.9,69.7,70.0,63.3,1,1,31,0,53.6,22.2,97.6,7.1,2,1,0,0,1,1,3.2,233,9.3
AJ Bianco,158232,QB,NEVADA,3,69.6,23,24,12.1,3.28,0,1,3.8,66.7,16,0,7,0.0,28,0,0.41,11,239,70.2,74.7,74.3,65.0,0,0,30,0,50.0,28.6,101.6,7.1,2,2,0,1,1,2,6.7,173,7.2
Chandler Rogers,98683,QB,CAL,5,63.6,22,24,8.3,2.98,2,1,3.7,50.0,12,0,12,14.3,34,2,-0.34,4,130,76.5,60.8,56.0,63.3,0,0,38,0,29.4,33.3,64.1,11.8,4,6,0,0,0,0,0.0,117,4.9
RJ Martinez,147690,QB,TEXAS ST,2,75.0,24,24,4.2,2.62,0,0,0.0,75.0,18,0,8,0.0,30,0,0.01,10,314,71.2,50.3,53.0,52.3,0,1,31,1,46.7,25.0,72.9,6.7,2,4,0,0,0,1,3.2,148,6.2
Will Hammond,184898,QB,TEXAS TECH,3,75.0,20,22,10.5,2.71,1,2,8.7,63.6,14,0,7,6.7,30,1,0.49,9,315,21.7,68.9,77.2,55.2,0,0,32,1,50.0,28.6,108.1,6.7,2,5,0,1,1,1,3.1,200,9.1
Kahlib Johnson,156331,QB,KENNESAW,3,36.4,22,22,15.4,3.17,0,1,4.5,27.3,6,0,9,25.0,25,2,-0.86,3,200,18.0,25.5,26.2,44.1,0,3,25,2,20.0,22.2,0.0,8.0,2,1,0,0,0,5,20.0,57,2.6
Timmy McClain,144488,QB,ARK STATE,4,84.2,19,21,8.5,3.15,1,0,0.0,66.7,14,0,13,12.5,29,2,0.37,10,113,39.5,61.2,67.6,54.0,0,0,31,0,51.7,30.8,129.6,13.8,4,4,0,1,3,0,0.0,163,7.8
Devin Brown,156479,QB,OHIO STATE,6,60.0,20,20,7.6,2.84,0,0,0.0,55.0,11,0,5,8.3,25,1,-0.03,8,260,70.0,66.9,65.9,61.2,0,0,25,0,40.0,40.0,88.3,8.0,2,3,0,0,1,0,0.0,114,5.7
Max Johnson,124099,QB,N CAROLINA,1,72.2,18,19,4.4,2.68,0,0,0.0,63.2,12,0,8,7.7,24,1,-0.36,7,245,27.6,47.0,42.8,62.3,0,1,28,0,37.5,25.0,48.4,8.3,2,3,0,1,0,1,3.6,71,3.7
Logan Smothers,129713,QB,JVILLE ST,2,66.7,18,19,7.7,2.39,0,0,0.0,57.9,11,0,5,8.3,23,1,-0.62,5,196,26.2,57.3,49.5,62.5,0,0,24,0,30.4,40.0,77.3,8.7,2,2,0,1,0,1,4.2,123,6.5
Deuce Hogan,129470,QB,NEW MEX ST,2,53.3,15,19,12.9,3.19,0,1,4.8,31.6,6,0,8,25.0,22,2,-0.92,2,242,67.6,56.1,57.0,57.8,1,2,24,1,13.6,25.0,1.3,9.1,2,1,0,3,0,1,4.2,31,1.6
Henry Hesson,145798,QB,MIAMI OH,4,46.7,15,18,11.3,2.93,1,0,0.0,38.9,7,0,8,0.0,23,0,-0.14,7,221,68.2,38.2,38.2,50.8,0,0,24,0,30.4,25.0,74.5,8.7,2,3,1,1,1,1,4.2,93,5.2
Heinrich Haarberg,144993,QB,NEBRASKA,5,55.6,18,18,11.4,2.81,0,0,0.0,55.6,10,0,5,0.0,20,0,0.08,6,238,76.5,69.9,53.7,75.4,0,1,24,0,40.0,20.0,48.6,5.0,1,1,0,0,0,1,4.2,101,5.6
Malachi Nelson,174203,QB,BOISE ST,3,76.5,17,17,6.4,2.38,0,1,5.6,70.6,12,0,3,7.7,19,1,0.08,7,120,67.8,80.4,80.1,60.0,0,1,20,0,52.6,66.7,67.8,10.5,2,0,0,0,0,0,0.0,128,7.5
Dewayne Coleman,163179,QB,ARMY,6,68.8,16,16,10.5,2.74,0,1,5.6,68.8,11,0,9,0.0,18,0,0.35,6,114,79.6,72.8,74.6,65.0,0,0,20,1,44.4,22.2,111.7,11.1,2,0,0,0,1,0,0.0,121,7.6
Gunner Stockton,157072,QB,GEORGIA,2,81.3,16,16,7.7,2.61,0,0,0.0,81.3,13,0,4,0.0,17,0,0.33,6,173,68.9,63.1,62.4,60.4,0,0,17,0,58.8,25.0,101.8,5.9,1,0,0,0,0,0,0.0,135,8.4
EJ Colson Jr.,190335,QB,UCF,2,62.5,16,16,9.7,3.57,0,0,0.0,56.3,9,0,12,10.0,26,1,-0.71,5,323,28.8,38.0,30.0,62.0,0,1,28,0,46.2,41.7,60.4,19.2,5,5,0,0,1,1,3.6,64,4.0
Ryan Hilinski,71295,QB,NWESTERN,3,71.4,14,16,12.4,2.3,0,1,5.9,56.3,9,0,4,10.0,16,1,-0.22,6,256,25.0,44.6,52.9,46.5,0,1,17,1,37.5,0.0,54.4,0.0,0,0,0,2,0,2,11.8,121,7.6
Brad Jackson,184354,QB,TEXAS ST,2,61.5,13,15,7.3,2.5,2,0,0.0,53.3,8,0,6,0.0,18,0,0.17,5,314,75.5,74.1,45.6,80.1,0,0,19,0,33.3,0.0,101.5,0.0,0,3,0,0,1,1,5.3,118,7.9
Israel Carter,175310,QB,USF,3,83.3,12,14,13.8,2.82,1,1,6.7,71.4,10,0,7,0.0,18,0,0.95,8,327,28.8,60.0,70.3,50.0,0,0,19,1,55.6,0.0,153.3,0.0,0,4,1,0,4,0,0.0,203,14.5
Josh Johnson,186429,QB,AIR FORCE,5,57.1,14,14,19.8,3.26,0,2,13.3,42.9,6,0,10,25.0,19,2,-0.16,7,101,32.4,48.8,47.9,55.9,0,3,20,0,42.1,10.0,59.5,5.3,1,4,0,0,1,3,15.0,126,9.0
Ui Ale,173036,QB,HOUSTON,2,84.6,13,13,7.2,2.33,0,0,0.0,76.9,10,0,3,9.1,14,1,0.35,6,182,68.0,73.6,77.1,55.5,0,0,14,0,64.3,33.3,127.7,7.1,1,0,0,0,1,0,0.0,112,8.6
Ryan Boe,190878,QB,NWESTERN,1,40.0,10,13,11.3,2.79,1,0,0.0,30.8,4,0,6,0.0,14,0,-1.04,3,256,20.6,26.7,26.8,,1,1,14,0,21.4,16.7,9.1,7.1,1,0,0,1,0,2,14.3,42,3.2
Amari Jones,156543,QB,FIU,3,63.6,11,12,6.8,2.9,0,1,7.1,58.3,7,0,6,0.0,16,0,0.5,4,166,71.2,55.7,57.7,55.7,0,1,19,1,50.0,16.7,78.1,6.3,1,3,0,1,1,1,5.3,99,8.3
Jeremiah Salem,157478,QB,E MICHIGAN,3,75.0,12,12,5.6,2.69,0,0,0.0,75.0,9,0,5,0.0,15,0,-0.36,2,160,68.2,54.4,51.0,61.8,0,1,16,0,33.3,40.0,102.1,13.3,2,1,0,0,1,1,6.3,128,10.7
Julian Sayin,183708,QB,OHIO STATE,4,54.5,11,12,10.2,2.66,0,0,0.0,41.7,5,0,2,16.7,14,1,0.05,4,260,66.2,58.3,55.4,62.5,1,0,14,0,50.0,0.0,93.8,0.0,0,2,0,0,1,0,0.0,84,7.0
Lucian Anderson III,173364,QB,BOWL GREEN,4,54.5,11,12,6.8,3.25,1,0,0.0,41.7,5,0,7,16.7,16,1,-0.48,3,122,75.5,66.2,47.6,72.2,0,1,17,0,25.0,28.6,42.4,12.5,2,2,0,0,1,0,0.0,32,2.7
Emory Williams,170099,QB,MIAMI FL,1,100.0,12,12,5.9,2.03,0,2,16.7,91.7,11,0,0,8.3,12,1,0.76,7,220,65.8,91.7,91.8,,0,0,12,0,75.0,,146.5,0.0,0,0,0,0,1,0,0.0,161,13.4
Chayden Peery,143925,QB,FIU,1,70.0,10,12,7.1,2.81,0,1,7.1,58.3,7,0,7,0.0,14,0,-0.49,2,166,72.5,71.1,60.8,70.7,0,0,16,0,35.7,14.3,98.6,7.1,1,1,0,2,1,0,0.0,58,4.8
Cardell Williams,156190,QB,TULSA,5,55.6,9,11,12.1,2.99,0,0,0.0,45.5,5,0,6,0.0,15,0,-0.37,3,320,72.5,70.1,52.7,74.9,0,0,16,0,26.7,16.7,54.0,6.7,1,2,0,2,0,0,0.0,37,3.4
Ty Thompson,146568,QB,TULANE,5,60.0,10,11,7.5,2.95,0,2,16.7,54.5,6,0,4,0.0,13,0,0.53,5,319,58.0,90.8,74.1,83.3,1,0,15,0,53.8,0.0,115.2,0.0,0,2,0,0,2,0,0.0,74,6.7
Gunnar Gray,171202,QB,BUFFALO,1,44.4,9,11,7.9,2.23,0,0,0.0,36.4,4,0,2,0.0,11,0,-0.3,2,126,65.6,42.1,45.1,,0,1,11,1,27.3,0.0,10.0,0.0,0,0,0,2,0,1,9.1,41,3.7
Ken Seals,124359,QB,TCU,4,100.0,9,11,-0.6,2.03,1,0,0.0,81.8,9,0,3,0.0,12,0,0.76,5,305,26.0,51.0,68.9,42.3,0,0,12,0,58.3,0.0,131.8,0.0,0,1,0,1,1,0,0.0,92,8.4
Will Perry,184159,QB,UMASS,1,80.0,10,11,10.3,2.68,0,0,0.0,63.6,7,1,4,12.5,12,1,0.52,5,216,65.8,65.7,72.4,57.3,0,0,12,1,50.0,0.0,112.7,0.0,0,1,0,1,1,0,0.0,72,6.5
CJ Harris,130594,QB,CAL,1,60.0,10,11,9.9,2.49,0,1,9.1,54.5,6,0,4,0.0,13,0,-0.52,3,130,69.3,49.4,32.9,72.2,0,1,13,0,23.1,25.0,38.1,7.7,1,1,0,1,0,3,23.1,75,6.8
Braden Bohannon,160367,QB,KENNESAW,1,60.0,10,11,10.4,2.69,0,0,0.0,45.5,5,0,2,16.7,13,1,-0.5,2,200,23.1,32.0,46.4,36.7,0,0,13,1,30.8,0.0,59.3,0.0,0,1,0,1,0,1,7.7,51,4.6
Roman Gagliano,183961,QB,MIDDLE TN,2,60.0,10,10,5.8,2.52,0,1,10.0,50.0,5,0,2,16.7,12,1,-0.38,1,224,65.8,55.9,47.6,64.3,0,0,12,0,16.7,50.0,61.2,8.3,1,1,0,0,0,1,8.3,42,4.2
David Lynch,170120,QB,PITTSBURGH,2,77.8,9,9,5.2,2.54,0,0,0.0,66.7,6,0,4,14.3,11,1,-0.64,2,268,65.8,64.9,68.9,56.3,0,1,12,0,27.3,25.0,39.4,9.1,1,1,0,0,0,0,0.0,46,5.1
Ahmad Haston,173396,QB,UMASS,3,88.9,9,9,3.7,2.64,0,0,0.0,88.9,8,0,2,0.0,12,0,0.24,2,216,75.1,83.3,70.6,75.0,0,0,12,0,66.7,0.0,84.7,0.0,0,3,0,0,0,0,0.0,39,4.3
Cameran Brown,184894,QB,TEXAS TECH,2,44.4,9,9,5.1,1.72,0,0,0.0,44.4,4,0,0,0.0,9,0,-1.26,0,315,71.6,42.7,27.6,69.0,0,1,9,0,22.2,,12.0,0.0,0,0,0,0,0,1,11.1,11,1.2
Tim Carpenter,190715,QB,TULSA,4,62.5,8,9,16.0,2.73,0,1,10.0,44.4,4,0,2,20.0,11,1,0.79,4,320,72.1,80.6,61.5,78.4,0,0,13,0,45.5,0.0,100.0,0.0,0,2,1,0,2,1,7.7,46,5.1
Jake Merklinger,184888,QB,TENNESSEE,2,87.5,8,9,4.6,2.93,0,0,0.0,66.7,6,0,5,14.3,12,1,-0.04,4,307,69.3,64.9,64.8,60.2,1,0,12,0,50.0,40.0,79.9,16.7,2,1,0,0,0,0,0.0,48,5.3
Cameron Edge,162791,QB,MARYLAND,2,71.4,7,8,6.9,1.78,1,0,0.0,62.5,5,0,1,0.0,8,0,0.59,4,215,64.9,65.3,64.4,,0,0,8,0,62.5,0.0,128.6,0.0,0,0,0,0,1,0,0.0,67,8.4
Lex Thomas,170381,QB,NC STATE,2,62.5,8,8,7.9,2.13,0,0,0.0,62.5,5,0,2,0.0,8,0,-0.22,3,248,67.2,60.7,54.1,64.7,0,1,8,0,37.5,0.0,88.0,0.0,0,0,0,0,1,1,12.5,65,8.1
Harrison Bailey,124266,QB,LOUISVILLE,2,100.0,8,8,1.1,2.19,0,0,0.0,100.0,8,0,2,0.0,8,0,0.27,3,210,68.2,62.7,66.3,60.8,0,0,8,1,50.0,0.0,99.5,0.0,0,0,0,0,0,0,0.0,63,7.9
Ta'Quan Roberson,101625,QB,KANSAS ST,3,57.1,7,7,6.6,2.77,0,0,0.0,42.9,3,0,3,25.0,7,1,-0.8,1,199,67.1,54.4,53.7,58.2,0,0,7,0,14.3,0.0,50.3,0.0,0,0,0,0,0,0,0.0,18,2.6
Ryan Burger,157544,QB,LIBERTY,4,66.7,6,7,6.8,3.06,0,0,0.0,57.1,4,0,1,0.0,8,0,-0.33,2,206,71.0,60.2,59.9,59.2,0,0,8,0,37.5,0.0,78.3,0.0,0,1,0,1,0,0,0.0,48,6.9
Cole Pennington,156787,QB,MARSHALL,2,71.4,7,7,6.6,2.35,0,0,0.0,71.4,5,0,2,0.0,8,0,0.46,3,214,69.1,52.9,48.5,61.4,0,0,10,0,50.0,0.0,135.1,0.0,0,1,0,0,1,1,10.0,57,8.1
John-Keawe Sagapolutele,175709,QB,HAWAII,2,57.1,7,7,11.9,2.29,0,1,14.3,57.1,4,0,2,0.0,8,0,-0.89,2,180,69.8,53.9,45.6,66.1,0,2,8,0,37.5,50.0,35.1,12.5,1,0,0,0,0,1,12.5,42,6.0
Kyle Lowe,156595,QB,GA STATE,2,66.7,6,7,14.2,2.99,0,0,0.0,42.9,3,0,5,25.0,8,1,-0.25,2,175,26.3,60.1,59.5,60.0,0,0,9,0,25.0,20.0,89.9,12.5,1,0,0,1,1,1,11.1,18,2.6
Jalen Macon,153929,QB,N ILLINOIS,1,85.7,7,7,4.7,2.97,0,0,0.0,57.1,4,0,4,33.3,9,2,0.39,5,254,68.3,79.1,75.2,68.3,0,0,9,0,66.7,0.0,79.5,0.0,0,2,0,0,0,0,0.0,50,7.1
Zevi Eckhaus,148535,QB,WASH STATE,1,100.0,7,7,8.4,1.9,0,1,14.3,85.7,6,0,0,14.3,7,1,0.68,3,341,65.9,91.6,91.8,60.0,0,0,7,0,42.9,,142.6,0.0,0,0,0,0,1,0,0.0,61,8.7
Connor Moberly,184835,QB,IOWA STATE,1,85.7,7,7,7.9,2.1,0,0,0.0,71.4,5,0,2,16.7,9,1,0.11,2,193,69.1,78.5,68.2,75.7,0,1,9,0,66.7,50.0,51.2,11.1,1,0,0,0,0,0,0.0,49,7.0
Davis Beville,99588,QB,S CAROLINA,3,85.7,7,7,10.9,3.1,0,0,0.0,71.4,5,0,5,16.7,9,1,-0.09,3,289,69.1,69.3,60.8,69.3,0,0,9,0,44.4,40.0,128.6,22.2,2,0,0,0,1,0,0.0,46,6.6
JD Sherrod,172365,QB,KENT STATE,2,33.3,6,7,15.8,2.5,0,0,0.0,28.6,2,0,5,0.0,9,0,-0.78,1,201,74.6,57.1,32.6,68.3,1,0,9,0,22.2,20.0,39.6,11.1,1,1,0,0,0,1,11.1,18,2.6
Dante Moore,173983,QB,OREGON,3,100.0,7,7,0.4,2.45,0,0,0.0,100.0,7,0,1,0.0,8,0,0.11,4,264,70.5,59.4,58.9,59.3,0,0,10,0,50.0,0.0,95.8,0.0,0,1,0,0,0,0,0.0,49,7.0
Reese Poffenbarger,145346,QB,MIAMI FL,1,85.7,7,7,3.3,2.83,0,0,0.0,85.7,6,0,2,0.0,10,0,-0.39,3,220,20.3,61.2,43.6,74.9,0,0,10,0,40.0,100.0,79.2,20.0,2,1,0,0,0,1,10.0,20,2.9
Aidan Leffler,163088,QB,BALL ST,2,66.7,3,6,10.3,1.93,2,0,0.0,33.3,2,0,2,0.0,6,0,-0.71,0,117,64.2,56.3,55.1,,0,0,6,0,0.0,0.0,42.4,0.0,0,0,0,1,0,0,0.0,6,1.0
Cole Ballard,173062,QB,KANSAS,1,83.3,6,6,7.3,3.07,0,0,0.0,83.3,5,0,0,0.0,7,0,1.1,5,198,70.4,66.7,62.9,64.1,0,0,8,0,85.7,,141.7,0.0,0,1,0,0,1,0,0.0,51,8.5
Tyler Warren,129798,TE,PENN STATE,5,80.0,5,6,-0.6,2.15,0,0,0.0,50.0,3,0,2,25.0,6,1,0.22,2,266,64.0,90.5,57.0,78.5,0,0,6,0,50.0,0.0,107.6,0.0,0,0,0,1,1,0,0.0,35,5.8
Haden Carlson,123620,QB,FIU,1,66.7,6,6,5.0,2.32,0,0,0.0,66.7,4,0,1,0.0,6,0,-0.71,2,166,64.2,27.4,27.6,,0,2,6,0,50.0,0.0,43.8,0.0,0,0,0,0,0,2,33.3,37,6.2
Drew Mestemaker,190616,QB,N TEXAS,3,83.3,6,6,-1.2,3.44,0,0,0.0,66.7,4,0,4,20.0,9,1,0.75,3,251,69.8,70.9,59.8,70.4,0,0,10,0,66.7,25.0,105.6,11.1,1,2,0,0,0,0,0.0,69,11.5
Broc Lowry,173383,QB,W MICHIGAN,5,60.0,5,6,2.6,2.54,1,0,0.0,50.0,3,0,2,0.0,9,0,-0.3,2,347,76.4,77.6,55.5,73.9,0,0,9,0,22.2,50.0,56.3,11.1,1,2,0,0,0,0,0.0,16,2.7
Dylan Lonergan,172386,QB,ALABAMA,2,83.3,6,6,3.0,2.19,0,0,0.0,83.3,5,0,3,0.0,7,0,0.4,2,103,65.9,67.5,60.8,65.4,0,0,7,0,57.1,0.0,82.6,0.0,0,1,0,0,0,0,0.0,23,3.8
Miles O'Neill,191260,QB,TEXAS A&M,1,83.3,6,6,7.5,2.67,0,0,0.0,83.3,5,0,1,0.0,6,0,1.16,4,312,64.2,89.0,88.5,,0,0,6,0,83.3,0.0,141.7,0.0,0,0,0,0,1,0,0.0,51,8.5
Cameron Friel,146195,QB,UNLV,4,100.0,6,6,8.3,2.65,0,0,0.0,83.3,5,0,2,16.7,6,1,0.86,4,325,25.8,63.5,61.2,61.4,0,0,6,0,83.3,0.0,111.1,0.0,0,0,0,0,0,0,0.0,64,10.7
Joshua Wood,163421,QB,FRESNO ST,5,60.0,5,6,8.4,2.31,0,0,0.0,50.0,3,0,1,0.0,7,0,-0.73,2,169,77.5,73.8,48.1,74.1,0,1,7,0,28.6,0.0,18.8,0.0,0,1,0,1,0,1,14.3,21,3.5
Jackson Brousseau,173480,QB,COLO STATE,1,80.0,5,6,2.8,3.11,0,0,0.0,50.0,3,0,2,25.0,7,1,-0.52,2,144,64.6,44.4,46.3,57.3,0,1,7,0,57.1,0.0,16.7,0.0,0,1,0,1,0,1,14.3,15,2.5
Bert Emanuel Jr.,158581,QB,C MICHIGAN,3,66.7,6,6,14.2,3.11,0,2,33.3,66.7,4,0,4,0.0,10,0,0.52,3,134,43.2,65.6,61.7,62.3,0,0,10,0,40.0,50.0,149.3,20.0,2,2,0,0,2,1,10.0,99,16.5
Kiael Kelly,145634,QB,BALL ST,5,75.0,4,5,-0.8,2.57,0,0,0.0,60.0,3,0,2,0.0,6,0,-0.52,0,117,51.9,55.9,49.6,57.4,0,0,6,0,33.3,50.0,64.6,16.7,1,0,0,1,0,0,0.0,13,2.6
Harrison Barker,121479,QB,UAB,3,100.0,5,5,0.2,1.58,0,0,0.0,100.0,5,0,0,0.0,5,0,1.25,4,321,21.1,55.7,64.0,52.9,0,0,6,0,80.0,,153.8,0.0,0,0,0,0,1,0,0.0,57,11.4
Brady Lichtenberg,144226,QB,CINCINNATI,2,60.0,5,5,9.8,3.3,0,0,0.0,60.0,3,0,3,0.0,9,0,-0.52,1,138,22.5,41.8,44.3,51.4,0,0,10,0,33.3,100.0,72.9,33.3,3,1,0,0,0,0,0.0,25,5.0
Trent Pearman,156233,QB,CLEMSON,3,40.0,5,5,6.8,1.76,0,0,0.0,40.0,2,0,2,0.0,5,0,-2.3,0,140,67.9,67.2,57.7,67.9,0,1,5,1,20.0,0.0,8.3,0.0,0,0,0,0,0,0,0.0,8,1.6
Landry Lyddy,156581,QB,UAB,2,60.0,5,5,7.8,2.53,0,0,0.0,20.0,1,0,2,66.7,6,2,-0.31,1,321,64.2,65.6,58.0,64.9,0,0,6,0,16.7,0.0,39.6,0.0,0,1,0,0,0,0,0.0,0,0.0
Donovan Leary,158213,QB,ILLINOIS,2,75.0,4,5,6.3,2.12,0,0,0.0,40.0,2,0,1,33.3,5,1,0.19,2,187,64.2,71.1,70.5,,0,0,6,0,40.0,0.0,59.6,0.0,0,0,0,1,0,0,0.0,29,5.8
Cole Tannenbaum,158746,QB,ARIZONA,2,20.0,5,5,9.2,2.2,0,0,0.0,20.0,1,0,1,0.0,5,0,-1.3,0,109,63.8,43.0,42.4,60.0,0,1,5,0,20.0,0.0,0.0,0.0,0,0,0,0,0,0,0.0,3,0.6
Tucker McDonald,171056,QB,UCONN,2,80.0,5,5,3.0,1.72,0,0,0.0,60.0,3,0,0,25.0,5,1,-1.05,1,146,71.1,63.2,62.2,60.4,0,0,5,0,20.0,,68.8,0.0,0,0,0,0,0,0,0.0,20,4.0
Rickie Collins,172474,QB,LSU,3,100.0,5,5,2.6,2.6,0,0,0.0,100.0,5,0,2,0.0,8,0,0.12,4,211,66.2,65.8,73.0,56.7,0,0,8,0,50.0,0.0,95.8,0.0,0,3,0,0,0,0,0.0,35,7.0
Walker White,184413,QB,AUBURN,1,40.0,5,5,10.0,2.15,0,0,0.0,40.0,2,0,0,0.0,6,0,-0.31,1,115,19.9,31.4,36.2,47.6,0,0,6,0,33.3,,50.4,0.0,0,1,0,0,0,1,16.7,18,3.6
Trey Owens,184514,QB,TEXAS,1,100.0,3,4,4.7,2.1,1,0,0.0,50.0,2,0,1,33.3,5,1,-0.46,1,311,63.8,72.6,78.3,57.3,0,0,5,0,20.0,0.0,63.5,0.0,0,1,0,0,0,0,0.0,19,4.8
KJ Jackson,184386,QB,ARKANSAS,1,100.0,4,4,7.8,3.02,0,0,0.0,100.0,4,0,3,0.0,5,0,0.82,4,111,63.8,82.4,89.5,57.0,0,0,5,0,100.0,0.0,118.8,0.0,0,1,0,0,0,0,0.0,59,14.8
Pierce Clarkson,174699,QB,LOUISVILLE,1,100.0,3,4,0.3,2.96,1,0,0.0,75.0,3,0,4,0.0,5,0,-1.04,0,210,67.9,67.8,59.0,67.0,0,0,5,0,0.0,25.0,77.1,20.0,1,0,0,0,0,0,0.0,11,2.8
Dalvin Smith,98019,WR,W KENTUCKY,3,100.0,4,4,34.0,3.1,0,3,75.0,75.0,3,0,0,25.0,4,1,2.34,3,346,71.7,62.9,97.5,,0,0,4,3,75.0,,156.3,0.0,0,0,0,0,2,0,0.0,107,26.8
Cole Welliver,184039,QB,UCONN,1,75.0,4,4,3.3,2.18,0,0,0.0,50.0,2,0,0,33.3,4,1,-0.74,1,146,63.3,55.2,54.7,,0,0,4,0,25.0,,56.3,0.0,0,0,0,0,0,0,0.0,10,2.5
Jacob Conover,70963,QB,UTAH ST,1,66.7,3,4,-0.7,2.73,1,0,0.0,50.0,2,0,4,0.0,6,0,-0.11,1,329,17.5,32.6,47.1,44.6,0,0,6,0,33.3,25.0,66.7,16.7,1,1,0,0,0,0,0.0,22,5.5
Ryan Staub,171906,QB,COLORADO,3,0.0,3,4,10.3,2.56,0,0,0.0,0.0,0,0,4,,7,0,-1.02,0,143,64.2,33.1,33.9,52.6,1,0,7,0,14.3,25.0,39.6,14.3,1,2,0,0,0,0,0.0,0,0.0
AJ Swann,157186,QB,LSU,2,50.0,4,4,6.8,2.35,0,0,0.0,50.0,2,0,0,0.0,4,0,-0.53,0,211,63.3,40.7,47.6,,0,0,4,1,0.0,,56.3,0.0,0,0,0,0,0,0,0.0,10,2.5
Lucas Scheerhorn,190304,QB,KENNESAW,1,33.3,3,4,6.7,3.1,0,0,0.0,25.0,1,0,1,0.0,4,0,-1.72,0,200,63.3,27.1,27.2,,0,1,4,1,0.0,0.0,0.0,0.0,0,0,0,1,0,1,25.0,1,0.3
Drake Lindsey,184727,QB,MINNESOTA,1,100.0,3,4,10.3,2.8,1,0,0.0,75.0,3,0,0,0.0,5,0,0.87,3,225,63.8,72.0,78.6,57.3,0,0,5,0,80.0,,140.6,0.0,0,1,0,0,1,0,0.0,35,8.8
Trey Goodman,149142,WR,UTEP,2,33.3,3,3,20.3,3.57,0,0,0.0,33.3,1,0,2,0.0,3,0,-1.15,1,330,55.7,62.2,48.9,63.2,0,2,4,2,33.3,0.0,27.8,0.0,0,0,0,0,0,1,25.0,27,9.0
Jaxon Potter,176687,QB,WASH STATE,1,100.0,3,3,7.7,2.07,0,1,25.0,100.0,3,0,0,0.0,3,0,0.4,1,341,66.6,80.9,81.3,60.1,0,0,4,0,66.7,,106.9,0.0,0,0,0,0,0,0,0.0,29,9.7
Stephen Kittleman,126906,QB,TULSA,2,100.0,3,3,9.7,1.7,0,0,0.0,100.0,3,0,0,0.0,3,0,1.17,2,320,66.4,75.5,75.7,62.2,0,0,3,0,66.7,,118.8,0.0,0,0,0,0,0,0,0.0,51,17.0
Jalyn Gramstad,180656,QB,NEBRASKA,1,33.3,3,3,7.7,2.65,0,0,0.0,33.3,1,0,1,0.0,4,0,-0.98,1,238,63.3,47.3,52.0,56.2,0,0,4,0,25.0,0.0,45.1,0.0,0,1,0,0,0,0,0.0,11,3.7
Austin Mack,171934,QB,ALABAMA,1,66.7,3,3,21.3,2.73,0,1,33.3,66.7,2,0,0,0.0,3,0,1.63,2,103,62.7,76.6,76.2,,0,0,3,0,66.7,,149.3,0.0,0,0,0,0,1,0,0.0,39,13.0
Jacobe Robinson,174006,QB,BOSTON COL,1,100.0,3,3,6.3,2.55,0,0,0.0,66.7,2,0,3,33.3,6,1,-0.7,1,121,67.8,65.5,74.1,55.0,0,0,6,0,50.0,66.7,89.6,33.3,2,1,0,0,0,0,0.0,23,7.7
Savion Williams,123101,WR,TCU,3,100.0,3,3,7.0,2.4,0,0,0.0,100.0,3,0,1,0.0,3,0,1.26,2,305,68.4,78.9,70.2,90.5,0,0,3,0,66.7,0.0,136.8,0.0,0,0,0,0,1,0,0.0,22,7.3
Christian Gelov,123074,QB,PURDUE,1,66.7,3,3,14.0,2.57,0,1,33.3,33.3,1,0,1,50.0,3,1,0.17,1,273,64.8,92.0,90.8,61.4,0,0,3,0,33.3,0.0,66.0,0.0,0,0,0,0,0,0,0.0,26,8.7
Kyre Duplessis,147082,WR,COAST CAR,3,33.3,3,3,28.7,3.37,0,0,0.0,0.0,0,0,1,100.0,3,1,-1.88,0,141,67.1,57.3,47.0,59.6,0,1,3,0,0.0,0.0,0.0,0.0,0,0,0,0,0,1,33.3,0,0.0
Navy Shuler,122254,QB,TENNESSEE,1,66.7,3,3,1.0,2.35,0,0,0.0,33.3,1,0,1,50.0,4,1,-0.42,1,307,65.2,55.4,46.3,63.5,0,0,4,0,25.0,100.0,43.8,25.0,1,0,0,0,0,0,0.0,10,3.3
Malachi Fields,151069,WR,VIRGINIA,3,66.7,3,3,24.0,3.07,0,0,0.0,66.7,2,0,1,0.0,3,0,0.66,2,335,28.1,74.2,64.2,,0,0,3,5,66.7,0.0,109.7,0.0,0,0,0,0,0,0,0.0,51,17.0
Nate Johnson,158489,QB,VANDERBILT,3,50.0,2,3,9.5,3.63,0,0,0.0,33.3,1,0,2,0.0,3,0,0.09,1,333,72.8,62.5,35.1,71.8,0,0,4,0,33.3,0.0,46.5,0.0,0,0,0,1,0,1,25.0,12,4.0
Xavier Ward,146492,QB,S JOSE ST,1,66.7,3,3,16.3,2.63,0,0,0.0,33.3,1,0,0,50.0,3,1,-0.63,1,285,62.7,35.0,35.5,,0,1,3,0,33.3,,12.5,0.0,0,0,0,0,0,1,33.3,16,5.3
Joseph Manjack IV,146413,WR,HOUSTON,3,66.7,3,3,3.7,4.0,0,0,0.0,66.7,2,0,1,0.0,3,0,-1.69,1,182,71.2,57.3,29.4,57.7,0,1,3,0,66.7,0.0,58.3,0.0,0,0,0,0,0,1,33.3,29,9.7
Sean Atkins,101127,WR,USF,5,50.0,2,3,13.0,4.5,0,0,0.0,33.3,1,0,2,0.0,4,0,0.42,2,327,44.9,63.5,47.6,64.3,0,0,5,2,50.0,0.0,86.1,0.0,0,1,0,1,1,0,0.0,12,4.0
Keldric Luster,175287,QB,SMU,3,33.3,3,3,23.3,3.62,0,0,0.0,33.3,1,0,3,0.0,6,0,-0.1,2,287,74.0,65.0,48.1,66.0,0,0,7,0,33.3,33.3,42.4,16.7,1,2,0,0,0,1,14.3,0,0.0
Tyler Pastula,142259,P,S DIEGO ST,3,100.0,3,3,3.0,2.1,0,0,0.0,100.0,3,0,0,0.0,3,0,0.29,2,284,65.2,69.3,71.6,60.0,0,0,4,0,66.7,,90.3,0.0,0,0,0,0,0,0,0.0,17,5.7
Michael Johnson Jr.,97796,QB,SYRACUSE,1,66.7,3,3,21.7,3.99,0,1,33.3,66.7,2,0,4,0.0,7,0,-0.43,2,304,64.6,62.7,71.6,52.9,0,0,7,0,28.6,50.0,100.7,28.6,2,2,0,0,0,0,0.0,31,10.3
Trenton Bourguet,97285,QB,ARIZONA ST,1,66.7,3,3,4.3,1.77,0,0,0.0,66.7,2,0,1,0.0,3,0,1.03,2,110,67.7,64.4,62.9,60.8,0,0,3,0,66.7,0.0,149.3,0.0,0,0,0,0,1,0,0.0,71,23.7
Trayvon Rudolph,130577,WR,N ILLINOIS,3,66.7,3,3,20.0,2.4,0,0,0.0,66.7,2,0,0,0.0,3,0,1.61,2,254,76.9,66.7,76.0,69.7,0,0,3,1,66.7,,149.3,0.0,0,0,0,0,1,0,0.0,52,17.3
Landon Parker,88746,WR,TROY,2,33.3,3,3,11.7,3.37,0,0,0.0,33.3,1,0,2,0.0,3,0,0.28,1,318,71.6,64.9,55.4,,0,0,3,4,33.3,0.0,70.1,0.0,0,0,0,0,0,0,0.0,29,9.7
Gerry Bohanon,77636,QB,BYU,1,100.0,3,3,1.3,2.5,0,0,0.0,100.0,3,0,2,0.0,3,0,0.68,2,128,71.7,77.6,73.8,67.0,0,0,3,0,66.7,0.0,104.2,0.0,0,0,0,0,0,0,0.0,27,9.0
Jayden Mandal,173516,QB,FRESNO ST,3,33.3,3,3,9.3,2.58,0,0,0.0,33.3,1,0,2,0.0,4,0,-1.66,1,169,65.5,42.3,32.5,63.6,0,1,5,0,25.0,50.0,2.8,25.0,1,0,0,0,0,1,20.0,8,2.7
Dane Olson,128163,WR,COLO STATE,3,66.7,3,3,7.7,2.97,0,0,0.0,66.7,2,0,0,0.0,3,0,1.02,2,144,69.6,74.0,74.0,63.2,0,0,3,0,66.7,,123.6,0.0,0,0,0,0,1,0,0.0,19,6.3
Champ Long,170197,QB,MARYLAND,1,50.0,2,2,8.0,2.57,0,0,0.0,50.0,1,0,3,0.0,3,0,-0.38,1,215,62.7,47.5,47.2,,0,0,3,0,33.3,33.3,64.6,33.3,1,0,0,0,0,0,0.0,10,5.0
Luke Elzinga,130433,P,OKLAHOMA,2,100.0,2,2,2.0,2.0,0,0,0.0,100.0,2,0,0,0.0,2,0,0.98,1,261,61.8,67.6,71.9,,0,0,2,0,50.0,,118.8,0.0,0,0,0,0,0,0,0.0,38,19.0
Max Cutforth,176220,QB,BOISE ST,1,100.0,2,2,4.5,1.8,0,0,0.0,100.0,2,0,0,0.0,2,0,0.39,1,120,61.8,63.2,62.3,,0,0,2,0,100.0,,93.8,0.0,0,0,0,0,0,0,0.0,13,6.5
Caleb Hood,143964,HB,N CAROLINA,2,50.0,2,2,7.5,1.05,0,0,0.0,50.0,1,0,0,0.0,2,0,-0.64,0,245,71.7,56.4,48.2,54.6,0,0,2,0,0.0,,56.3,0.0,0,0,0,0,0,0,0.0,2,1.0
Walker Howard,157112,QB,OLE MISS,1,50.0,2,2,13.5,1.9,0,0,0.0,0.0,0,0,0,100.0,2,1,-1.9,0,226,61.8,63.3,63.1,,0,0,2,0,0.0,,39.6,0.0,0,0,0,0,0,0,0.0,0,0.0
Noah Smith,104112,WR,SM HOUSTON,2,50.0,2,2,21.0,3.25,0,1,50.0,50.0,1,1,0,0.0,2,0,2.7,1,281,50.5,68.9,73.3,67.4,0,0,2,1,50.0,,135.4,0.0,0,0,0,0,1,0,0.0,64,32.0
Marcus Bellon,104082,WR,NEVADA,2,50.0,2,2,14.0,2.9,0,0,0.0,50.0,1,0,1,0.0,2,0,2.59,1,239,63.1,67.5,62.0,63.5,0,0,2,3,50.0,0.0,135.4,0.0,0,0,0,0,1,0,0.0,44,22.0
Nate Bennett,184815,QB,BAYLOR,2,100.0,1,2,14.0,2.9,0,0,0.0,50.0,1,0,2,0.0,2,0,-0.66,1,118,64.4,72.6,71.9,60.0,1,0,2,0,0.0,0.0,83.3,0.0,0,0,0,0,0,0,0.0,19,9.5
Parker Kingston,163251,WR,BYU,3,50.0,2,2,24.5,2.85,0,1,33.3,50.0,1,0,0,0.0,2,0,1.24,1,128,84.5,69.9,63.8,71.3,0,0,3,0,50.0,,135.4,0.0,0,0,0,0,1,0,0.0,33,16.5
Jordan Napier,175759,WR,S DIEGO ST,2,50.0,2,2,14.0,3.75,0,1,50.0,50.0,1,0,1,0.0,2,0,0.25,1,284,76.3,69.9,72.5,53.3,0,0,2,0,50.0,0.0,135.4,0.0,0,0,0,0,1,0,0.0,27,13.5
Dalen Cobb,158341,WR,GA SOUTHRN,4,0.0,2,2,28.0,4.07,0,0,0.0,0.0,0,1,1,,3,0,-0.7,0,174,28.9,60.4,43.5,48.7,0,0,4,2,0.0,0.0,39.6,0.0,0,1,0,0,0,0,0.0,0,0.0
Coy Eakin,157337,WR,TEXAS TECH,2,100.0,1,2,14.0,3.95,0,0,0.0,50.0,1,1,1,0.0,2,0,1.36,1,315,74.8,60.0,70.7,,0,0,2,3,50.0,0.0,125.0,0.0,0,0,0,1,1,0,0.0,20,10.0
Tetairoa McMillan,158735,WR,ARIZONA,2,100.0,2,2,0.0,6.0,0,0,0.0,50.0,1,0,2,50.0,2,1,0.56,1,109,57.4,84.8,53.2,,0,0,3,0,50.0,0.0,72.9,0.0,0,0,0,0,0,0,0.0,14,7.0
Jacob Knuth,157493,QB,KANSAS ST,2,100.0,2,2,3.5,3.36,0,0,0.0,100.0,2,0,1,0.0,5,0,0.75,1,199,12.1,37.5,62.6,42.0,0,0,5,0,80.0,0.0,104.2,0.0,0,3,0,0,0,1,20.0,18,9.0
Antonio Williams,156241,WR,CLEMSON,2,100.0,2,2,27.0,3.45,0,0,0.0,100.0,2,0,1,0.0,2,0,2.84,2,140,71.9,75.1,89.7,79.3,0,0,2,1,100.0,0.0,158.3,0.0,0,0,0,0,1,0,0.0,62,31.0
Austin Novosad,174133,QB,OREGON,1,100.0,2,2,2.5,2.45,0,0,0.0,100.0,2,0,1,0.0,2,0,-1.28,1,264,66.2,72.8,72.1,60.1,0,0,2,0,50.0,0.0,81.3,0.0,0,0,0,0,0,0,0.0,7,3.5
Hunter Herring,147138,QB,LA MONROE,2,50.0,2,2,22.0,2.6,0,0,0.0,50.0,1,0,1,0.0,2,0,0.37,1,209,75.3,91.1,74.1,82.8,0,0,2,0,50.0,0.0,83.3,0.0,0,0,0,0,0,0,0.0,19,9.5
Nick Nash,98679,WR,S JOSE ST,2,100.0,2,2,20.5,3.35,0,0,0.0,100.0,2,0,0,0.0,2,0,3.12,2,285,29.6,85.0,86.4,42.4,0,0,2,4,100.0,,158.3,0.0,0,0,0,0,2,0,0.0,42,21.0
Shay Smith,188323,QB,UTEP,1,100.0,2,2,0.5,2.3,0,0,0.0,100.0,2,0,1,0.0,3,0,-0.33,1,330,17.9,37.6,60.2,43.5,0,0,3,0,0.0,100.0,95.8,33.3,1,0,0,0,0,0,0.0,14,7.0
Jaylin Noel,125155,WR,IOWA STATE,3,0.0,1,2,37.0,4.0,0,0,0.0,0.0,0,1,2,,3,0,-0.19,1,193,85.0,79.8,55.5,69.0,1,0,3,1,33.3,0.0,39.6,0.0,0,1,0,0,0,0,0.0,0,0.0
Harold Fannin Jr.,163104,TE,BOWL GREEN,2,50.0,2,2,19.5,3.9,0,0,0.0,50.0,1,0,1,0.0,2,0,0.08,1,122,78.1,95.7,69.0,78.4,0,0,2,2,50.0,0.0,62.5,0.0,0,0,0,0,0,0,0.0,9,4.5
Brandon Engel,157926,WR,AIR FORCE,2,100.0,2,2,17.0,4.05,0,0,0.0,100.0,2,0,0,0.0,2,0,3.94,2,101,80.5,60.5,91.7,,0,0,2,1,100.0,,118.8,0.0,0,0,0,0,0,0,0.0,81,40.5
Brayden Roggow,184145,QB,AKRON,1,50.0,2,2,-1.0,2.05,0,0,0.0,50.0,1,0,0,0.0,2,0,-3.66,0,102,61.8,54.8,54.6,,0,1,2,0,50.0,,22.9,0.0,0,0,0,0,0,0,0.0,9,4.5
Chris Parson,172551,QB,MISS STATE,1,0.0,2,2,23.5,1.9,0,0,0.0,0.0,0,0,0,,2,0,-1.14,0,227,72.4,69.0,38.0,74.3,0,0,2,1,0.0,,39.6,0.0,0,0,0,0,0,0,0.0,0,0.0
Eli Stowers,147013,TE,VANDERBILT,2,50.0,2,2,15.5,4.75,0,0,0.0,50.0,1,1,1,0.0,2,0,0.4,1,333,75.2,86.1,68.6,63.2,0,0,2,2,50.0,0.0,118.8,0.0,0,0,0,0,1,0,0.0,17,8.5
Matthew Golden,156165,WR,TEXAS,1,50.0,2,2,32.0,3.1,0,0,0.0,50.0,1,0,0,0.0,2,0,1.18,1,311,75.0,67.1,49.3,,0,0,2,2,50.0,,95.8,0.0,0,0,0,0,0,0,0.0,30,15.0
Anthony Sambucci,130663,WR,W MICHIGAN,2,0.0,2,2,15.5,3.55,0,0,0.0,0.0,0,0,0,,2,0,-0.67,0,347,74.7,73.5,51.3,,0,0,2,0,0.0,,39.6,0.0,0,0,0,0,0,0,0.0,0,0.0
Taylor Tatum,188782,HB,OKLAHOMA,2,100.0,2,2,-6.0,2.65,0,0,0.0,100.0,2,0,0,0.0,2,0,1.16,1,261,22.1,56.2,62.7,58.6,0,0,2,0,50.0,,139.6,0.0,0,0,0,0,1,0,0.0,16,8.0
Holden Geriner,157045,QB,AUBURN,2,100.0,2,2,9.0,2.93,0,0,0.0,100.0,2,0,0,0.0,3,0,-0.58,1,115,64.8,69.0,74.2,57.6,0,0,3,0,33.3,,118.8,0.0,0,1,0,0,0,0,0.0,33,16.5
Ethan Grunkemeyer,183606,QB,PENN STATE,1,100.0,2,2,4.5,1.65,0,0,0.0,50.0,1,0,1,50.0,2,1,-1.18,1,266,61.8,63.8,62.7,,0,1,2,0,50.0,0.0,22.9,0.0,0,0,0,0,0,0,0.0,9,4.5
Daniel Beale,197861,QB,LA LAFAYET,1,50.0,2,2,4.0,1.9,0,0,0.0,50.0,1,0,0,0.0,2,0,-0.94,0,207,61.8,55.6,55.5,,0,0,2,0,50.0,,56.3,0.0,0,0,0,0,0,0,0.0,3,1.5
Micah Ford,188865,HB,STANFORD,2,100.0,2,2,13.5,2.8,0,1,50.0,100.0,2,0,2,0.0,3,0,1.74,2,300,70.1,63.9,90.7,65.5,0,0,3,0,66.7,0.0,150.0,0.0,0,1,0,0,2,0,0.0,21,10.5
Terry Lockett Jr.,129625,WR,E MICHIGAN,3,100.0,1,1,27.0,5.1,0,0,0.0,100.0,1,0,2,0.0,3,0,0.82,1,160,74.2,65.8,74.2,71.8,0,0,3,4,66.7,50.0,158.3,33.3,1,1,0,0,1,0,0.0,22,22.0
Adam Jacklin,176013,P,UTEP,1,0.0,1,1,22.0,2.0,0,0,0.0,0.0,0,0,0,,1,0,-2.71,0,330,60.3,54.9,52.5,,0,0,1,0,0.0,,39.6,0.0,0,0,0,0,0,0,0.0,0,0.0
Jimmy Holiday,124281,WR,LA TECH,2,100.0,1,1,10.0,3.73,0,0,0.0,0.0,0,0,0,100.0,3,1,-0.63,0,208,81.4,68.5,73.1,67.9,0,0,3,1,0.0,,39.6,0.0,0,2,0,0,0,0,0.0,0,0.0
Kai Kroeger,124245,P,S CAROLINA,2,,0,1,,2.2,0,1,50.0,0.0,0,0,1,,1,0,0.0,0,289,64.4,89.2,86.8,63.7,1,0,2,0,0.0,0.0,39.6,0.0,0,0,0,0,0,0,0.0,0,0.0
Mitch Jeter,124242,K,NOTRE DAME,1,,0,1,,6.4,0,0,0.0,0.0,0,0,1,,1,0,-1.94,0,258,60.3,57.6,59.4,,0,0,1,0,0.0,0.0,39.6,0.0,0,0,0,1,0,0,0.0,0,0.0
Alessio Milivojevic,183542,QB,MICH STATE,1,0.0,1,1,11.0,2.8,0,0,0.0,0.0,0,0,0,,1,0,-3.79,0,223,60.3,26.4,26.9,,0,1,1,0,0.0,,0.0,0.0,0,0,0,0,0,1,100.0,0,0.0
Elijah Young,124223,HB,W KENTUCKY,1,0.0,1,1,13.0,2.9,0,0,0.0,0.0,0,0,0,,1,0,-0.67,0,346,83.0,77.0,47.3,77.9,0,0,1,1,0.0,,39.6,0.0,0,0,0,0,0,0,0.0,0,0.0
Taji Hudson,123816,WR,JAMES MAD,1,100.0,1,1,15.0,1.3,0,0,0.0,100.0,1,0,0,0.0,1,0,1.5,1,197,64.6,54.9,73.1,,0,0,1,0,100.0,,118.8,0.0,0,0,0,0,0,0,0.0,23,23.0
Mabrey Mettauer,183668,QB,WISCONSIN,1,100.0,1,1,-2.0,4.45,0,0,0.0,100.0,1,0,1,0.0,2,0,-0.55,0,349,61.8,58.3,60.6,57.8,0,0,2,0,0.0,0.0,79.2,0.0,0,1,0,0,0,0,0.0,2,2.0
Tez Johnson,123709,WR,OREGON,1,0.0,1,1,24.0,3.1,0,0,0.0,0.0,0,0,0,,1,0,-0.68,0,264,68.4,83.2,50.4,,0,0,1,1,0.0,,39.6,0.0,0,0,0,0,0,0,0.0,0,0.0
Kanyon Floyd,183740,P,ARIZONA ST,1,100.0,1,1,4.0,1.7,0,0,0.0,100.0,1,0,0,0.0,1,0,1.56,1,110,60.3,59.2,60.6,,0,0,1,0,100.0,,118.8,0.0,0,0,0,0,0,0,0.0,15,15.0
Evan Prater,123576,WR,CINCINNATI,1,0.0,1,1,33.0,3.6,0,0,0.0,0.0,0,0,0,,1,0,-0.67,0,138,60.3,56.7,58.1,,0,0,1,0,0.0,,39.6,0.0,0,0,0,0,0,0,0.0,0,0.0
Justice Ellison,123383,HB,INDIANA,1,0.0,1,1,17.0,2.6,0,0,0.0,0.0,0,0,1,,1,0,-0.84,0,190,81.4,82.1,34.4,84.5,0,0,1,0,0.0,0.0,39.6,0.0,0,0,0,0,0,1,100.0,0,0.0
Peter Moore,123358,P,VA TECH,1,100.0,1,1,-4.0,1.1,0,0,0.0,100.0,1,0,0,0.0,1,0,-3.59,0,337,60.3,61.1,60.6,,0,0,1,0,0.0,,79.2,0.0,0,0,0,0,0,0,0.0,-1,-1.0
Trebor Pena,123051,WR,SYRACUSE,2,0.0,1,1,-3.0,4.05,0,0,0.0,0.0,0,0,1,,2,0,-1.14,0,304,71.4,77.3,50.8,67.9,0,0,2,2,0.0,100.0,39.6,50.0,1,0,0,0,0,0,0.0,0,0.0
Damien Alford,123029,WR,UTAH,1,0.0,1,1,27.0,3.7,0,0,0.0,0.0,0,0,0,,1,0,-3.19,0,328,60.3,34.6,27.6,,0,1,1,0,0.0,,0.0,0.0,0,0,0,0,0,1,100.0,0,0.0
Brennan Presley,122982,WR,OKLA STATE,1,100.0,1,1,-5.0,2.9,0,0,0.0,100.0,1,0,0,0.0,1,0,2.74,1,262,66.6,74.7,60.6,72.7,0,0,1,1,100.0,,158.3,0.0,0,0,0,0,1,0,0.0,16,16.0
Jalin Conyers,122920,TE,TEXAS TECH,1,100.0,1,1,21.0,2.7,0,1,100.0,100.0,1,0,0,0.0,1,0,3.58,1,315,74.6,77.7,88.1,72.2,0,0,1,2,100.0,,158.3,0.0,0,0,0,0,1,0,0.0,20,20.0
Anthony Smith,122885,WR,E CAROLINA,1,100.0,1,1,33.0,3.6,0,1,100.0,0.0,0,0,0,100.0,1,1,-0.7,0,156,40.7,70.6,87.3,,0,0,1,1,0.0,,39.6,0.0,0,0,0,0,0,0,0.0,0,0.0
Xavier Restrepo,122220,WR,MIAMI FL,1,0.0,1,1,21.0,4.0,0,0,0.0,0.0,0,0,0,,1,0,-0.76,0,220,37.4,81.8,50.8,,0,0,1,1,0.0,,39.6,0.0,0,0,0,0,0,0,0.0,0,0.0
Hinckley Ropati,122076,HB,BYU,1,0.0,1,1,16.0,3.0,0,0,0.0,0.0,0,0,1,,1,0,-4.33,0,128,66.5,62.1,26.8,72.2,0,1,1,2,0.0,0.0,0.0,0.0,0,0,0,0,0,1,100.0,0,0.0
Jaylin Lane,121811,WR,VA TECH,1,100.0,1,1,6.0,2.7,0,0,0.0,100.0,1,0,0,0.0,1,0,2.16,1,337,58.7,71.1,71.7,74.1,0,0,1,0,100.0,,131.3,0.0,0,0,0,0,1,0,0.0,6,6.0
Tyrell Robinson,121607,WR,ARMY,1,0.0,1,1,21.0,3.3,0,0,0.0,0.0,0,0,1,,1,0,-0.82,0,114,77.9,58.5,50.8,58.7,0,0,1,0,0.0,0.0,39.6,0.0,0,0,0,0,0,0,0.0,0,0.0
Kobe Johnson,109089,HB,COLO STATE,1,100.0,1,1,18.0,2.6,0,0,0.0,100.0,1,1,0,0.0,1,0,2.96,1,144,82.1,59.8,72.6,57.2,0,0,1,1,100.0,,158.3,0.0,0,0,0,0,1,0,0.0,23,23.0
Brian Buschini,105308,P,NEBRASKA,1,100.0,1,1,19.0,1.3,0,0,0.0,100.0,1,0,0,0.0,1,0,4.19,1,238,60.3,70.7,75.4,,0,0,1,0,100.0,,118.8,0.0,0,0,0,0,0,0,0.0,30,30.0
Jaden Smith,102637,WR,NEVADA,1,100.0,1,1,11.0,3.5,0,0,0.0,100.0,1,0,0,0.0,1,0,1.12,1,239,75.1,76.9,73.1,,0,0,1,3,100.0,,118.8,0.0,0,0,0,0,0,0,0.0,18,18.0
Dylan Morris,100570,QB,JAMES MAD,1,100.0,1,1,5.0,1.6,0,0,0.0,100.0,1,0,0,0.0,1,0,0.49,1,197,67.5,58.2,56.1,60.0,0,0,1,0,100.0,,91.7,0.0,0,0,0,0,0,0,0.0,6,6.0
Nick Barr-Mira,100480,K,MISS STATE,1,100.0,1,1,3.0,2.6,0,0,0.0,100.0,1,0,0,0.0,1,0,3.41,1,227,60.3,60.7,60.6,,0,0,1,0,100.0,,112.5,0.0,0,0,0,0,0,0,0.0,11,11.0
RJ Harvey,99622,HB,UCF,1,100.0,1,1,14.0,2.4,0,0,0.0,100.0,1,0,0,0.0,1,0,1.41,1,323,80.2,85.1,74.3,89.5,0,0,1,1,100.0,,118.8,0.0,0,0,0,0,0,0,0.0,18,18.0
Trent Whittemore,98811,WR,UCF,1,0.0,1,1,33.0,4.4,0,0,0.0,0.0,0,0,0,,1,0,-0.69,0,323,80.1,55.3,49.9,,0,0,1,0,0.0,,39.6,0.0,0,0,0,0,0,0,0.0,0,0.0
Alberto Mendoza,188673,QB,INDIANA,1,100.0,1,1,-1.0,3.0,0,0,0.0,100.0,1,0,0,0.0,2,0,-1.39,0,190,66.2,52.7,61.0,53.6,0,0,2,0,50.0,,91.7,0.0,0,1,0,0,0,0,0.0,6,6.0
Taylor Morin,97213,WR,WAKE,1,,0,1,,2.8,0,0,0.0,0.0,0,0,1,,1,0,-0.55,0,339,54.0,73.4,60.0,57.6,1,0,1,0,0.0,0.0,39.6,0.0,0,0,0,0,0,0,0.0,0,0.0
Wyatt Young,190632,WR,N TEXAS,1,100.0,1,1,30.0,3.9,0,0,0.0,100.0,1,0,0,0.0,1,0,2.92,1,251,70.7,56.9,75.9,64.0,0,0,1,1,100.0,,118.8,0.0,0,0,0,0,0,0,0.0,31,31.0
Ty Son Lawton,78578,HB,INDIANA,1,0.0,1,1,17.0,2.7,0,0,0.0,0.0,0,0,0,,1,0,-0.58,0,190,90.1,74.9,46.8,77.0,0,0,1,0,0.0,,39.6,0.0,0,0,0,0,0,0,0.0,0,0.0
Nate Rogers,190774,HB,UAB,1,100.0,1,1,-8.0,3.1,0,0,0.0,100.0,1,0,0,0.0,1,0,-1.47,0,321,60.3,61.9,60.4,,0,0,1,0,0.0,,79.2,0.0,0,0,0,0,0,0,0.0,-9,-9.0
Alex Tecza,162587,FB,NAVY,1,100.0,1,1,11.0,2.7,0,0,0.0,100.0,1,0,0,0.0,1,0,0.73,1,237,75.0,78.2,72.6,77.6,0,0,1,0,100.0,,118.8,0.0,0,0,0,0,0,0,0.0,13,13.0
Henry Belin IV,162693,QB,DUKE,1,100.0,1,1,5.0,1.9,0,0,0.0,100.0,1,0,0,0.0,1,0,0.88,1,154,71.9,69.8,56.1,68.5,0,0,1,0,100.0,,95.8,0.0,0,0,0,0,0,0,0.0,7,7.0
Justin Pegues,161679,HB,BOWL GREEN,1,0.0,1,1,17.0,3.3,0,0,0.0,0.0,0,0,1,,1,0,-0.81,0,122,85.1,59.5,47.3,68.9,0,0,1,0,0.0,0.0,39.6,0.0,0,0,0,0,0,0,0.0,0,0.0
Eli Heidenreich,162554,FB,NAVY,1,,0,1,,4.1,0,0,0.0,0.0,0,0,1,,1,0,-0.8,0,237,74.5,91.5,60.0,81.7,0,0,1,2,0.0,0.0,39.6,0.0,0,0,0,1,0,0,0.0,0,0.0
Quinton Jackson,163001,HB,RICE,2,100.0,1,1,0.0,3.4,0,0,0.0,100.0,1,0,1,0.0,2,0,0.4,1,275,83.0,71.5,58.9,77.5,0,0,2,0,50.0,100.0,118.8,50.0,1,0,0,0,0,0,0.0,21,21.0
Iverson Hooks,163020,WR,UAB,1,100.0,1,1,40.0,3.1,0,0,0.0,100.0,1,0,1,0.0,1,0,5.92,1,321,69.5,55.9,75.7,,0,0,1,0,100.0,0.0,118.8,0.0,0,0,0,0,0,0,0.0,71,71.0
Zion Turner,158636,QB,JVILLE ST,1,0.0,1,1,16.0,5.2,0,0,0.0,0.0,0,0,1,,1,0,-0.81,0,196,63.7,45.5,48.5,59.4,0,0,1,0,0.0,0.0,39.6,0.0,0,0,0,0,0,0,0.0,0,0.0
Cam Pickett,163093,WR,BALL ST,1,0.0,1,1,19.0,2.3,0,0,0.0,0.0,0,0,0,,1,0,-5.8,0,117,78.3,64.5,26.8,83.9,0,1,1,1,0.0,,0.0,0.0,0,0,0,0,0,1,100.0,0,0.0
Chrishon McCray,163139,WR,KENT STATE,1,0.0,1,1,37.0,4.3,0,0,0.0,0.0,0,0,1,,1,0,-1.06,0,201,73.9,74.4,50.1,66.0,0,0,1,1,0.0,0.0,39.6,0.0,0,0,0,0,0,0,0.0,0,0.0
Armani Winfield,158574,WR,COLO STATE,1,,0,1,,4.6,0,0,0.0,0.0,0,0,1,,1,0,-2.66,0,144,38.6,66.1,60.0,,0,0,1,2,0.0,0.0,39.6,0.0,0,0,0,1,0,0,0.0,0,0.0
Omari Arnold,158336,HB,GA SOUTHRN,2,100.0,1,1,18.0,4.5,0,0,0.0,100.0,1,0,0,0.0,2,0,1.82,2,174,67.0,78.4,72.6,81.9,0,0,2,0,100.0,,156.3,0.0,0,1,0,0,1,0,0.0,12,12.0
Jason Llewellyn,158096,TE,TEXAS TECH,1,0.0,1,1,5.0,1.3,0,0,0.0,0.0,0,0,0,,1,0,-3.62,0,315,60.3,48.6,44.6,,0,0,1,0,0.0,,39.6,0.0,0,0,0,0,0,0,0.0,0,0.0
Trace Campbell,163649,QB,UAB,1,0.0,1,1,24.0,2.7,0,0,0.0,0.0,0,0,1,,1,0,-0.58,0,321,70.1,68.1,50.4,70.2,0,0,1,0,0.0,0.0,39.6,0.0,0,0,0,0,0,0,0.0,0,0.0
Richie Hoskins,163715,WR,VANDERBILT,1,100.0,1,1,6.0,3.8,0,0,0.0,0.0,0,1,0,100.0,1,1,-0.69,0,333,69.7,56.5,60.9,,0,0,1,1,0.0,,39.6,0.0,0,0,0,0,0,0,0.0,0,0.0
Javon Tracy,158028,WR,MIAMI OH,1,100.0,1,1,35.0,3.4,0,1,100.0,100.0,1,0,0,0.0,1,0,3.65,1,221,73.8,76.1,87.4,,0,0,1,2,100.0,,158.3,0.0,0,0,0,0,1,0,0.0,30,30.0
Brenen Thompson,163865,WR,OKLAHOMA,2,0.0,1,1,19.0,3.1,0,0,0.0,0.0,0,0,0,,1,0,-1.37,0,261,70.1,54.8,46.1,,0,0,2,2,0.0,,39.6,0.0,0,0,0,0,0,0,0.0,0,0.0
Ollie Gordon II,157792,HB,OKLA STATE,2,100.0,1,1,27.0,4.6,0,0,0.0,100.0,1,0,1,0.0,1,0,2.09,1,262,75.8,75.8,74.5,76.9,0,0,2,2,100.0,0.0,118.8,0.0,0,0,0,0,0,0,0.0,27,27.0
Grant Page,157692,WR,UTAH ST,2,100.0,1,1,30.0,4.55,0,1,100.0,100.0,1,0,0,0.0,2,0,1.46,1,329,29.3,58.1,87.3,57.3,0,0,2,0,50.0,,118.8,0.0,0,1,0,0,0,0,0.0,36,36.0
Carson Cruver,169906,QB,FAU,1,100.0,1,1,5.0,1.4,0,0,0.0,100.0,1,0,0,0.0,1,0,0.8,1,165,60.3,73.1,71.8,,0,0,1,0,100.0,,104.2,0.0,0,0,0,0,0,0,0.0,9,9.0
Harris Boyd,169933,QB,MEMPHIS,1,100.0,1,1,4.0,2.1,0,0,0.0,100.0,1,0,0,0.0,1,0,-0.25,1,218,63.7,69.8,60.6,63.2,0,0,1,0,0.0,,118.8,0.0,0,0,0,0,0,0,0.0,14,14.0
David Chapeau,157451,P,C MICHIGAN,1,100.0,1,1,17.0,2.1,0,0,0.0,100.0,1,0,0,0.0,1,0,3.12,1,134,60.3,70.7,75.4,,0,0,1,0,100.0,,118.8,0.0,0,0,0,0,0,0,0.0,23,23.0
KC Concepcion,170362,WR,NC STATE,3,100.0,1,1,22.0,4.57,0,1,100.0,100.0,1,0,1,0.0,3,0,-0.06,1,248,28.1,60.6,85.3,59.1,0,0,3,0,33.3,100.0,118.8,33.3,1,1,0,0,0,0,0.0,28,28.0
Kenyon Clay,156837,HB,SO MISS,1,0.0,1,1,8.0,4.1,0,0,0.0,0.0,0,0,0,,1,0,-0.66,0,296,71.6,76.7,53.3,80.1,0,0,1,0,0.0,,39.6,0.0,0,0,0,0,0,0,0.0,0,0.0
James Wagenseller,171026,P,ARMY,1,100.0,1,1,1.0,2.3,0,0,0.0,100.0,1,0,0,0.0,1,0,-3.3,0,114,60.3,60.8,60.6,,0,0,1,0,0.0,,79.2,0.0,0,0,0,0,0,0,0.0,0,0.0
Shamar Rigby,190922,WR,PURDUE,2,100.0,1,1,8.0,4.95,0,0,0.0,100.0,1,0,1,0.0,2,0,1.05,1,273,68.4,56.6,71.9,57.3,0,0,2,0,100.0,0.0,100.0,0.0,0,1,0,0,0,0,0.0,8,8.0
Kenny Minchey,171091,QB,NOTRE DAME,1,100.0,1,1,-4.0,0.6,0,0,0.0,100.0,1,0,0,0.0,1,0,-0.16,0,258,66.2,67.0,51.8,68.6,0,0,2,0,0.0,,83.3,0.0,0,0,0,0,0,0,0.0,4,4.0
Jaden Smith,150262,WR,UTEP,2,100.0,1,1,6.0,4.4,0,0,0.0,100.0,1,0,1,0.0,2,0,1.28,1,330,70.5,62.6,69.4,,0,0,2,1,50.0,100.0,122.9,50.0,1,0,0,0,1,0,0.0,4,4.0
Braedon Sloan,150238,HB,BALL ST,2,100.0,1,1,19.0,4.3,0,0,0.0,100.0,1,0,1,0.0,2,0,0.9,1,117,90.1,70.8,72.6,71.8,0,0,2,0,50.0,0.0,158.3,0.0,0,1,0,0,1,0,0.0,22,22.0
Bauer Sharp,150160,TE,OKLAHOMA,2,0.0,1,1,16.0,5.35,0,0,0.0,0.0,0,0,2,,2,0,-3.06,0,261,45.2,52.2,26.4,59.6,0,1,2,5,0.0,50.0,0.0,50.0,1,0,0,0,0,1,50.0,0,0.0
William Atkins IV,148354,QB,JAMES MAD,1,0.0,1,1,27.0,2.4,0,0,0.0,0.0,0,0,1,,1,0,-0.77,0,197,65.9,66.5,50.8,68.6,0,0,1,0,0.0,0.0,39.6,0.0,0,0,0,0,0,0,0.0,0,0.0
Connor Stutz,147829,P,UCONN,1,0.0,1,1,-1.0,2.7,0,0,0.0,0.0,0,0,0,,1,0,-2.68,0,146,60.3,60.6,60.6,,0,0,1,0,0.0,,39.6,0.0,0,0,0,0,0,0,0.0,0,0.0
Chase Roberts,147528,WR,BYU,1,0.0,1,1,29.0,2.7,0,0,0.0,0.0,0,0,1,,1,0,-0.82,0,128,75.2,79.6,58.9,55.9,0,0,1,2,0.0,0.0,39.6,0.0,0,0,0,0,0,0,0.0,0,0.0
Davis Sherwood,147493,TE,NOTRE DAME,1,100.0,1,1,-6.0,1.0,0,0,0.0,100.0,1,0,0,0.0,1,0,3.62,1,258,62.4,62.3,60.6,,0,0,1,1,100.0,,118.8,0.0,0,0,0,0,0,0,0.0,14,14.0
Tyler Buchner,147472,WR,NOTRE DAME,1,100.0,1,1,17.0,3.3,0,0,0.0,100.0,1,0,0,0.0,1,0,3.72,1,258,63.7,82.0,75.4,62.7,0,0,1,0,100.0,,118.8,0.0,0,0,0,0,0,0,0.0,23,23.0
Matthew Rhodes,147369,P,ARMY,1,0.0,1,1,36.0,2.8,0,0,0.0,0.0,0,0,0,,1,0,-2.8,0,114,65.9,72.1,52.1,70.3,0,0,1,0,0.0,,39.6,0.0,0,0,0,0,0,0,0.0,0,0.0
Simeon Evans,147304,WR,SM HOUSTON,1,100.0,1,1,-6.0,3.1,0,0,0.0,100.0,1,0,0,0.0,1,0,-0.56,0,281,76.2,72.3,60.4,66.6,0,0,1,2,0.0,,79.2,0.0,0,0,0,0,0,0,0.0,1,1.0
Ja'koby Banks,173037,HB,MEMPHIS,1,0.0,1,1,15.0,3.7,0,0,0.0,0.0,0,0,0,,1,0,-0.95,0,218,71.9,56.1,54.8,58.6,0,0,1,0,0.0,,39.6,0.0,0,0,0,0,0,0,0.0,0,0.0
Wilson Berry,146754,P,KENTUCKY,1,0.0,1,1,4.0,4.7,0,0,0.0,0.0,0,0,0,,1,0,-2.86,0,202,0.0,18.7,35.5,60.0,0,1,1,0,0.0,,0.0,0.0,0,0,0,0,0,1,100.0,0,0.0
Jarquez Hunter,146662,HB,AUBURN,1,0.0,1,1,27.0,3.6,0,0,0.0,0.0,0,0,1,,1,0,-4.02,0,115,66.3,81.5,27.6,86.6,0,1,1,0,0.0,0.0,0.0,0.0,0,0,0,0,0,1,100.0,0,0.0
Kyron Hudson,146411,WR,USC,1,,0,1,,4.7,1,0,0.0,0.0,0,0,0,,1,0,-0.26,0,326,72.8,66.8,60.0,,0,0,1,0,0.0,,39.6,0.0,0,0,0,0,0,0,0.0,0,0.0
Kajiya Hollawayne,146386,WR,TEMPLE,1,100.0,1,1,16.0,3.2,0,0,0.0,100.0,1,1,0,0.0,1,0,1.08,1,306,20.7,51.6,72.6,63.4,0,0,1,1,100.0,,118.8,0.0,0,0,0,0,0,0,0.0,19,19.0
Connor Weselman,146385,P,STANFORD,1,0.0,1,1,-9.0,3.8,0,0,0.0,0.0,0,0,1,,1,0,-2.81,0,300,23.7,39.3,49.2,,0,0,1,0,0.0,0.0,39.6,0.0,0,0,0,0,0,1,100.0,0,0.0
Trent Walker,146340,WR,OREGON ST,2,100.0,1,1,-3.0,4.2,0,0,0.0,0.0,0,0,1,100.0,2,1,-0.46,0,265,81.4,76.1,60.4,58.6,0,0,2,1,0.0,0.0,39.6,0.0,0,1,0,0,0,0,0.0,0,0.0
DJ Herman,146162,LB,S DIEGO ST,1,100.0,1,1,-5.0,0.6,0,0,0.0,100.0,1,0,0,0.0,1,0,2.91,1,284,63.0,60.3,60.6,,0,0,1,1,100.0,,118.8,0.0,0,0,0,0,0,0,0.0,21,21.0
Mitchell Tomasek,145765,P,E MICHIGAN,1,0.0,1,1,6.0,2.0,0,0,0.0,0.0,0,0,0,,1,0,-3.12,0,160,60.3,50.2,45.7,,0,0,1,0,0.0,,39.6,0.0,0,0,0,0,0,0,0.0,0,0.0
Chandler Pittman,145418,WR,SO MISS,1,100.0,1,1,16.0,4.7,0,0,0.0,100.0,1,0,0,0.0,1,0,2.08,1,296,69.0,61.0,72.6,63.2,0,0,1,0,100.0,,118.8,0.0,0,0,0,0,0,0,0.0,25,25.0
Marquis Crosby,145241,HB,LA TECH,1,100.0,1,1,16.0,2.8,0,0,0.0,100.0,1,0,0,0.0,1,0,2.37,1,208,60.2,65.1,73.1,70.8,0,0,1,0,100.0,,158.3,0.0,0,0,0,0,1,0,0.0,19,19.0
Jacob Ulrich,173806,P,KENNESAW,1,100.0,1,1,16.0,2.7,0,0,0.0,100.0,1,0,0,0.0,1,0,4.98,1,200,60.3,70.7,75.4,,0,0,1,0,100.0,,118.8,0.0,0,0,0,0,0,0,0.0,32,32.0
Calvin Johnson II,145043,WR,NWESTERN,1,,0,1,,2.4,1,0,0.0,0.0,0,1,0,,1,0,-0.58,0,256,68.3,50.7,60.0,,0,0,1,2,0.0,,39.6,0.0,0,0,0,0,0,0,0.0,0,0.0
Donovan Edwards,144917,HB,MICHIGAN,1,100.0,1,1,21.0,2.6,0,0,0.0,100.0,1,0,0,0.0,1,0,2.38,1,222,55.3,73.2,76.2,73.2,0,0,1,0,100.0,,158.3,0.0,0,0,0,0,1,0,0.0,23,23.0
Kaedin Robinson,144468,WR,APP STATE,1,0.0,1,1,5.0,4.1,0,0,0.0,0.0,0,0,1,,1,0,-5.81,0,108,58.9,70.0,34.6,,0,1,1,5,0.0,0.0,0.0,0.0,0,0,0,0,0,1,100.0,0,0.0
Semaj Morgan,174043,WR,MICHIGAN,1,0.0,1,1,13.0,4.5,0,0,0.0,0.0,0,0,0,,1,0,-2.86,0,222,81.2,60.3,49.6,60.5,0,0,1,1,0.0,,39.6,0.0,0,0,0,0,0,0,0.0,0,0.0
DeAngelo Irvin Jr.,174074,WR,UNLV,1,100.0,1,1,35.0,3.8,0,0,0.0,100.0,1,0,0,0.0,1,0,3.69,1,325,76.8,53.4,58.0,61.4,0,0,1,0,100.0,,118.8,0.0,0,0,0,0,0,0,0.0,42,42.0
David Amador II,174085,WR,UTSA,2,100.0,1,1,24.0,3.05,0,1,100.0,100.0,1,0,0,0.0,2,0,0.76,1,331,72.2,84.8,85.7,59.6,0,0,2,0,100.0,,118.8,0.0,0,0,0,0,0,0,0.0,27,27.0
Makai Lemon,174150,WR,USC,1,100.0,1,1,22.0,3.6,0,0,0.0,100.0,1,0,0,0.0,1,0,3.27,1,326,76.1,82.2,76.6,,0,0,1,3,100.0,,118.8,0.0,0,0,0,0,0,0,0.0,39,39.0
Mikey Matthews,174168,WR,CAL,1,0.0,1,1,35.0,2.9,0,0,0.0,0.0,0,0,0,,1,0,-1.07,0,130,84.8,64.1,50.1,58.9,0,0,1,3,0.0,,39.6,0.0,0,0,0,0,0,0,0.0,0,0.0
Kai Horton,144418,QB,TULANE,1,100.0,1,1,5.0,1.7,0,0,0.0,100.0,1,0,0,0.0,1,0,0.26,1,319,60.3,56.4,56.1,,0,0,1,0,100.0,,104.2,0.0,0,0,0,0,0,0,0.0,9,9.0
Raylen Sharpe,144255,WR,FRESNO ST,3,100.0,1,1,27.0,6.63,0,1,100.0,100.0,1,0,1,0.0,3,0,0.77,1,169,74.6,72.7,85.3,58.1,0,0,3,0,33.3,100.0,158.3,33.3,1,1,0,0,1,0,0.0,26,26.0
Holman Edwards,144246,QB,HOUSTON,1,0.0,1,1,10.0,2.6,0,0,0.0,0.0,0,0,0,,1,0,-3.28,0,182,60.3,53.0,49.6,,0,0,1,0,0.0,,39.6,0.0,0,0,0,0,0,0,0.0,0,0.0
Carson Hansen,174669,HB,IOWA STATE,1,100.0,1,1,15.0,2.4,0,0,0.0,100.0,1,0,0,0.0,1,0,2.85,1,193,64.7,69.6,74.3,76.4,0,0,1,0,100.0,,118.8,0.0,0,0,0,0,0,0,0.0,26,26.0
Ryan Millmore,174678,P,W MICHIGAN,1,0.0,1,1,18.0,2.3,0,0,0.0,0.0,0,0,0,,1,0,-4.94,0,347,60.3,39.3,36.7,,0,1,1,0,0.0,,0.0,0.0,0,0,0,0,0,1,100.0,0,0.0
Billy Wiles,144144,QB,APP STATE,1,100.0,1,1,-2.0,1.7,0,0,0.0,0.0,0,0,0,100.0,1,1,-4.06,0,108,60.3,62.0,60.4,,0,1,1,0,0.0,,0.0,0.0,0,0,0,0,0,0,0.0,0,0.0
Malachi Thomas,144107,HB,VA TECH,1,,0,1,,3.8,0,0,0.0,0.0,0,0,1,,1,0,-1.88,0,337,81.3,69.6,60.0,78.2,0,0,1,1,0.0,0.0,39.6,0.0,0,0,0,1,0,0,0.0,0,0.0
Caleb Junko,144026,P,PITTSBURGH,1,100.0,1,1,-2.0,2.3,0,0,0.0,100.0,1,0,0,0.0,1,0,-2.36,0,268,60.3,60.6,60.6,,0,0,1,0,0.0,,79.2,0.0,0,0,0,0,0,0,0.0,3,3.0
Luke Hutchison,175242,WR,NAVY,1,100.0,1,1,6.0,3.1,0,0,0.0,0.0,0,0,0,100.0,1,1,-0.85,0,237,66.7,51.4,71.7,57.7,0,0,1,1,0.0,,39.6,0.0,0,0,0,0,0,0,0.0,0,0.0
Elijah Arroyo,143933,TE,MIAMI FL,1,100.0,1,1,4.0,3.2,0,0,0.0,100.0,1,0,1,0.0,1,0,2.31,1,220,72.2,70.9,60.6,,0,0,1,2,100.0,0.0,135.4,0.0,0,0,0,0,1,0,0.0,7,7.0
Suderian Harrison,175436,WR,VIRGINIA,1,100.0,1,1,22.0,4.1,0,0,0.0,100.0,1,0,1,0.0,1,0,2.51,1,335,68.3,59.2,76.2,,0,0,1,0,100.0,0.0,118.8,0.0,0,0,0,0,0,0,0.0,27,27.0
Alec Bevelhimer,130511,K,MIAMI OH,1,0.0,1,1,-8.0,4.3,0,0,0.0,0.0,0,0,1,,1,0,-6.62,0,221,7.8,38.4,42.8,60.0,0,1,1,0,0.0,0.0,0.0,0.0,0,0,0,0,0,1,100.0,0,0.0
Luke Floriea,130491,WR,KENT STATE,2,0.0,1,1,32.0,5.4,0,0,0.0,0.0,0,0,0,,2,0,-1.64,0,201,81.1,70.5,37.0,62.5,0,1,2,1,50.0,,0.0,0.0,0,1,0,0,0,1,50.0,0,0.0
