Id,Position,First Name,Nickname,Last Name,FPPG,Played,Salary,Game,Team,Opponent,Injury Indicator,Injury Details,Tier,,,Roster Position
133865-183495,QB,Arch,Arch Manning,Manning,25.40923133263221,13,12000,TXST@TEX,TEX,TXST,,,,,,QB/Super FLEX
133865-166961,QB,Byrum,Byrum Brown,Brown,34.34333292643229,12,11600,BAY@AUB,AUB,BAY,,,,,,QB/Super FLEX
133865-200748,QB,Julian,Julian Sayin,Sayin,17.95846205491286,13,11200,BALL@OSU,OSU,BALL,,,,,,QB/Super FLEX
133865-193016,QB,Marcel,Marcel Reed,Reed,22.773845966045673,13,11100,MOST@TXAM,TXAM,MOST,,,,,,QB/Super FLEX
133865-200755,WR,Jeremiah,Jeremiah Smith,Smith,18.458333333333332,12,11000,BALL@OSU,OSU,BALL,,,,,,WR/Super FLEX
133865-167601,QB,Conner,Conner Weigman,Weigman,25.67230694110577,13,10800,ORST@HOU,HOU,ORST,,,,,,QB/Super FLEX
133865-223959,QB,Keelon,Keelon Russell,Russell,10.699999809265137,1,10600,ECU@BAMA,BAMA,ECU,,,,,,QB/Super FLEX
133865-166972,QB,Josh,Josh Hoover,Hoover,20.027273004705254,11,10500,NTEX@IND,IND,NTEX,,,,,,QB/Super FLEX
133865-190967,QB,Sam,Sam Leavitt,Leavitt,20.68999989827474,6,10300,CLEM@LSU,LSU,CLEM,,,,,,QB/Super FLEX
133865-225975,QB,Bryce,Bryce Underwood,Underwood,15.640000563401442,13,10200,WMU@MICH,MICH,WMU,,,,,,QB/Super FLEX
133865-190651,QB,Dante,Dante Moore,Moore,18.54666748046875,15,10100,BOIS@ORE,ORE,BOIS,,,,,,QB/Super FLEX
133865-226234,RB,Bo,Bo Jackson,Jackson,13.47499974568685,12,10000,BALL@OSU,OSU,BALL,,Shoulder,,,,RB/Super FLEX
133865-225658,RB,Nate,Nate Sheppard,Sheppard,17.76923076923077,13,9900,TULN@DUKE,DUKE,TULN,,,,,,RB/Super FLEX
133865-184265,RB,Rueben,Rueben Owens II,Owens II,9.450000127156576,12,9800,MOST@TXAM,TXAM,MOST,,,,,,RB/Super FLEX
133865-246111,QB,Marcus,Marcus Stokes,Stokes,21.420000076293945,1,9700,ARKST@MEM,MEM,ARKST,,,,,,QB/Super FLEX
133865-183946,WR,Amare,Amare Thomas,Thomas,15.576923076923077,13,9700,ORST@HOU,HOU,ORST,,,,,,WR/Super FLEX
133865-174889,QB,JC,JC French IV,French IV,19.761666615804035,12,9600,BC@CIN,CIN,BC,,,,,,QB/Super FLEX
133865-175062,RB,Raleek,Raleek Brown,Brown,16.03636308149858,11,9600,TXST@TEX,TEX,TXST,,,,,,RB/Super FLEX
133865-166091,QB,Rocco,Rocco Becht,Becht,17.71272693980824,11,9400,MAR@PSU,PSU,MAR,,,,,,QB/Super FLEX
133865-199526,RB,Daniel,Daniel Hill,Hill,8.845454822887074,11,9400,ECU@BAMA,BAMA,ECU,,,,,,RB/Super FLEX
133865-199814,WR,Ryan,Ryan Wingo,Wingo,12.046154315655048,13,9300,TXST@TEX,TEX,TXST,,,,,,WR/Super FLEX
133865-208020,RB,Jordan,Jordan Marshall,Marshall,15.172726717862217,11,9300,WMU@MICH,MICH,WMU,,,,,,RB/Super FLEX
133865-157370,QB,Walker,Walker Eget,Eget,16.85636346990412,11,9300,TULN@DUKE,DUKE,TULN,,,,,,QB/Super FLEX
133865-199802,QB,Trey,Trey Owens,Owens,,0,9200,ARKST@MEM,ARKST,MEM,,,,,,QB/Super FLEX
133865-183672,RB,Evan,Evan Dickens,Dickens,23.1,10,9200,BC@CIN,BC,CIN,,,,,,RB/Super FLEX
133865-208820,RB,Turbo,Turbo Richard,Richard,16.23999938964844,10,9100,NTEX@IND,IND,NTEX,,,,,,RB/Super FLEX
133865-205930,WR,Ryan,Ryan Coleman-Williams,Coleman-Williams,10.409090909090908,11,8900,ECU@BAMA,BAMA,ECU,,,,,,WR/Super FLEX
133865-226091,RB,Jordon,Jordon Davison,Davison,12.064285278320312,14,8800,BOIS@ORE,ORE,BOIS,,,,,,RB/Super FLEX
133865-242990,QB,Mason,Mason McKenzie,McKenzie,,0,8800,BC@CIN,BC,CIN,,,,,,QB/Super FLEX
133865-192429,WR,Jackson,Jackson Harris,Harris,19.280000305175783,10,8700,CLEM@LSU,LSU,CLEM,,,,,,WR/Super FLEX
133865-192228,WR,Keshaun,Keshaun Singleton,Singleton,13.558333079020182,12,8600,BAY@AUB,AUB,BAY,,,,,,WR/Super FLEX
133865-188162,RB,Carson,Carson Hansen,Hansen,15.480000305175782,10,8600,MAR@PSU,PSU,MAR,,,,,,RB/Super FLEX
133865-167706,QB,Zeon,Zeon Chriss-Gremillion,Chriss-Gremillion,4.304999828338623,4,8600,TULN@DUKE,TULN,DUKE,,,,,,QB/Super FLEX
133865-199552,QB,DJ,DJ Lagway,Lagway,13.005454323508523,11,8500,BAY@AUB,BAY,AUB,,,,,,QB/Super FLEX
133865-177896,WR,Isaiah,Isaiah Horton,Horton,8.938461303710938,13,8500,MOST@TXAM,TXAM,MOST,,,,,,WR/Super FLEX
133865-175113,RB,Makhi,Makhi Hughes,Hughes,2.5999999046325684,4,8400,ORST@HOU,HOU,ORST,,,,,,RB/Super FLEX
133865-202086,QB,Brad,Brad Jackson,Jackson,29.768333435058594,12,8400,TXST@TEX,TXST,TEX,,,,,,QB/Super FLEX
133865-202362,WR,Charlie,Charlie Becker,Becker,9.075000127156576,12,8400,NTEX@IND,IND,NTEX,,,,,,WR/Super FLEX
133865-151710,QB,Carlos,Carlos Del Rio-Wilson,Del Rio-Wilson,22.24727283824574,11,8300,MAR@PSU,MAR,PSU,,,,,,QB/Super FLEX
133865-199628,WR,Cam,Cam Coleman,Coleman,10.545454545454545,11,8300,TXST@TEX,TEX,TXST,,,,,,WR/Super FLEX
133865-187400,RB,Jeremiah,Jeremiah Cobb,Cobb,12.363636363636363,11,8300,BAY@AUB,AUB,BAY,,,,,,RB/Super FLEX
133865-226073,WR,Dakorien,Dakorien Moore,Moore,8.509090770374645,11,8200,BOIS@ORE,ORE,BOIS,,,,,,WR/Super FLEX
133865-183522,QB,Christopher,Christopher Vizzina,Vizzina,6.668000030517578,5,8200,CLEM@LSU,CLEM,LSU,,,,,,QB/Super FLEX
133865-242975,QB,Tait,Tait Reynolds,Reynolds,,0,8200,CLEM@LSU,CLEM,LSU,,,,,,QB/Super FLEX
133865-200812,RB,Dilin,Dilin Jones,Jones,6.942856924874442,7,8100,CLEM@LSU,LSU,CLEM,,,,,,RB/Super FLEX
133865-183661,QB,Broc,Broc Lowry,Lowry,20.03846153846154,13,8100,WMU@MICH,WMU,MICH,,,,,,QB/Super FLEX
133865-176736,RB,Gi'Bran,Gi'Bran Payne,Payne,2.6500000953674316,2,8000,BC@CIN,CIN,BC,,,,,,RB/Super FLEX
133865-158709,WR,Trent,Trent Walker,Walker,12.237999725341798,10,8000,ORST@HOU,HOU,ORST,,,,,,WR/Super FLEX
133865-175578,QB,Maddux,Maddux Madsen,Madsen,16.94727256081321,11,8000,BOIS@ORE,BOIS,ORE,,,,,,QB/Super FLEX
133865-187382,WR,Brandon,Brandon Inniss,Inniss,4.441538590651292,13,7900,BALL@OSU,OSU,BALL,,,,,,WR/Super FLEX
133865-205934,RB,Kevin,Kevin Riley,Riley,5.188888973659939,9,7900,ECU@BAMA,BAMA,ECU,,,,,,RB/Super FLEX
133865-184492,RB,Hollywood,Hollywood Smothers,Smothers,14.483999633789063,10,7800,TXST@TEX,TEX,TXST,,,,,,RB/Super FLEX
133865-242333,QB,Braden,Braden Atkinson,Atkinson,,0,7800,ORST@HOU,ORST,HOU,,,,,,QB/Super FLEX
133865-225987,WR,Andrew,Andrew Marsh,Marsh,9.575000127156576,12,7800,WMU@MICH,MICH,WMU,,,,,,WR/Super FLEX
133865-166794,QB,Maalik,Maalik Murphy,Murphy,10.902222527398003,9,7800,ORST@HOU,ORST,HOU,,,,,,QB/Super FLEX
133865-202359,RB,Khobie,Khobie Martin,Martin,8.045454545454545,11,7700,NTEX@IND,IND,NTEX,,,,,,RB/Super FLEX
133865-223225,WR,JV,JV Gibson,Gibson,3.913333468967014,9,7700,BC@CIN,CIN,BC,,,,,,WR/Super FLEX
133865-230596,RB,Jaylin,Jaylin Carter,Carter,15.699999809265137,1,7600,ARKST@MEM,MEM,ARKST,,,,,,RB/Super FLEX
133865-200557,WR,Nick,Nick Marsh,Marsh,11.066666920979818,12,7600,NTEX@IND,IND,NTEX,,,,,,WR/Super FLEX
133865-199761,RB,Caden,Caden Durham,Durham,7.133333206176758,12,7500,CLEM@LSU,LSU,CLEM,,,,,,RB/Super FLEX
133865-199797,WR,Mario,Mario Craver,Craver,13.183333079020182,12,7500,MOST@TXAM,TXAM,MOST,,,,,,WR/Super FLEX
133865-200102,WR,Bryant,Bryant Wesco Jr.,Wesco Jr.,15.085714067731585,7,7500,CLEM@LSU,CLEM,LSU,,,,,,WR/Super FLEX
133865-207333,RB,Nykahi,Nykahi Davenport,Davenport,10.350909146395596,11,7400,BAY@AUB,AUB,BAY,,,,,,RB/Super FLEX
133865-187072,WR,Chauncy,Chauncy Cobb,Cobb,9.916666666666666,12,7400,ARKST@MEM,ARKST,MEM,,,,,,WR/Super FLEX
133865-173758,WR,Louis,Louis Brown IV,Brown IV,5.633333206176758,3,7400,BAY@AUB,BAY,AUB,,,,,,WR/Super FLEX
133865-171998,QB,Skyler,Skyler Locklear,Locklear,23.102500915527344,8,7400,MOST@TXAM,MOST,TXAM,,,,,,QB/Super FLEX
133865-172687,WR,Chase,Chase Sowell,Sowell,7.8,10,7300,MAR@PSU,PSU,MAR,,,,,,WR/Super FLEX
133865-224096,WR,Winston,Winston Watkins Jr.,Watkins Jr.,5.309091047807173,11,7300,CLEM@LSU,LSU,CLEM,,,,,,WR/Super FLEX
133865-189827,RB,Dawson,Dawson Pendergrass,Pendergrass,,0,7300,BAY@AUB,BAY,AUB,,,,,,RB/Super FLEX
133865-129077,QB,Mitch,Mitch Griffis,Griffis,6.235000133514404,4,7200,ECU@BAMA,ECU,BAMA,,,,,,QB/Super FLEX
133865-168164,WR,Chas,Chas Nimrod,Nimrod,12.683333079020182,6,7200,BAY@AUB,AUB,BAY,,,,,,WR/Super FLEX
133865-224035,RB,Jamarion,Jamarion Morrow,Morrow,4.109090978449041,11,7200,MOST@TXAM,TXAM,MOST,,,,,,RB/Super FLEX
133865-247119,WR,Jared,Jared Richardson,Richardson,,0,7200,TULN@DUKE,DUKE,TULN,,,,,,WR/Super FLEX
133865-191226,WR,Jaedn,Jaedn Skeete,Skeete,11.550000190734863,2,7100,BC@CIN,BC,CIN,,,,,,WR/Super FLEX
133865-199768,TE,Trey'Dez,Trey'Dez Green,Green,12.975000381469727,8,7100,CLEM@LSU,LSU,CLEM,,,,,,WR/Super FLEX
133865-167609,WR,Evan,Evan Stewart,Stewart,,0,7100,BOIS@ORE,ORE,BOIS,,,,,,WR/Super FLEX
133865-190279,RB,Ja'Kobi,Ja'Kobi Jackson,Jackson,3.8999999364217124,3,7100,BALL@OSU,OSU,BALL,,,,,,RB/Super FLEX
133865-168084,QB,Tayven,Tayven Jackson,Jackson,13.403636585582387,11,7000,NTEX@IND,NTEX,IND,,,,,,QB/Super FLEX
133865-183477,WR,Jayce,Jayce Brown,Brown,15.255555894639757,9,7000,CLEM@LSU,LSU,CLEM,,,,,,WR/Super FLEX
133865-191744,WR,Devin,Devin McCuin,McCuin,12.327273282137783,11,7000,BALL@OSU,OSU,BALL,,,,,,WR/Super FLEX
133865-167217,RB,Kenyon,Kenyon Clay,Clay,9.166666666666666,12,7000,ARKST@MEM,ARKST,MEM,,,,,,RB/Super FLEX
133865-177912,RB,Jalen,Jalen Buckley,Buckley,13.215384850135216,13,7000,WMU@MICH,WMU,MICH,,,,,,RB/Super FLEX
133865-190548,RB,Ezell,Ezell Jolly,Jolly,,0,6900,ARKST@MEM,ARKST,MEM,,,,,,RB/Super FLEX
133865-207823,WR,Ashton,Ashton Bethel-Roman,Bethel-Roman,9.030000305175781,10,6900,MOST@TXAM,TXAM,MOST,,,,,,WR/Super FLEX
133865-202087,WR,Beau,Beau Sparks,Sparks,18.581666310628254,12,6900,TXST@TEX,TXST,TEX,,,,,,WR/Super FLEX
133865-204137,RB,Cole,Cole Tabb,Tabb,6.063636086203835,11,6900,BC@CIN,CIN,BC,,,,,,RB/Super FLEX
133865-243731,RB,Savion,Savion Hiter,Hiter,,0,6800,WMU@MICH,MICH,WMU,P,Undisclosed,,,,RB/Super FLEX
133865-225455,RB,Caden,Caden Knighten,Knighten,6.316666920979817,12,6800,BAY@AUB,BAY,AUB,,,,,,RB/Super FLEX
133865-223966,WR,Lotzeir,Lotzeir Brooks,Brooks,6.025000254313151,12,6800,ECU@BAMA,BAMA,ECU,P,Undisclosed,,,,WR/Super FLEX
133865-224105,QB,Karle,Karle Lacey Jr.,Lacey Jr.,0.2800000011920929,1,6800,TXST@TEX,TEX,TXST,,,,,,QB/Super FLEX
133865-226235,QB,Tavien,Tavien St. Clair,St. Clair,,0,6800,BALL@OSU,OSU,BALL,,,,,,QB/Super FLEX
133865-226423,WR,Jeremiah,Jeremiah Koger,Koger,14.077777438693577,9,6800,BAY@AUB,AUB,BAY,,,,,,WR/Super FLEX
133865-190151,WR,Anthony,Anthony Brown-Stephens,Brown-Stephens,6.86923100398137,13,6800,TULN@DUKE,TULN,DUKE,,,,,,WR/Super FLEX
133865-202921,WR,Cade,Cade Wolford,Wolford,9.40999984741211,10,6700,BC@CIN,CIN,BC,,,,,,WR/Super FLEX
133865-202996,WR,Brett,Brett Eskildsen,Eskildsen,8.890000152587891,10,6700,MAR@PSU,PSU,MAR,,,,,,WR/Super FLEX
133865-226087,RB,Dierre,Dierre Hill Jr.,Hill Jr.,8.220000203450521,15,6700,BOIS@ORE,ORE,BOIS,,,,,,RB/Super FLEX
133865-183394,QB,Austin,Austin Mack,Mack,4.973333358764648,3,6700,ECU@BAMA,BAMA,ECU,,,,,,QB/Super FLEX
133865-200111,WR,T.J.,T.J. Moore,Moore,10.346153846153847,13,6700,CLEM@LSU,CLEM,LSU,P,Undisclosed,,,,WR/Super FLEX
133865-200751,RB,James,James Peoples,Peoples,5.136363636363637,11,6600,MAR@PSU,PSU,MAR,,,,,,RB/Super FLEX
133865-201201,RB,Dylan,Dylan Riley,Riley,14.778570992606026,14,6600,BOIS@ORE,BOIS,ORE,,,,,,RB/Super FLEX
133865-191313,QB,Keldric,Keldric Luster,Luster,1.2000000476837158,1,6600,BALL@OSU,BALL,OSU,,,,,,QB/Super FLEX
133865-242531,QB,Keisean,Keisean Henderson,Henderson,,0,6600,ORST@HOU,HOU,ORST,,,,,,QB/Super FLEX
133865-170860,WR,Javen,Javen Nicholas,Nicholas,11.863636363636363,11,6600,TULN@DUKE,DUKE,TULN,,,,,,WR/Super FLEX
133865-172965,WR,Terrell,Terrell Timmons Jr.,Timmons Jr.,3.6500000953674316,2,6600,ARKST@MEM,MEM,ARKST,,,,,,WR/Super FLEX
133865-183876,WR,Noah,Noah Rogers,Rogers,6.1099998474121096,10,6600,ECU@BAMA,BAMA,ECU,O,Leg,,,,WR/Super FLEX
133865-174234,WR,Shazz,Shazz Preston,Preston,8.414285932268415,14,6500,NTEX@IND,IND,NTEX,,,,,,WR/Super FLEX
133865-225902,RB,Gideon,Gideon Davidson,Davidson,3.709090839732777,11,6500,CLEM@LSU,CLEM,LSU,,,,,,RB/Super FLEX
133865-224091,QB,Brady,Brady Hart,Hart,1.690000057220459,2,6500,MOST@TXAM,TXAM,MOST,,,,,,QB/Super FLEX
133865-173412,WR,Iverson,Iverson Hooks,Hooks,14.281667073567709,12,6500,BOIS@ORE,ORE,BOIS,,,,,,WR/Super FLEX
133865-192105,RB,Bryson,Bryson Kuzdzal,Kuzdzal,8.228571210588727,7,6500,WMU@MICH,MICH,WMU,,,,,,RB/Super FLEX
133865-200431,WR,Emmett,Emmett Mosley V,Mosley V,8.088889227973091,9,6500,TXST@TEX,TEX,TXST,,,,,,WR/Super FLEX
133865-200625,QB,Dylan,Dylan Raiola,Raiola,14.811111450195312,9,6500,BOIS@ORE,ORE,BOIS,,,,,,QB/Super FLEX
133865-178359,WR,Jmariyae,Jmariyae Robinson,Robinson,11.436363913796164,11,6400,MOST@TXAM,MOST,TXAM,,,,,,WR/Super FLEX
133865-158202,WR,Ben,Ben Ford,Ford,10.428571428571429,7,6400,BOIS@ORE,BOIS,ORE,,,,,,WR/Super FLEX
133865-232155,QB,Tristan,Tristan Ti'a,Ti'a,11.720000267028809,2,6400,BAY@AUB,AUB,BAY,,,,,,QB/Super FLEX
133865-166759,RB,Jaylin,Jaylin Lucas,Lucas,2.272727272727273,11,6400,TULN@DUKE,TULN,DUKE,,,,,,RB/Super FLEX
133865-230715,QB,Husan,Husan Longstreet,Longstreet,6.429999828338623,4,6400,CLEM@LSU,LSU,CLEM,,,,,,QB/Super FLEX
133865-190124,WR,Eugene,Eugene Wilson III,Wilson III,9.7,5,6400,CLEM@LSU,LSU,CLEM,,,,,,WR/Super FLEX
133865-231282,RB,Omar,Omar Mabson II,Mabson II,3.2166665395100913,6,6400,BAY@AUB,AUB,BAY,,,,,,RB/Super FLEX
133865-176169,RB,Lee,Lee Beebe Jr.,Beebe Jr.,8.700000127156576,3,6300,NTEX@IND,IND,NTEX,,,,,,RB/Super FLEX
133865-188541,RB,Re'Shaun,Re'Shaun Sanford II,Sanford II,,0,6300,ORST@HOU,HOU,ORST,,,,,,RB/Super FLEX
133865-229711,WR,JJ,JJ Buchanan,Buchanan,7.7909088134765625,11,6300,WMU@MICH,MICH,WMU,,,,,,WR/Super FLEX
133865-187009,WR,Hunter,Hunter Summers,Summers,7.508333206176758,12,6300,ARKST@MEM,ARKST,MEM,,,,,,WR/Super FLEX
133865-154845,RB,CJ,CJ Campbell Jr.,Campbell Jr.,5.75,2,6300,TULN@DUKE,DUKE,TULN,,,,,,RB/Super FLEX
133865-200322,WR,Javarius,Javarius Green,Green,2.388888888888889,9,6300,BC@CIN,BC,CIN,,,,,,WR/Super FLEX
133865-190165,RB,Khalifa,Khalifa Keith,Keith,0.5,1,6300,ECU@BAMA,BAMA,ECU,,,,,,RB/Super FLEX
133865-171853,TE,Jeremiah,Jeremiah Hasley,Hasley,8.366666793823242,12,6300,TULN@DUKE,DUKE,TULN,,,,,,WR/Super FLEX
133865-202591,RB,Ashton,Ashton Gray,Gray,7.5444446139865455,9,6300,ECU@BAMA,ECU,BAMA,,,,,,RB/Super FLEX
133865-223187,RB,Harlem,Harlem Berry,Berry,4.9461540809044475,13,6300,CLEM@LSU,LSU,CLEM,,,,,,RB/Super FLEX
133865-241766,RB,Derrek,Derrek Cooper,Cooper,,0,6200,TXST@TEX,TEX,TXST,,,,,,RB/Super FLEX
133865-229521,RB,Jo'Shon,Jo'Shon Barbie,Barbie,6.711111280653212,9,6200,MAR@PSU,MAR,PSU,,,,,,RB/Super FLEX
133865-184517,RB,Bryson,Bryson Washington,Washington,10.925000508626303,12,6200,BAY@AUB,AUB,BAY,,,,,,RB/Super FLEX
133865-225638,QB,Dan,Dan Mahan,Mahan,,0,6200,TULN@DUKE,DUKE,TULN,,,,,,QB/Super FLEX
133865-242043,RB,KJ,KJ Edwards,Edwards,,0,6200,MOST@TXAM,TXAM,MOST,,,,,,RB/Super FLEX
133865-191743,TE,Patrick,Patrick Overmyer,Overmyer,7.025000254313151,12,6200,ORST@HOU,HOU,ORST,,,,,,WR/Super FLEX
133865-206249,RB,Jamauri,Jamauri McClure,McClure,6.630000305175781,10,6200,TULN@DUKE,TULN,DUKE,Q,Foot,,,,RB/Super FLEX
133865-188005,RB,Nolan,Nolan Ray,Ray,3.918181679465554,11,6200,BC@CIN,BC,CIN,,,,,,RB/Super FLEX
133865-188130,WR,Chris,Chris Dawn Jr.,Dawn Jr.,12.908332824707031,12,6200,TXST@TEX,TXST,TEX,,,,,,WR/Super FLEX
133865-243670,WR,Chris,Chris Henry Jr.,Henry Jr.,,0,6200,BALL@OSU,OSU,BALL,,,,,,WR/Super FLEX
133865-192509,WR,Adrian,Adrian Norton,Norton,10.287500381469727,8,6200,MAR@PSU,MAR,PSU,,,,,,WR/Super FLEX
133865-200761,QB,Air,Air Noland,Noland,0.9200000166893005,1,6100,ARKST@MEM,MEM,ARKST,,,,,,QB/Super FLEX
133865-200880,WR,Brady,Brady Kluse,Kluse,2.4000000953674316,1,6100,ARKST@MEM,MEM,ARKST,,,,,,WR/Super FLEX
133865-184507,QB,Kadin,Kadin Semonza,Semonza,,0,6100,TULN@DUKE,TULN,DUKE,,,,,,QB/Super FLEX
133865-201049,RB,Sire,Sire Gaines,Gaines,10.278570992606026,14,6100,BOIS@ORE,BOIS,ORE,,,,,,RB/Super FLEX
133865-184941,QB,Grant,Grant Wilson,Wilson,0.4000000059604645,2,6100,NTEX@IND,IND,NTEX,,,,,,QB/Super FLEX
133865-207521,WR,Dre'lon,Dre'lon Miller,Miller,4.709090839732777,11,6100,BAY@AUB,BAY,AUB,,,,,,WR/Super FLEX
133865-207817,WR,Terry,Terry Bussey,Bussey,2.883333206176758,12,6100,MOST@TXAM,TXAM,MOST,,,,,,WR/Super FLEX
133865-207850,RB,Cornell,Cornell Hatcher Jr.,Hatcher Jr.,5.387499809265137,8,6100,ORST@HOU,ORST,HOU,,,,,,RB/Super FLEX
133865-189486,RB,Ramone,Ramone Green Jr.,Green Jr.,8.966666539510092,12,6100,MOST@TXAM,MOST,TXAM,,,,,,RB/Super FLEX
133865-199885,QB,Nate,Nate Bennett,Bennett,1.3600000143051147,1,6100,BAY@AUB,BAY,AUB,,,,,,QB/Super FLEX
133865-247225,RB,Corey,Corey Reddick,Reddick,,0,6100,ARKST@MEM,ARKST,MEM,,,,,,RB/Super FLEX
133865-188158,TE,Benjamin,Benjamin Brahmer,Brahmer,7.681818181818182,11,6100,MAR@PSU,PSU,MAR,,,,,,WR/Super FLEX
133865-243714,QB,Tommy,Tommy Carr,Carr,,0,6000,WMU@MICH,MICH,WMU,,,,,,QB/Super FLEX
133865-192660,RB,Chris,Chris Johnson Jr.,Johnson Jr.,7.833333333333333,12,6000,CLEM@LSU,CLEM,LSU,,,,,,RB/Super FLEX
133865-174393,WR,Gavin,Gavin Freeman,Freeman,7.98181845925071,11,6000,BAY@AUB,BAY,AUB,,,,,,WR/Super FLEX
133865-166408,RB,Michael,Michael Allen,Allen,10.800000190734863,8,6000,ECU@BAMA,ECU,BAMA,Q,Undisclosed,,,,RB/Super FLEX
133865-186979,WR,Destyn,Destyn Hill,Hill,1.600000023841858,2,6000,TULN@DUKE,TULN,DUKE,,,,,,WR/Super FLEX
133865-226272,RB,Isaiah,Isaiah West,West,3.888888888888889,9,6000,BALL@OSU,OSU,BALL,,,,,,RB/Super FLEX
133865-202159,WR,Jeremiah,Jeremiah McClellan,McClellan,6.621428353445871,14,6000,BOIS@ORE,ORE,BOIS,,,,,,WR/Super FLEX
133865-183826,TE,Jamari,Jamari Johnson,Johnson,6.214285714285714,14,6000,BOIS@ORE,ORE,BOIS,,,,,,WR/Super FLEX
133865-241603,WR,Cederian,Cederian Morgan,Morgan,,0,6000,ECU@BAMA,BAMA,ECU,,,,,,WR/Super FLEX
133865-241757,QB,Dia,Dia Bell,Bell,,0,5900,TXST@TEX,TEX,TXST,,,,,,QB/Super FLEX
133865-241774,WR,Jermaine,Jermaine Bishop Jr.,Bishop Jr.,,0,5900,TXST@TEX,TEX,TXST,,,,,,WR/Super FLEX
133865-225421,RB,Zion,Zion Johnson,Johnson,6.366666793823242,3,5900,BC@CIN,CIN,BC,,,,,,RB/Super FLEX
133865-184510,RB,TJ,TJ Horton,Horton,4.333333333333333,9,5900,BALL@OSU,BALL,OSU,,,,,,RB/Super FLEX
133865-229682,WR,Karon,Karon Brookins,Brookins,,0,5900,MAR@PSU,PSU,MAR,,,,,,WR/Super FLEX
133865-223936,WR,Derek,Derek Meadows,Meadows,,0,5900,ECU@BAMA,BAMA,ECU,,,,,,WR/Super FLEX
133865-166985,WR,Brock,Brock Spalding,Spalding,6.825000127156575,12,5900,ECU@BAMA,ECU,BAMA,,,,,,WR/Super FLEX
133865-183464,RB,Jahiem,Jahiem White,White,10.800000190734863,1,5900,NTEX@IND,NTEX,IND,P,Knee,,,,RB/Super FLEX
133865-246998,RB,TJ,TJ Lester,Lester,,0,5900,MAR@PSU,MAR,PSU,,,,,,RB/Super FLEX
133865-204286,WR,Donovan,Donovan Hamilton,Hamilton,5.633333206176758,6,5900,BALL@OSU,BALL,OSU,,,,,,WR/Super FLEX
133865-188195,TE,Mason,Mason Williams,Williams,4.816666603088379,12,5900,BALL@OSU,OSU,BALL,,,,,,WR/Super FLEX
133865-241598,RB,EJ,EJ Crowell,Crowell,,0,5900,ECU@BAMA,BAMA,ECU,P,Ankle,,,,RB/Super FLEX
133865-202742,WR,Koby,Koby Young,Young,3.6999999455043246,7,5900,ORST@HOU,HOU,ORST,,,,,,WR/Super FLEX
133865-241848,WR,DeShawn,DeShawn Spencer,Spencer,,0,5800,BAY@AUB,AUB,BAY,,,,,,WR/Super FLEX
133865-201208,WR,Cam,Cam Bates,Bates,5.666666666666667,12,5800,BOIS@ORE,BOIS,ORE,,,,,,WR/Super FLEX
133865-174627,QB,Drew,Drew Dickey,Dickey,8.420000076293945,1,5800,ARKST@MEM,ARKST,MEM,,,,,,QB/Super FLEX
133865-203320,RB,DJ,DJ Butler,Butler,3.6272728659889917,11,5800,ORST@HOU,HOU,ORST,,,,,,RB/Super FLEX
133865-166586,WR,Tyler,Tyler Morris,Morris,,0,5800,NTEX@IND,IND,NTEX,,,,,,WR/Super FLEX
133865-170830,RB,Maurice,Maurice Turner,Turner,1.9428571973528181,7,5800,TULN@DUKE,TULN,DUKE,,,,,,RB/Super FLEX
133865-207845,WR,Eddie,Eddie Freauff,Freauff,4.316666603088379,6,5800,ORST@HOU,ORST,HOU,,,,,,WR/Super FLEX
133865-183445,RB,Manny,Manny Covey,Covey,5.300000190734863,1,5800,ARKST@MEM,MEM,ARKST,,,,,,RB/Super FLEX
133865-195772,WR,Tyler,Tyler Brown,Brown,4.320000076293946,10,5800,CLEM@LSU,CLEM,LSU,,,,,,WR/Super FLEX
133865-175304,RB,Torrance,Torrance Burgess Jr.,Burgess Jr.,1.566666603088379,3,5800,TXST@TEX,TXST,TEX,,,,,,RB/Super FLEX
133865-183874,QB,Emory,Emory Williams,Williams,2.0350000858306885,4,5800,ECU@BAMA,ECU,BAMA,,,,,,QB/Super FLEX
133865-188296,WR,Corri,Corri Milliner,Milliner,12.819999694824219,5,5800,NTEX@IND,NTEX,IND,,,,,,WR/Super FLEX
133865-176047,TE,Houston,Houston Thomas,Thomas,5.418181679465554,11,5800,MOST@TXAM,TXAM,MOST,,,,,,WR/Super FLEX
133865-241595,QB,Jett,Jett Thomalla,Thomalla,,0,5800,ECU@BAMA,BAMA,ECU,,,,,,QB/Super FLEX
133865-231395,WR,Tre',Tre' Brown,Brown,9.15000025431315,12,5800,CLEM@LSU,LSU,CLEM,,,,,,WR/Super FLEX
133865-208864,RB,Rod,Rod Gainey Jr.,Gainey Jr.,2.6799999237060548,10,5800,CLEM@LSU,LSU,CLEM,,,,,,RB/Super FLEX
133865-243729,WR,Salesi,Salesi Moa,Moa,,0,5700,WMU@MICH,MICH,WMU,,,,,,WR/Super FLEX
133865-200911,TE,Jonathan,Jonathan Echols,Echols,4.771428789411273,7,5700,BAY@AUB,AUB,BAY,Q,Undisclosed,,,,WR/Super FLEX
133865-225899,WR,Lebron,Lebron Bond,Bond,1.4800000190734863,5,5700,NTEX@IND,IND,NTEX,,,,,,WR/Super FLEX
133865-225929,RB,Sean,Sean Cuono,Cuono,1.7000000476837158,1,5700,NTEX@IND,IND,NTEX,,,,,,RB/Super FLEX
133865-246414,QB,Gavin,Gavin Owens,Owens,,0,5700,ARKST@MEM,MEM,ARKST,,,,,,QB/Super FLEX
133865-174822,RB,Jaylen,Jaylen Jenkins,Jenkins,3.4200000762939453,10,5700,TXST@TEX,TXST,TEX,,,,,,RB/Super FLEX
133865-230467,WR,Aveion,Aveion Chenault,Chenault,3.933333396911621,12,5700,WMU@MICH,WMU,MICH,,,,,,WR/Super FLEX
133865-205937,WR,Rico,Rico Scott,Scott,5.1400001525878904,5,5700,ECU@BAMA,BAMA,ECU,,,,,,WR/Super FLEX
133865-242928,WR,Reed,Reed Swanson,Swanson,,0,5700,BC@CIN,BC,CIN,,,,,,WR/Super FLEX
133865-202296,TE,Hunter,Hunter Tipton,Tipton,10.600000381469727,1,5700,ARKST@MEM,MEM,ARKST,,,,,,WR/Super FLEX
133865-167632,WR,Jayden,Jayden McGowan,McGowan,1.2000000476837158,1,5700,BAY@AUB,BAY,AUB,,,,,,WR/Super FLEX
133865-231141,WR,Jaivon,Jaivon Solomon,Solomon,,0,5700,TULN@DUKE,DUKE,TULN,,,,,,WR/Super FLEX
133865-169760,QB,Justyn,Justyn Martin,Martin,0.20000000298023224,1,5700,BALL@OSU,OSU,BALL,,,,,,QB/Super FLEX
133865-243572,WR,Brock,Brock Boyd,Boyd,,0,5700,BALL@OSU,OSU,BALL,,,,,,WR/Super FLEX
133865-241599,RB,Trae'shawn,Trae'shawn Brown,Brown,,0,5700,ECU@BAMA,BAMA,ECU,,,,,,RB/Super FLEX
133865-229359,WR,De'Andre,De'Andre Tamarez,Tamarez,6.354545593261719,11,5700,MAR@PSU,MAR,PSU,,,,,,WR/Super FLEX
133865-190449,QB,Max,Max Cutforth,Cutforth,5.117777930365668,9,5700,BOIS@ORE,BOIS,ORE,,,,,,QB/Super FLEX
133865-200697,RB,Quinton,Quinton Martin Jr.,Martin Jr.,5.099999904632568,2,5700,MAR@PSU,PSU,MAR,,,,,,RB/Super FLEX
133865-174222,WR,Tychaun,Tychaun Chapman,Chapman,2.4000000953674316,1,5600,ARKST@MEM,MEM,ARKST,,,,,,WR/Super FLEX
133865-241909,QB,Helaman,Helaman Casuga,Casuga,,0,5600,MOST@TXAM,TXAM,MOST,,,,,,QB/Super FLEX
133865-241933,RB,Carsyn,Carsyn Baker,Baker,,0,5600,MOST@TXAM,TXAM,MOST,,,,,,RB/Super FLEX
133865-231793,WR,Christian,Christian Neptune,Neptune,6.605999755859375,10,5600,BAY@AUB,AUB,BAY,,,,,,WR/Super FLEX
133865-242038,WR,Aaron,Aaron Gregory,Gregory,,0,5600,MOST@TXAM,TXAM,MOST,,,,,,WR/Super FLEX
133865-231800,RB,Michael,Michael Turner,Turner,6.442856924874442,7,5600,BAY@AUB,BAY,AUB,,,,,,RB/Super FLEX
133865-223905,QB,Grayson,Grayson Wilson,Wilson,,0,5600,BC@CIN,BC,CIN,,,,,,QB/Super FLEX
133865-170750,RB,Zylan,Zylan Perry,Perry,11.254545731977982,11,5600,BC@CIN,CIN,BC,,,,,,RB/Super FLEX
133865-187140,WR,Jabari,Jabari Smith Jr.,Smith Jr.,5.262499809265137,8,5600,BALL@OSU,BALL,OSU,,,,,,WR/Super FLEX
133865-226111,QB,Chaston,Chaston Ditta,Ditta,3.9533332188924155,3,5600,NTEX@IND,NTEX,IND,,,,,,QB/Super FLEX
133865-224083,WR,Kaliq,Kaliq Lockett,Lockett,4.399999936421712,3,5600,TXST@TEX,TEX,TXST,,,,,,WR/Super FLEX
133865-242536,QB,Liam,Liam O'Brien,O'Brien,,0,5600,BC@CIN,CIN,BC,,,,,,QB/Super FLEX
133865-175093,TE,Michael,Michael Masunas,Masunas,5.070000076293946,10,5600,TXST@TEX,TEX,TXST,,,,,,WR/Super FLEX
133865-183329,WR,Kyle,Kyle Parker,Parker,7.25,10,5600,BALL@OSU,OSU,BALL,Q,Undisclosed,,,,WR/Super FLEX
133865-230527,TE,Kaleb,Kaleb Edwards,Edwards,2.875,8,5600,ECU@BAMA,BAMA,ECU,,,,,,WR/Super FLEX
133865-171231,TE,Toby,Toby Payne,Payne,6.7909088134765625,11,5600,MAR@PSU,MAR,PSU,,,,,,WR/Super FLEX
133865-206259,WR,Zycarl,Zycarl Lewis Jr.,Lewis Jr.,4.384615384615385,13,5600,TULN@DUKE,TULN,DUKE,,,,,,WR/Super FLEX
133865-157201,RB,Simeon,Simeon Price,Price,7.324999809265137,4,5600,BOIS@ORE,ORE,BOIS,,,,,,RB/Super FLEX
133865-192326,WR,Harvey,Harvey Broussard III,Broussard III,3.8500000635782876,6,5600,ORST@HOU,HOU,ORST,,,,,,WR/Super FLEX
133865-229296,WR,Isaiah,Isaiah Johnson,Johnson,3.9625000953674316,8,5600,BC@CIN,CIN,BC,,,,,,WR/Super FLEX
133865-245824,WR,Messiah,Messiah Hampton,Hampton,,0,5500,BOIS@ORE,ORE,BOIS,,,,,,WR/Super FLEX
133865-206954,TE,Malachi,Malachi Thomas,Thomas,4.188888973659939,9,5500,CLEM@LSU,LSU,CLEM,,,,,,WR/Super FLEX
133865-174297,RB,Colin,Colin Page,Page,,0,5500,NTEX@IND,NTEX,IND,,,,,,RB/Super FLEX
133865-225502,QB,Alex,Alex Manske,Manske,0.3499999940395355,2,5500,MAR@PSU,PSU,MAR,,,,,,QB/Super FLEX
133865-188664,WR,Landon,Landon Sides,Sides,5.223077040452224,13,5500,ECU@BAMA,ECU,BAMA,D,Hamstring,,,,WR/Super FLEX
133865-151912,TE,Ty,Ty Thompson,Thompson,,0,5500,TULN@DUKE,TULN,DUKE,,,,,,WR/Super FLEX
133865-191080,WR,Baylin,Baylin Brooks,Brooks,3.875,12,5500,WMU@MICH,WMU,MICH,,,,,,WR/Super FLEX
133865-226025,WR,Tristan,Tristan Smith,Smith,4.655555725097656,9,5500,CLEM@LSU,CLEM,LSU,,,,,,WR/Super FLEX
133865-224079,RB,Michael,Michael Terry III,Terry III,0,1,5500,TXST@TEX,TEX,TXST,,,,,,RB/Super FLEX
133865-205695,RB,Devin,Devin Spencer,Spencer,7.391666412353516,12,5500,ARKST@MEM,ARKST,MEM,O,Knee,,,,RB/Super FLEX
133865-171089,RB,Tae,Tae Meadows,Meadows,8.099999861283736,11,5500,BAY@AUB,AUB,BAY,Q,Undisclosed,,,,RB/Super FLEX
133865-167023,QB,Brayden,Brayden Fowler-Nicolosi,Fowler-Nicolosi,8.873333613077799,3,5500,WMU@MICH,MICH,WMU,,,,,,QB/Super FLEX
133865-187536,RB,Johnny,Johnny Thompson Jr.,Thompson Jr.,1.7999999523162842,2,5500,BALL@OSU,BALL,OSU,,,,,,RB/Super FLEX
133865-199905,WR,Jadon,Jadon Porter,Porter,3.8,5,5500,BAY@AUB,BAY,AUB,,,,,,WR/Super FLEX
133865-200549,TE,Hogan,Hogan Hansen,Hansen,5.199999809265137,2,5500,WMU@MICH,MICH,WMU,,,,,,WR/Super FLEX
133865-174089,RB,Dallan,Dallan Hayden,Hayden,0.699999988079071,1,5400,ARKST@MEM,MEM,ARKST,,,,,,RB/Super FLEX
133865-229502,QB,Chris,Chris Jimerson Jr.,Jimerson Jr.,2.2950000762939453,4,5400,NTEX@IND,NTEX,IND,,,,,,QB/Super FLEX
133865-229695,RB,Ofa,Ofa Mataele,Mataele,2.85,10,5400,WMU@MICH,WMU,MICH,,,,,,RB/Super FLEX
133865-229725,WR,Jaylen,Jaylen Bonelli,Bonelli,4.550000190734863,8,5400,ARKST@MEM,ARKST,MEM,,,,,,WR/Super FLEX
133865-225712,TE,Brock,Brock Schott,Schott,3.4000000953674316,1,5400,NTEX@IND,IND,NTEX,Q,Shoulder,,,,WR/Super FLEX
133865-225863,QB,Luke,Luke Carney,Carney,0.9266666571299235,3,5400,ORST@HOU,HOU,ORST,,,,,,QB/Super FLEX
133865-172639,TE,Arlis,Arlis Boardingham,Boardingham,,0,5400,BAY@AUB,AUB,BAY,,,,,,WR/Super FLEX
133865-187040,RB,Cam,Cam Wallace,Wallace,1.7999999523162842,2,5400,MAR@PSU,PSU,MAR,,,,,,RB/Super FLEX
133865-183528,RB,Jay,Jay Haynes,Haynes,,0,5400,CLEM@LSU,CLEM,LSU,Q,Undisclosed,,,,RB/Super FLEX
133865-247085,RB,Wilhelm,Wilhelm Daal II,Daal II,,0,5400,TULN@DUKE,DUKE,TULN,,,,,,RB/Super FLEX
133865-200069,TE,Christian,Christian Bentancur,Bentancur,5.5,9,5400,CLEM@LSU,CLEM,LSU,,,,,,WR/Super FLEX
133865-200081,WR,Stonka,Stonka Burnside,Burnside,11.300000190734863,1,5400,ARKST@MEM,MEM,ARKST,,,,,,WR/Super FLEX
133865-177635,QB,Zion,Zion Turner,Turner,5.810000101725261,6,5400,MAR@PSU,MAR,PSU,,,,,,QB/Super FLEX
133865-188251,QB,Tyler,Tyler Mizzell,Mizzell,,0,5400,BALL@OSU,BALL,OSU,,,,,,QB/Super FLEX
133865-243598,RB,Legend,Legend Bey,Bey,,0,5400,BALL@OSU,OSU,BALL,,,,,,RB/Super FLEX
133865-243654,WR,Travis,Travis Johnson,Johnson,,0,5400,WMU@MICH,MICH,WMU,,,,,,WR/Super FLEX
133865-184521,TE,Matthew,Matthew Klopfenstein,Klopfenstein,4.324999809265137,4,5300,BAY@AUB,BAY,AUB,,,,,,WR/Super FLEX
133865-229638,RB,Jalen,Jalen Bonds,Bonds,6.633333206176758,3,5300,BALL@OSU,BALL,OSU,,,,,,RB/Super FLEX
133865-190782,WR,Malik,Malik Elzy,Elzy,2.7999998728434243,3,5300,CLEM@LSU,LSU,CLEM,,,,,,WR/Super FLEX
133865-151976,QB,Ari,Ari Patu,Patu,,0,5300,TULN@DUKE,DUKE,TULN,,,,,,QB/Super FLEX
133865-203330,TE,Jeron,Jeron Askren,Askren,6.3900001525878904,10,5300,MOST@TXAM,MOST,TXAM,,,,,,WR/Super FLEX
133865-225898,WR,Dawson,Dawson Pough,Pough,2.5166667302449546,6,5300,BC@CIN,BC,CIN,,,,,,WR/Super FLEX
133865-226005,RB,Donovan,Donovan Johnson,Johnson,,0,5300,WMU@MICH,MICH,WMU,Q,Undisclosed,,,,RB/Super FLEX
133865-189154,RB,AJ,AJ Newberry,Newberry,2.2555554707845054,9,5300,ORST@HOU,ORST,HOU,,,,,,RB/Super FLEX
133865-224064,RB,James,James Simon,Simon,4.600000063578288,3,5300,TXST@TEX,TEX,TXST,,,,,,RB/Super FLEX
133865-224074,WR,Kelshaun,Kelshaun Johnson,Johnson,1.566666603088379,3,5300,MOST@TXAM,TXAM,MOST,,,,,,WR/Super FLEX
133865-185180,QB,Ethan,Ethan Crawford,Crawford,0.4000000059604645,1,5300,ARKST@MEM,ARKST,MEM,,,,,,QB/Super FLEX
133865-252811,RB,J'Alan,J'Alan Terry,Terry,,0,5300,ECU@BAMA,BAMA,ECU,,,,,,RB/Super FLEX
133865-226288,WR,Phillip,Phillip Bell,Bell,,0,5300,BALL@OSU,OSU,BALL,,,,,,WR/Super FLEX
133865-199845,WR,Zechariah,Zechariah Sample,Sample,0,4,5300,TXST@TEX,TXST,TEX,,,,,,WR/Super FLEX
133865-199946,QB,Samaj,Samaj Jones,Jones,12.460000038146973,1,5300,BC@CIN,CIN,BC,,,,,,QB/Super FLEX
133865-199948,TE,Gavin,Gavin Grover,Grover,2.6000000635782876,3,5300,BC@CIN,CIN,BC,,,,,,WR/Super FLEX
133865-200016,TE,Josh,Josh Ford,Ford,4,3,5300,ECU@BAMA,BAMA,ECU,,,,,,WR/Super FLEX
133865-230950,WR,Jaquise,Jaquise Martin,Martin,1.566666603088379,6,5300,ORST@HOU,HOU,ORST,,,,,,WR/Super FLEX
133865-171858,QB,Henry,Henry Belin IV,Belin IV,1.2450000047683716,4,5300,MOST@TXAM,MOST,TXAM,,,,,,QB/Super FLEX
133865-200639,QB,Tyler,Tyler Cherry,Cherry,,0,5300,NTEX@IND,IND,NTEX,,,,,,QB/Super FLEX
133865-241764,WR,Darren,Darren Morris,Morris,,0,5200,BOIS@ORE,BOIS,ORE,,,,,,WR/Super FLEX
133865-166102,WR,Mekhi,Mekhi Miller,Miller,4.5,2,5200,MOST@TXAM,MOST,TXAM,,,,,,WR/Super FLEX
133865-188631,TE,Richie,Richie Anderson III,Anderson III,5.740000152587891,10,5200,MOST@TXAM,TXAM,MOST,,,,,,WR/Super FLEX
133865-241946,WR,Madden,Madden Williams,Williams,,0,5200,MOST@TXAM,TXAM,MOST,,,,,,WR/Super FLEX
133865-225581,QB,Shaker,Shaker Reisig,Reisig,2.5799999237060547,3,5200,TXST@TEX,TXST,TEX,,,,,,QB/Super FLEX
133865-231819,RB,Mekhi,Mekhi Dodd,Dodd,1,2,5200,BC@CIN,BC,CIN,,,,,,RB/Super FLEX
133865-246254,QB,Trace,Trace Johnson,Johnson,,0,5200,TULN@DUKE,TULN,DUKE,,,,,,QB/Super FLEX
133865-225914,WR,Davion,Davion Chandler,Chandler,13,1,5200,NTEX@IND,IND,NTEX,,,,,,WR/Super FLEX
133865-242331,QB,Isaiah,Isaiah Arriaza,Arriaza,,0,5200,ORST@HOU,ORST,HOU,,,,,,QB/Super FLEX
133865-242334,WR,Adonis,Adonis McDaniel,McDaniel,,0,5200,ORST@HOU,ORST,HOU,Q,Undisclosed,,,,WR/Super FLEX
133865-242413,WR,Larenzo,Larenzo Fenner,Fenner,,0,5200,BC@CIN,CIN,BC,,,,,,WR/Super FLEX
133865-152326,TE,Josh,Josh Burrell,Burrell,5.900000095367432,1,5200,ARKST@MEM,ARKST,MEM,,,,,,WR/Super FLEX
133865-226056,QB,Akili,Akili Smith Jr.,Smith Jr.,,0,5200,BOIS@ORE,ORE,BOIS,,,,,,QB/Super FLEX
133865-170864,QB,MJ,MJ Morris,Morris,6.789999961853027,2,5200,TXST@TEX,TEX,TXST,,,,,,QB/Super FLEX
133865-179142,WR,MJ,MJ Chirgwin,Chirgwin,8.5,1,5200,ECU@BAMA,BAMA,ECU,,,,,,WR/Super FLEX
133865-226283,WR,Koby,Koby Howard,Howard,3.3599998474121096,5,5200,MAR@PSU,PSU,MAR,,,,,,WR/Super FLEX
133865-226416,QB,Locklan,Locklan Hewlett,Hewlett,3.049999952316284,2,5200,BAY@AUB,AUB,BAY,,,,,,QB/Super FLEX
133865-226481,TE,Andrew,Andrew Olesh,Olesh,,0,5200,BOIS@ORE,ORE,BOIS,,,,,,WR/Super FLEX
133865-226549,WR,Jemyri,Jemyri Davis,Davis,7.699999809265137,1,5200,ARKST@MEM,MEM,ARKST,,,,,,WR/Super FLEX
133865-242943,QB,Brock,Brock Bradley,Bradley,,0,5200,CLEM@LSU,CLEM,LSU,,,,,,QB/Super FLEX
133865-171300,TE,Gabe,Gabe Burkle,Burkle,4.349999904632568,8,5200,MAR@PSU,PSU,MAR,D,Knee,,,,WR/Super FLEX
133865-200235,WR,Jayden,Jayden Moore,Moore,1,4,5200,TULN@DUKE,DUKE,TULN,,,,,,WR/Super FLEX
133865-206490,QB,Khalil,Khalil Wilkins,Wilkins,8.519999694824218,5,5200,MAR@PSU,MAR,PSU,,,,,,QB/Super FLEX
133865-200421,RB,Juelz,Juelz Goff,Goff,6.025000254313151,12,5200,BOIS@ORE,BOIS,ORE,,,,,,RB/Super FLEX
133865-200476,QB,Trey,Trey Petty,Petty,,0,5200,WMU@MICH,WMU,MICH,,,,,,QB/Super FLEX
133865-190440,RB,Breezy,Breezy Dubar,Dubar,0.6000000238418579,2,5200,MOST@TXAM,MOST,TXAM,,,,,,RB/Super FLEX
133865-202749,RB,JayShon,JayShon Ridgle,Ridgle,,0,5200,ORST@HOU,HOU,ORST,,,,,,RB/Super FLEX
133865-174137,WR,CJ,CJ Nelson,Nelson,,0,5100,BALL@OSU,BALL,OSU,,,,,,WR/Super FLEX
133865-241734,WR,Brian,Brian Williams Jr.,Williams Jr.,,0,5100,BAY@AUB,AUB,BAY,,,,,,WR/Super FLEX
133865-243847,QB,Mason,Mason Atkins,Atkins,,0,5100,BALL@OSU,BALL,OSU,,,,,,QB/Super FLEX
133865-231641,WR,Gabe,Gabe Daniels,Daniels,,0,5100,TULN@DUKE,TULN,DUKE,,,,,,WR/Super FLEX
133865-151952,WR,Makai,Makai Cope,Cope,3.6900001525878907,10,5100,MOST@TXAM,MOST,TXAM,,,,,,WR/Super FLEX
133865-170656,TE,Max,Max Reese,Reese,,0,5100,NTEX@IND,NTEX,IND,,,,,,WR/Super FLEX
133865-232142,RB,Anthony,Anthony Rogers,Rogers,,0,5100,BALL@OSU,OSU,BALL,,,,,,RB/Super FLEX
133865-183263,TE,Tony,Tony Livingston,Livingston,3.2571427481515065,7,5100,BAY@AUB,BAY,AUB,P,Knee,,,,WR/Super FLEX
133865-166900,TE,Bennett,Bennett Christian,Christian,3.1666666666666665,3,5100,BALL@OSU,OSU,BALL,,,,,,WR/Super FLEX
133865-199855,RB,Josh,Josh Joyner,Joyner,,0,5100,MOST@TXAM,MOST,TXAM,,,,,,RB/Super FLEX
133865-242939,RB,CJ,CJ Givers,Givers,,0,5100,TULN@DUKE,DUKE,TULN,,,,,,RB/Super FLEX
133865-242941,WR,Naeem,Naeem Burroughs,Burroughs,,0,5100,CLEM@LSU,CLEM,LSU,,,,,,WR/Super FLEX
133865-202089,WR,Kylen,Kylen Evans,Evans,3.9666665395100913,6,5100,TXST@TEX,TXST,TEX,,,,,,WR/Super FLEX
133865-200106,RB,David,David Eziomume,Eziomume,1.5199999809265137,5,5100,CLEM@LSU,CLEM,LSU,,,,,,RB/Super FLEX
133865-189947,WR,Ryan,Ryan Niblett,Niblett,1.6538461538461537,13,5100,TXST@TEX,TEX,TXST,,,,,,WR/Super FLEX
133865-167544,WR,Xayvion,Xayvion Turner-Bradshaw,Turner-Bradshaw,0.7833333015441895,12,5100,MAR@PSU,MAR,PSU,,,,,,WR/Super FLEX
133865-190220,RB,Judah,Judah Price,Price,1.7000000476837158,2,5100,MAR@PSU,MAR,PSU,,,,,,RB/Super FLEX
133865-229302,WR,Quinton,Quinton Brown,Brown,5.8,5,5100,BOIS@ORE,BOIS,ORE,,,,,,WR/Super FLEX
133865-190448,TE,Matt,Matt Wagner,Wagner,3.238461421086238,13,5100,BOIS@ORE,BOIS,ORE,,,,,,WR/Super FLEX
133865-243722,TE,Trevor,Trevor Gibbs,Gibbs,,0,5000,NTEX@IND,IND,NTEX,,,,,,WR/Super FLEX
133865-200875,RB,TJ,TJ Engleman Jr.,Engleman Jr.,4.737500190734863,8,5000,ECU@BAMA,ECU,BAMA,,,,,,RB/Super FLEX
133865-246106,WR,James,James Tyre,Tyre,,0,5000,NTEX@IND,NTEX,IND,,,,,,WR/Super FLEX
133865-158433,RB,Josh,Josh Hough,Hough,,0,5000,BC@CIN,CIN,BC,,,,,,RB/Super FLEX
133865-242455,WR,Malachi,Malachi Henry,Henry,,0,5000,BC@CIN,CIN,BC,,,,,,WR/Super FLEX
133865-242483,TE,Eric,Eric Olsen,Olsen,,0,5000,ORST@HOU,ORST,HOU,,,,,,WR/Super FLEX
133865-226259,WR,De'Zie,De'Zie Jones,Jones,,0,5000,BALL@OSU,OSU,BALL,,,,,,WR/Super FLEX
133865-175129,WR,Garrett,Garrett Mmahat,Mmahat,3.4799999237060546,5,5000,TULN@DUKE,TULN,DUKE,,,,,,WR/Super FLEX
133865-207914,RB,Stacy,Stacy Gage,Gage,4.433333396911621,3,5000,CLEM@LSU,LSU,CLEM,,,,,,RB/Super FLEX
133865-243029,QB,Femi,Femi Babalola,Babalola,,0,5000,BC@CIN,BC,CIN,,,,,,QB/Super FLEX
133865-230784,QB,Brady,Brady Jones,Jones,1.4800000190734863,4,5000,ORST@HOU,ORST,HOU,,,,,,QB/Super FLEX
133865-183742,TE,Zack,Zack Marshall,Marshall,4.237500190734863,8,5000,WMU@MICH,MICH,WMU,,,,,,WR/Super FLEX
133865-247238,RB,Solomon,Solomon Baggett,Baggett,,0,5000,ARKST@MEM,ARKST,MEM,,,,,,RB/Super FLEX
133865-204340,WR,Emazon,Emazon Littlejohn,Littlejohn,,0,5000,WMU@MICH,WMU,MICH,,,,,,WR/Super FLEX
133865-184057,WR,Karson,Karson Boschma,Boschma,6.550000190734863,2,5000,ORST@HOU,ORST,HOU,,,,,,WR/Super FLEX
133865-241602,TE,Mack,Mack Sutter,Sutter,,0,5000,ECU@BAMA,BAMA,ECU,,,,,,WR/Super FLEX
133865-243696,QB,Luke,Luke Fahey,Fahey,,0,5000,BALL@OSU,OSU,BALL,,,,,,QB/Super FLEX
133865-129089,TE,Hunter,Hunter Welcing,Welcing,4.109090978449041,11,4900,BALL@OSU,OSU,BALL,,,,,,WR/Super FLEX
133865-241755,WR,Jabari,Jabari Mack,Mack,,0,4900,CLEM@LSU,LSU,CLEM,,,,,,WR/Super FLEX
133865-191068,TE,Adam,Adam Parks,Parks,1.2000000476837158,1,4900,WMU@MICH,WMU,MICH,,,,,,WR/Super FLEX
133865-201334,RB,Johnnie,Johnnie Daniels,Daniels,3.0999999046325684,2,4900,TULN@DUKE,TULN,DUKE,,,,,,RB/Super FLEX
133865-242431,RB,Ryelan,Ryelan Morris,Morris,,0,4900,BAY@AUB,BAY,AUB,,,,,,RB/Super FLEX
133865-187138,TE,Zeke,Zeke Moore,Moore,0.5666666825612386,3,4900,BC@CIN,BC,CIN,,,,,,WR/Super FLEX
133865-158524,WR,Jonah,Jonah Burton,Burton,6.5,1,4900,TULN@DUKE,DUKE,TULN,,,,,,WR/Super FLEX
133865-170819,TE,Nate,Nate Kurisky,Kurisky,3.7700000762939454,10,4900,TULN@DUKE,DUKE,TULN,,,,,,WR/Super FLEX
133865-224088,WR,Daylan,Daylan McCutcheon,McCutcheon,1.816666603088379,6,4900,TXST@TEX,TEX,TXST,O,Illness,,,,WR/Super FLEX
133865-207741,RB,Da'Jaun,Da'Jaun Riggs,Riggs,1.7200000762939454,5,4900,BOIS@ORE,ORE,BOIS,,,,,,RB/Super FLEX
133865-205927,RB,Fredrick,Fredrick Moore,Moore,,0,4900,ECU@BAMA,BAMA,ECU,,,,,,RB/Super FLEX
133865-208013,WR,Channing,Channing Goodwin,Goodwin,2.3111110263400607,9,4900,WMU@MICH,MICH,WMU,,,,,,WR/Super FLEX
133865-226471,WR,Lyrick,Lyrick Samuel,Samuel,,0,4900,MAR@PSU,PSU,MAR,,,,,,WR/Super FLEX
133865-183542,TE,Olsen,Olsen Patt-Henry,Patt-Henry,2.288888931274414,9,4900,CLEM@LSU,CLEM,LSU,,,,,,WR/Super FLEX
133865-242986,RB,Jayvian,Jayvian Tanelus,Tanelus,,0,4900,TULN@DUKE,DUKE,TULN,,,,,,RB/Super FLEX
133865-191852,WR,Ja'Keith,Ja'Keith Hamilton,Hamilton,3.4000000953674316,1,4900,ECU@BAMA,ECU,BAMA,Q,Undisclosed,,,,WR/Super FLEX
133865-200076,WR,Josiah,Josiah Martin,Martin,,0,4900,NTEX@IND,NTEX,IND,,,,,,WR/Super FLEX
133865-183796,TE,Ismael,Ismael Smith Flores,Smith Flores,,0,4900,ECU@BAMA,ECU,BAMA,,,,,,WR/Super FLEX
133865-128947,TE,Blake,Blake Smith,Smith,2.5,7,4900,TXST@TEX,TXST,TEX,,,,,,WR/Super FLEX
133865-112589,WR,Alante,Alante Brown,Brown,0,1,4900,ARKST@MEM,MEM,ARKST,,,,,,WR/Super FLEX
133865-243695,WR,Kortez,Kortez Rupert,Rupert,,0,4900,NTEX@IND,IND,NTEX,,,,,,WR/Super FLEX
133865-202754,TE,Traville,Traville Frederick Jr.,Frederick Jr.,7.300000190734863,1,4800,ORST@HOU,HOU,ORST,,,,,,WR/Super FLEX
133865-155665,RB,AJ,AJ Green Jr.,Green Jr.,,0,4800,WMU@MICH,WMU,MICH,,,,,,RB/Super FLEX
133865-231590,TE,Nick,Nick Townsend,Townsend,1.9249999523162842,4,4800,TXST@TEX,TEX,TXST,,,,,,WR/Super FLEX
133865-184519,TE,Hawkins,Hawkins Polley,Polley,,0,4800,BAY@AUB,BAY,AUB,,,,,,WR/Super FLEX
133865-225632,WR,VJ,VJ Wilkins,Wilkins,2.433333396911621,3,4800,BC@CIN,BC,CIN,,,,,,WR/Super FLEX
133865-231818,RB,Bo,Bo MacCormack III,MacCormack III,1.4500000476837158,4,4800,BC@CIN,BC,CIN,,,,,,RB/Super FLEX
133865-201109,WR,Nana,Nana Burris,Burris,1.7999999523162842,2,4800,ARKST@MEM,ARKST,MEM,,,,,,WR/Super FLEX
133865-229897,RB,Anthony,Anthony Quinn Jr.,Quinn Jr.,,0,4800,MAR@PSU,MAR,PSU,,,,,,RB/Super FLEX
133865-172652,QB,Connor,Connor Barry,Barry,,0,4800,MAR@PSU,PSU,MAR,,,,,,QB/Super FLEX
133865-170624,WR,Tyler,Tyler Johnson,Johnson,1.5199999809265137,5,4800,ECU@BAMA,ECU,BAMA,,,,,,WR/Super FLEX
133865-232153,RB,Kourdey,Kourdey Glass,Glass,1.350000023841858,2,4800,ORST@HOU,ORST,HOU,,,,,,RB/Super FLEX
133865-201496,WR,Isaiah,Isaiah Myers,Myers,,0,4800,MOST@TXAM,MOST,TXAM,Q,Undisclosed,,,,WR/Super FLEX
133865-224057,WR,TK,TK Norman,Norman,3.299999952316284,2,4800,MOST@TXAM,TXAM,MOST,,,,,,WR/Super FLEX
133865-160603,WR,Sterling,Sterling Berkhalter,Berkhalter,4.94545468417081,11,4800,TXST@TEX,TEX,TXST,,,,,,WR/Super FLEX
133865-250759,RB,Amar'e,Amar'e Glover,Glover,,0,4800,MAR@PSU,PSU,MAR,,,,,,RB/Super FLEX
133865-205737,WR,Terence,Terence Marshall,Marshall,3.299999952316284,1,4800,WMU@MICH,WMU,MICH,,,,,,WR/Super FLEX
133865-183365,TE,Jaden,Jaden Hamm,Hamm,0,1,4800,ARKST@MEM,ARKST,MEM,,,,,,WR/Super FLEX
133865-199811,WR,Aaron,Aaron Butler,Butler,2.200000047683716,1,4800,ORST@HOU,ORST,HOU,,,,,,WR/Super FLEX
133865-183541,WR,Misun,Misun Kelley,Kelley,,0,4800,CLEM@LSU,CLEM,LSU,,,,,,WR/Super FLEX
133865-189826,QB,Cade,Cade Tessier,Tessier,,0,4800,BAY@AUB,BAY,AUB,,,,,,QB/Super FLEX
133865-202148,WR,Jack,Jack Ressler,Ressler,,0,4800,BOIS@ORE,ORE,BOIS,,,,,,WR/Super FLEX
133865-243120,WR,Akeem,Akeem Wright,Wright,,0,4800,BOIS@ORE,BOIS,ORE,,,,,,WR/Super FLEX
133865-183840,WR,Christian,Christian Hamilton,Hamilton,3.5,1,4800,MAR@PSU,MAR,PSU,,,,,,WR/Super FLEX
133865-167602,TE,Jake,Jake Johnson,Johnson,4.8799999237060545,5,4800,BAY@AUB,AUB,BAY,,,,,,WR/Super FLEX
133865-231261,WR,Tucker,Tucker Cusano,Cusano,,0,4800,TXST@TEX,TXST,TEX,,,,,,WR/Super FLEX
133865-241616,WR,Maurice,Maurice Mathis Jr.,Mathis Jr.,,0,4800,ECU@BAMA,BAMA,ECU,,,,,,WR/Super FLEX
133865-243669,RB,Favour,Favour Akih,Akih,,0,4800,BALL@OSU,OSU,BALL,,,,,,RB/Super FLEX
133865-229536,RB,DeDe,DeDe Murray,Murray,,0,4700,MOST@TXAM,TXAM,MOST,,,,,,RB/Super FLEX
133865-190671,TE,Tracy,Tracy Stephens,Stephens,8.800000190734863,1,4700,MAR@PSU,MAR,PSU,,,,,,WR/Super FLEX
133865-203162,RB,Nick,Nick Osho,Osho,0.20000000298023224,1,4700,NTEX@IND,NTEX,IND,,,,,,RB/Super FLEX
133865-231847,WR,Muizz,Muizz Tounkara,Tounkara,1.2999999523162842,1,4700,ORST@HOU,HOU,ORST,D,Foot,,,,WR/Super FLEX
133865-207400,WR,Roman,Roman Mothershed,Mothershed,4.275000095367432,8,4700,CLEM@LSU,LSU,CLEM,,,,,,WR/Super FLEX
133865-246411,RB,Jordan,Jordan Thompson,Thompson,,0,4700,ARKST@MEM,MEM,ARKST,,,,,,RB/Super FLEX
133865-187045,TE,Andrew,Andrew Rappleyea,Rappleyea,6.342857360839844,7,4700,MAR@PSU,PSU,MAR,Q,Undisclosed,,,,WR/Super FLEX
133865-225998,TE,Blake,Blake Thiry,Thiry,,0,4700,NTEX@IND,IND,NTEX,,,,,,WR/Super FLEX
133865-224110,WR,Jaime,Jaime Ffrench,Ffrench,1.100000023841858,1,4700,WMU@MICH,MICH,WMU,,,,,,WR/Super FLEX
133865-201646,WR,Bredell,Bredell Richardson,Richardson,0,1,4700,TULN@DUKE,TULN,DUKE,,,,,,WR/Super FLEX
133865-207848,WR,Malachi,Malachi Durant,Durant,3.3999999364217124,3,4700,ORST@HOU,ORST,HOU,,,,,,WR/Super FLEX
133865-226665,RB,King,King Davis,Davis,0.4000000059604645,1,4700,MOST@TXAM,MOST,TXAM,,,,,,RB/Super FLEX
133865-189999,RB,Elijah,Elijah Jackson,Jackson,1.9666666984558105,3,4700,BALL@OSU,BALL,OSU,,,,,,RB/Super FLEX
133865-171687,TE,Kanen,Kanen Hamlett,Hamlett,4.3714286259242465,7,4700,ECU@BAMA,ECU,BAMA,,,,,,WR/Super FLEX
133865-251904,WR,Aubrey,Aubrey Walker,Walker,,0,4600,ECU@BAMA,BAMA,ECU,,,,,,WR/Super FLEX
133865-241754,WR,Brady,Brady Marchese,Marchese,,0,4600,BAY@AUB,AUB,BAY,,,,,,WR/Super FLEX
133865-225470,WR,Giyahni,Giyahni Kontosis,Kontosis,,0,4600,BC@CIN,CIN,BC,,,,,,WR/Super FLEX
133865-250289,WR,Kordell,Kordell Gouldsby,Gouldsby,,0,4600,WMU@MICH,WMU,MICH,,,,,,WR/Super FLEX
133865-229808,WR,Jermane,Jermane Hayes,Hayes,3.700000047683716,1,4600,ARKST@MEM,MEM,ARKST,,,,,,WR/Super FLEX
133865-225906,TE,Logan,Logan Brooking,Brooking,6.900000095367432,1,4600,CLEM@LSU,CLEM,LSU,,,,,,WR/Super FLEX
133865-223904,TE,Marshall,Marshall Pritchett,Pritchett,1.9500000476837158,2,4600,ECU@BAMA,BAMA,ECU,,,,,,WR/Super FLEX
133865-187055,TE,Tyler,Tyler Little,Little,12.800000190734863,1,4600,ARKST@MEM,ARKST,MEM,Q,Undisclosed,,,,WR/Super FLEX
133865-248510,RB,John,John Hebert,Hebert,,0,4600,ORST@HOU,HOU,ORST,,,,,,RB/Super FLEX
133865-187413,TE,Luke,Luke McGary,McGary,1.399999976158142,2,4600,ORST@HOU,HOU,ORST,D,Shoulder,,,,WR/Super FLEX
133865-208014,RB,Micah,Micah Ka'apana,Ka'apana,1.6999999682108562,3,4600,WMU@MICH,MICH,WMU,O,Undisclosed,,,,RB/Super FLEX
133865-242952,WR,Kavon,Kavon Conciauro,Conciauro,,0,4600,TULN@DUKE,DUKE,TULN,,,,,,WR/Super FLEX
133865-177483,TE,DeCorion,DeCorion Temple,Temple,4.685714176722935,7,4600,ORST@HOU,ORST,HOU,,,,,,WR/Super FLEX
133865-230737,TE,Tate,Tate Hoover,Hoover,1.399999976158142,1,4600,BALL@OSU,BALL,OSU,,,,,,WR/Super FLEX
133865-189794,WR,Jaquaize,Jaquaize Pettaway,Pettaway,1.125,8,4600,ECU@BAMA,ECU,BAMA,,,,,,WR/Super FLEX
133865-204563,RB,Taji,Taji Atkins,Atkins,,0,4600,TXST@TEX,TXST,TEX,,,,,,RB/Super FLEX
133865-190240,WR,Isaiah,Isaiah Thacker,Thacker,3.2000001271565757,3,4600,BALL@OSU,BALL,OSU,,,,,,WR/Super FLEX
133865-182110,WR,Dalton,Dalton Carnes,Carnes,1.7333332697550456,6,4600,NTEX@IND,NTEX,IND,,,,,,WR/Super FLEX
133865-202598,WR,Baron,Baron Tipton,Tipton,-1,2,4600,NTEX@IND,NTEX,IND,,,,,,WR/Super FLEX
133865-245671,WR,Keith,Keith Jones Jr.,Jones Jr.,,0,4600,MAR@PSU,PSU,MAR,,,,,,WR/Super FLEX
133865-190406,WR,Chris,Chris Culliver,Culliver,4.125,4,4600,MAR@PSU,MAR,PSU,,,,,,WR/Super FLEX
133865-245765,RB,Tradarian,Tradarian Ball,Ball,,0,4500,BOIS@ORE,ORE,BOIS,,,,,,RB/Super FLEX
133865-241737,WR,Corey,Corey Barber Jr.,Barber Jr.,,0,4500,CLEM@LSU,LSU,CLEM,,,,,,WR/Super FLEX
133865-225425,WR,Jacorey,Jacorey Watson,Watson,1.600000023841858,1,4500,BAY@AUB,BAY,AUB,,,,,,WR/Super FLEX
133865-225477,TE,DaMari,DaMari Witherspoon,Witherspoon,,0,4500,BC@CIN,CIN,BC,,,,,,WR/Super FLEX
133865-174337,WR,David,David Adolph,Adolph,3.299999952316284,1,4500,BALL@OSU,OSU,BALL,,,,,,WR/Super FLEX
133865-207669,TE,Dawson,Dawson Johnson,Johnson,3.116666793823242,6,4500,TULN@DUKE,TULN,DUKE,,,,,,WR/Super FLEX
133865-224053,RB,Brendon,Brendon Haygood,Haygood,1.2000000476837158,1,4500,NTEX@IND,NTEX,IND,,,,,,RB/Super FLEX
133865-252812,RB,TC,TC Washington,Washington,,0,4500,ECU@BAMA,BAMA,ECU,,,,,,RB/Super FLEX
133865-203818,WR,Clark,Clark Sanderson,Sanderson,2.5,2,4500,CLEM@LSU,CLEM,LSU,,,,,,WR/Super FLEX
133865-183460,TE,TJ,TJ Johnson,Johnson,7.199999809265137,1,4500,ARKST@MEM,MEM,ARKST,,,,,,WR/Super FLEX
133865-200039,WR,Tyson,Tyson Turner,Turner,,0,4500,ORST@HOU,HOU,ORST,,,,,,WR/Super FLEX
133865-230864,RB,DJ,DJ Dugar,Dugar,0,2,4500,TULN@DUKE,TULN,DUKE,,,,,,RB/Super FLEX
133865-183994,WR,Justin,Justin Stevenson,Stevenson,,0,4500,NTEX@IND,NTEX,IND,,,,,,WR/Super FLEX
133865-245669,WR,Amarion,Amarion Jackson,Jackson,,0,4500,MAR@PSU,PSU,MAR,,,,,,WR/Super FLEX
133865-223167,TE,Cameron,Cameron Kossmann,Kossmann,,0,4500,BC@CIN,BC,CIN,,,,,,WR/Super FLEX
133865-223181,TE,JD,JD LaFleur,LaFleur,,0,4500,CLEM@LSU,LSU,CLEM,,,,,,WR/Super FLEX
133865-200678,WR,Isaiah,Isaiah McMorris,McMorris,1.7999999523162842,1,4500,MOST@TXAM,MOST,TXAM,,,,,,WR/Super FLEX
133865-202792,WR,Jamarion,Jamarion McDougle,McDougle,1.4666666984558105,3,4400,BALL@OSU,BALL,OSU,,,,,,WR/Super FLEX
133865-174249,TE,Danny,Danny Lewis Jr.,Lewis Jr.,2.700000047683716,1,4400,ECU@BAMA,BAMA,ECU,P,Foot,,,,WR/Super FLEX
133865-229900,WR,Romel,Romel Stevens,Stevens,,0,4400,ARKST@MEM,ARKST,MEM,,,,,,WR/Super FLEX
133865-230122,WR,Shandon,Shandon King,King,1.75,2,4400,NTEX@IND,NTEX,IND,,,,,,WR/Super FLEX
133865-158491,TE,Gabe,Gabe Milbourn,Milbourn,3.2000001271565757,6,4400,ORST@HOU,ORST,HOU,,,,,,WR/Super FLEX
133865-207712,WR,Landon,Landon Wright,Wright,4.600000063578288,6,4400,BC@CIN,BC,CIN,,,,,,WR/Super FLEX
133865-205693,TE,Jabari,Jabari Bush,Bush,2.4,5,4400,ARKST@MEM,ARKST,MEM,,,,,,WR/Super FLEX
133865-203669,WR,Brendon,Brendon McQueen,McQueen,1,1,4400,MOST@TXAM,MOST,TXAM,,,,,,WR/Super FLEX
133865-199595,WR,Aeryn,Aeryn Hampton,Hampton,,0,4400,ORST@HOU,ORST,HOU,,,,,,WR/Super FLEX
133865-242610,WR,Dadrien,Dadrien Waller,Waller,,0,4400,BC@CIN,CIN,BC,,,,,,WR/Super FLEX
133865-199618,WR,Bryce,Bryce Cain,Cain,1.149999976158142,2,4400,BAY@AUB,AUB,BAY,,,,,,WR/Super FLEX
133865-242658,RB,Jayzon,Jayzon Thompson,Thompson,,0,4400,BC@CIN,CIN,BC,,,,,,RB/Super FLEX
133865-242674,WR,Tyler,Tyler Henderson,Henderson,,0,4400,ECU@BAMA,BAMA,ECU,,,,,,WR/Super FLEX
133865-199940,TE,Devyn,Devyn Zahursky,Zahursky,,0,4400,BC@CIN,CIN,BC,,,,,,WR/Super FLEX
133865-247060,WR,Owen,Owen Sweeney,Sweeney,,0,4400,MAR@PSU,MAR,PSU,,,,,,WR/Super FLEX
133865-199964,RB,Harry,Harry Stewart III,Stewart III,2.9749999046325684,4,4400,BOIS@ORE,BOIS,ORE,,,,,,RB/Super FLEX
133865-200112,WR,Chase,Chase Byrd,Byrd,1.350000023841858,2,4400,CLEM@LSU,CLEM,LSU,,,,,,WR/Super FLEX
133865-189945,TE,Spencer,Spencer Shannon,Shannon,,0,4400,TXST@TEX,TEX,TXST,,,,,,WR/Super FLEX
133865-192114,TE,Deakon,Deakon Tonielli,Tonielli,2.2399999618530275,5,4400,WMU@MICH,MICH,WMU,,,,,,WR/Super FLEX
133865-192124,WR,Kendrick,Kendrick Bell,Bell,4.299999872843425,3,4400,WMU@MICH,MICH,WMU,,,,,,WR/Super FLEX
133865-247456,RB,Jake,Jake Randle,Randle,,0,4400,TULN@DUKE,TULN,DUKE,,,,,,RB/Super FLEX
133865-231252,RB,Raycine,Raycine Guillory Jr.,Guillory Jr.,,0,4400,CLEM@LSU,LSU,CLEM,,,,,,RB/Super FLEX
133865-243728,RB,Jonathan,Jonathan Brown,Brown,,0,4300,WMU@MICH,MICH,WMU,,,,,,RB/Super FLEX
133865-229408,TE,Brec,Brec Long,Long,1,4,4300,NTEX@IND,NTEX,IND,,,,,,WR/Super FLEX
133865-229426,RB,Nasir,Nasir Allen,Allen,,0,4300,ARKST@MEM,ARKST,MEM,,,,,,RB/Super FLEX
133865-184605,WR,Jackson,Jackson Wasserstrom,Wasserstrom,1.5499999523162842,2,4300,NTEX@IND,IND,NTEX,,,,,,WR/Super FLEX
133865-207260,WR,Jordan,Jordan Martin,Martin,,0,4300,TXST@TEX,TXST,TEX,,,,,,WR/Super FLEX
133865-250279,TE,Enese,Enese Tonga,Tonga,,0,4300,WMU@MICH,WMU,MICH,,,,,,WR/Super FLEX
133865-225905,WR,Juju,Juju Preston,Preston,0.8999999761581421,1,4300,CLEM@LSU,CLEM,LSU,,,,,,WR/Super FLEX
133865-242344,WR,Jesse,Jesse Legree,Legree,,0,4300,ORST@HOU,ORST,HOU,,,,,,WR/Super FLEX
133865-226112,RB,DeJuan,DeJuan Lacy,Lacy,2.5,1,4300,ECU@BAMA,ECU,BAMA,,,,,,RB/Super FLEX
133865-250754,RB,Jeremy,Jeremy Washington,Washington,,0,4300,MAR@PSU,PSU,MAR,,,,,,RB/Super FLEX
133865-167024,TE,Austin,Austin Terry,Terry,,0,4300,BOIS@ORE,BOIS,ORE,,,,,,WR/Super FLEX
133865-189562,WR,Ryne,Ryne Shackelford,Shackelford,,0,4300,BAY@AUB,BAY,AUB,,,,,,WR/Super FLEX
133865-208010,WR,Tomas,Tomas O'Meara,O'Meara,4.150000095367432,2,4300,WMU@MICH,MICH,WMU,,,,,,WR/Super FLEX
133865-183546,RB,Peyton,Peyton Streko,Streko,,0,4300,CLEM@LSU,CLEM,LSU,D,Undisclosed,,,,RB/Super FLEX
133865-230659,WR,Zay,Zay Robinson,Robinson,0.25,2,4300,MAR@PSU,PSU,MAR,Q,Undisclosed,,,,WR/Super FLEX
133865-206093,WR,Justice,Justice Spann,Spann,,0,4300,ARKST@MEM,MEM,ARKST,,,,,,WR/Super FLEX
133865-200463,WR,Jeremiah,Jeremiah Melvin,Melvin,1.399999976158142,1,4300,ECU@BAMA,ECU,BAMA,,,,,,WR/Super FLEX
133865-167723,TE,Micah,Micah Riley,Riley,0,1,4300,MOST@TXAM,TXAM,MOST,,,,,,WR/Super FLEX
133865-192309,TE,Ty,Ty Stamey,Stamey,1.6333333651224773,6,4300,TXST@TEX,TXST,TEX,,,,,,WR/Super FLEX
133865-243604,RB,Jayreon,Jayreon Campbell,Campbell,,0,4300,NTEX@IND,IND,NTEX,,,,,,RB/Super FLEX
133865-251903,WR,Amari,Amari Sabb,Sabb,,0,4300,ECU@BAMA,BAMA,ECU,,,,,,WR/Super FLEX
133865-241744,RB,Keilan,Keilan Chavies,Chavies,,0,4200,BOIS@ORE,BOIS,ORE,,,,,,RB/Super FLEX
133865-243856,TE,Sean,Sean Ward,Ward,,0,4200,BALL@OSU,BALL,OSU,,,,,,WR/Super FLEX
133865-252063,RB,James,James Lewis,Lewis,,0,4200,BC@CIN,CIN,BC,,,,,,RB/Super FLEX
133865-203042,RB,Josiah,Josiah McLaurin,McLaurin,0.75,2,4200,MAR@PSU,MAR,PSU,,,,,,RB/Super FLEX
133865-225605,TE,Drew,Drew Clemens,Clemens,,0,4200,NTEX@IND,NTEX,IND,,,,,,WR/Super FLEX
133865-166328,WR,Clay,Clay Swinney,Swinney,2,1,4200,CLEM@LSU,CLEM,LSU,,,,,,WR/Super FLEX
133865-135819,WR,Kyler,Kyler Pearson,Pearson,1.149999976158142,8,4200,ECU@BAMA,ECU,BAMA,P,Foot,,,,WR/Super FLEX
133865-246522,TE,Nate,Nate Levicki,Levicki,,0,4200,WMU@MICH,WMU,MICH,,,,,,WR/Super FLEX
133865-224047,TE,Kiotti,Kiotti Armstrong,Armstrong,,0,4200,MOST@TXAM,TXAM,MOST,,,,,,WR/Super FLEX
133865-242490,RB,HD,HD Davis,Davis,,0,4200,BAY@AUB,BAY,AUB,,,,,,RB/Super FLEX
133865-199784,TE,Dillon,Dillon Hipp,Hipp,1.0666666825612385,3,4200,MOST@TXAM,MOST,TXAM,,,,,,WR/Super FLEX
133865-205935,TE,Jay,Jay Lindsey,Lindsey,0.4000000059604645,1,4200,ECU@BAMA,BAMA,ECU,,,,,,WR/Super FLEX
133865-230544,WR,Sherone,Sherone White Jr.,White Jr.,0,1,4200,MAR@PSU,MAR,PSU,,,,,,WR/Super FLEX
133865-183544,RB,Jarvis,Jarvis Green,Green,,0,4200,CLEM@LSU,CLEM,LSU,,,,,,RB/Super FLEX
133865-199961,TE,Cooper,Cooper Alexander,Alexander,1.7999999523162842,4,4200,MAR@PSU,PSU,MAR,Q,Undisclosed,,,,WR/Super FLEX
133865-230726,WR,Keivin,Keivin Boone-Nelson II,Boone-Nelson II,-0.14285714285714285,7,4200,WMU@MICH,WMU,MICH,,,,,,WR/Super FLEX
133865-183676,WR,Bryce,Bryce Dopson,Dopson,,0,4200,BC@CIN,BC,CIN,Q,Undisclosed,,,,WR/Super FLEX
133865-189835,TE,Jackson,Jackson Bowers,Bowers,0,1,4200,ORST@HOU,ORST,HOU,,,,,,WR/Super FLEX
133865-229171,WR,Andre,Andre Feast,Feast,,0,4200,ARKST@MEM,ARKST,MEM,,,,,,WR/Super FLEX
133865-171854,TE,Jake,Jake Taylor,Taylor,1.5,2,4200,TULN@DUKE,DUKE,TULN,,,,,,WR/Super FLEX
133865-249880,RB,Chavel,Chavel Williams,Williams,,0,4100,ARKST@MEM,ARKST,MEM,,,,,,RB/Super FLEX
133865-225354,TE,Emaree,Emaree Winston,Winston,2.8499999046325684,2,4100,TXST@TEX,TEX,TXST,,,,,,WR/Super FLEX
133865-202936,WR,Elijah,Elijah Jones,Jones,1.100000023841858,1,4100,BC@CIN,CIN,BC,,,,,,WR/Super FLEX
133865-176324,RB,Jake,Jake Reichle,Reichle,5.166666666666667,3,4100,ORST@HOU,ORST,HOU,,,,,,RB/Super FLEX
133865-190661,WR,Jackson,Jackson Wade,Wade,0,1,4100,BC@CIN,BC,CIN,,,,,,WR/Super FLEX
133865-231828,TE,Dominic,Dominic DeSarno,DeSarno,0,1,4100,BC@CIN,BC,CIN,,,,,,WR/Super FLEX
133865-201142,TE,Kaden,Kaden Anderson,Anderson,,0,4100,BOIS@ORE,BOIS,ORE,,,,,,WR/Super FLEX
133865-201328,RB,Joseph,Joseph Ebun,Ebun,,0,4100,CLEM@LSU,LSU,CLEM,,,,,,RB/Super FLEX
133865-246396,RB,Eric,Eric Perry,Perry,,0,4100,ARKST@MEM,MEM,ARKST,,,,,,RB/Super FLEX
133865-191114,WR,Reed,Reed Linder,Linder,0,5,4100,ARKST@MEM,ARKST,MEM,,,,,,WR/Super FLEX
133865-203458,WR,Bryce,Bryce Dorsey,Dorsey,1.8250000476837158,4,4100,ARKST@MEM,MEM,ARKST,,,,,,WR/Super FLEX
133865-248594,RB,Meliq,Meliq McGowan,McGowan,,0,4100,ECU@BAMA,ECU,BAMA,Q,Undisclosed,,,,RB/Super FLEX
133865-230314,RB,Zane,Zane Smith,Smith,0.6000000238418579,2,4100,ORST@HOU,HOU,ORST,,,,,,RB/Super FLEX
133865-226225,TE,Nate,Nate Roberts,Roberts,1.6999999682108562,3,4100,BALL@OSU,OSU,BALL,,,,,,WR/Super FLEX
133865-173035,TE,Alex,Alex Scherle,Scherle,,0,4100,BALL@OSU,BALL,OSU,,,,,,WR/Super FLEX
133865-253146,RB,Jaron,Jaron Jackson,Jackson,,0,4100,ECU@BAMA,BAMA,ECU,,,,,,RB/Super FLEX
133865-189941,WR,Rett,Rett Andersen,Andersen,1.2000000476837158,1,4100,TXST@TEX,TEX,TXST,,,,,,WR/Super FLEX
133865-188126,TE,Jake,Jake Simpson,Simpson,0,1,4100,TXST@TEX,TXST,TEX,,,,,,WR/Super FLEX
133865-208657,WR,Dillon,Dillon Lorick,Lorick,1.7000000476837158,1,4100,ECU@BAMA,ECU,BAMA,,,,,,WR/Super FLEX
133865-229159,TE,Rhett,Rhett McGrew,McGrew,,0,4100,MAR@PSU,MAR,PSU,,,,,,WR/Super FLEX
133865-208841,WR,Jackson,Jackson Baird,Baird,,0,4100,BAY@AUB,BAY,AUB,,,,,,WR/Super FLEX
133865-223198,WR,Phillip,Phillip Wright III,Wright III,0.699999988079071,1,4100,CLEM@LSU,LSU,CLEM,,,,,,WR/Super FLEX
133865-223244,RB,Alvin,Alvin Henderson,Henderson,,0,4000,BAY@AUB,AUB,BAY,,,,,,RB/Super FLEX
133865-174098,TE,August,August Johanningsmeier,Johanningsmeier,,0,4000,WMU@MICH,WMU,MICH,,,,,,WR/Super FLEX
133865-245779,RB,Brandon,Brandon Smith,Smith,,0,4000,BOIS@ORE,ORE,BOIS,,,,,,RB/Super FLEX
133865-243730,QB,Brady,Brady Smigiel,Smigiel,,0,4000,WMU@MICH,MICH,WMU,,,,,,QB/Super FLEX
133865-231441,RB,Max,Max Wilson,Wilson,,0,4000,CLEM@LSU,CLEM,LSU,,,,,,RB/Super FLEX
133865-241687,QB,Landen,Landen Clark,Clark,,0,4000,CLEM@LSU,LSU,CLEM,,,,,,QB/Super FLEX
133865-243733,WR,Jaylen,Jaylen Pile,Pile,,0,4000,WMU@MICH,MICH,WMU,,,,,,WR/Super FLEX
133865-229417,WR,Jalyn,Jalyn Abercrombie,Abercrombie,,0,4000,MAR@PSU,MAR,PSU,,,,,,WR/Super FLEX
133865-249902,TE,Dawson,Dawson McFadin,McFadin,,0,4000,ARKST@MEM,ARKST,MEM,,,,,,WR/Super FLEX
133865-245819,WR,Ben,Ben Whitver,Whitver,,0,4000,MAR@PSU,PSU,MAR,,,,,,WR/Super FLEX
133865-245822,TE,Dayton,Dayton Raiola,Raiola,,0,4000,BOIS@ORE,ORE,BOIS,,,,,,WR/Super FLEX
133865-229444,QB,Jay,Jay Beamon,Beamon,,0,4000,TULN@DUKE,TULN,DUKE,,,,,,QB/Super FLEX
133865-241739,TE,Keawe,Keawe Browne,Browne,,0,4000,BOIS@ORE,BOIS,ORE,,,,,,WR/Super FLEX
133865-241736,WR,Kohen,Kohen Brown,Brown,,0,4000,TXST@TEX,TEX,TXST,,,,,,WR/Super FLEX
133865-249943,WR,Brandon,Brandon Goliday,Goliday,,0,4000,ARKST@MEM,ARKST,MEM,,,,,,WR/Super FLEX
133865-245852,TE,Kendre,Kendre Harrison,Harrison,,0,4000,BOIS@ORE,ORE,BOIS,,,,,,WR/Super FLEX
133865-241762,QB,Cash,Cash Herrera,Herrera,,0,4000,BOIS@ORE,BOIS,ORE,,,,,,QB/Super FLEX
133865-245857,WR,Hudson,Hudson Lewis,Lewis,,0,4000,BOIS@ORE,ORE,BOIS,,,,,,WR/Super FLEX
133865-229497,QB,Gavin,Gavin Parkhurst,Parkhurst,,0,4000,TXST@TEX,TXST,TEX,,,,,,QB/Super FLEX
133865-241789,QB,Rhys,Rhys Brush,Brush,,0,4000,BAY@AUB,AUB,BAY,,,,,,QB/Super FLEX
133865-241792,WR,Chris,Chris Stewart,Stewart,,0,4000,TXST@TEX,TEX,TXST,,,,,,WR/Super FLEX
133865-252037,TE,Jack,Jack Wolf,Wolf,,0,4000,CLEM@LSU,CLEM,LSU,,,,,,WR/Super FLEX
133865-174213,WR,Grady,Grady Sherrill,Sherrill,,0,4000,CLEM@LSU,CLEM,LSU,,,,,,WR/Super FLEX
133865-225412,TE,Ka'Maurri,Ka'Maurri Smith,Smith,,0,4000,BC@CIN,CIN,BC,,,,,,WR/Super FLEX
133865-243851,WR,Tayshon,Tayshon Bardo,Bardo,,0,4000,BALL@OSU,BALL,OSU,,,,,,WR/Super FLEX
133865-243850,RB,Char'rese,Char'rese Breveard,Breveard,,0,4000,BALL@OSU,BALL,OSU,,,,,,RB/Super FLEX
133865-225422,QB,Edward,Edward Griffin,Griffin,,0,4000,BAY@AUB,BAY,AUB,,,,,,QB/Super FLEX
133865-241815,QB,Jackson,Jackson Taylor,Taylor,,0,4000,BOIS@ORE,BOIS,ORE,,,,,,QB/Super FLEX
133865-243861,TE,Lucas,Lucas Andresen,Andresen,,0,4000,BALL@OSU,BALL,OSU,,,,,,WR/Super FLEX
133865-241819,RB,Jett,Jett Walker,Walker,,0,4000,TXST@TEX,TEX,TXST,,,,,,RB/Super FLEX
133865-229528,TE,Andrew,Andrew Staten,Staten,,0,4000,ARKST@MEM,ARKST,MEM,,,,,,WR/Super FLEX
133865-243875,TE,Zach,Zach Becker,Becker,,0,4000,BALL@OSU,BALL,OSU,,,,,,WR/Super FLEX
133865-243874,WR,Ace,Ace Cooper,Cooper,,0,4000,BALL@OSU,BALL,OSU,,,,,,WR/Super FLEX
133865-241824,WR,Rasean,Rasean Jones,Jones,,0,4000,BOIS@ORE,BOIS,ORE,,,,,,WR/Super FLEX
133865-243872,TE,AJ,AJ Seymour,Seymour,,0,4000,BALL@OSU,BALL,OSU,,,,,,WR/Super FLEX
133865-231591,QB,Luke,Luke Dunham,Dunham,,0,4000,TXST@TEX,TEX,TXST,,,,,,QB/Super FLEX
133865-241829,TE,JC,JC Anderson,Anderson,,0,4000,CLEM@LSU,LSU,CLEM,,,,,,WR/Super FLEX
133865-209067,RB,Stanley,Stanley Jackson Jr.,Jackson Jr.,,0,4000,BALL@OSU,OSU,BALL,,,,,,RB/Super FLEX
133865-225451,WR,Ashton,Ashton Jones,Jones,,0,4000,BAY@AUB,BAY,AUB,,,,,,WR/Super FLEX
133865-252074,WR,Nolon,Nolon Buckels,Buckels,,0,4000,CLEM@LSU,LSU,CLEM,,,,,,WR/Super FLEX
133865-252073,QB,Cayden,Cayden Jones,Jones,,0,4000,CLEM@LSU,LSU,CLEM,,,,,,QB/Super FLEX
133865-252078,QB,JJ,JJ Miller,Miller,,0,4000,BC@CIN,CIN,BC,,,,,,QB/Super FLEX
133865-241837,WR,Terrious,Terrious Favors,Favors,,0,4000,BOIS@ORE,BOIS,ORE,,,,,,WR/Super FLEX
133865-243884,RB,Anthony,Anthony McMullen,McMullen,,0,4000,BALL@OSU,BALL,OSU,,,,,,RB/Super FLEX
133865-174258,TE,Peyton,Peyton Fox,Fox,,0,4000,ECU@BAMA,BAMA,ECU,,,,,,WR/Super FLEX
133865-225458,WR,Taz,Taz Williams Jr.,Williams Jr.,1.600000023841858,1,4000,BAY@AUB,BAY,AUB,O,Collarbone,,,,WR/Super FLEX
133865-245938,WR,Jaylen,Jaylen Brown-Wallace,Brown-Wallace,,0,4000,CLEM@LSU,CLEM,LSU,,,,,,WR/Super FLEX
133865-231611,WR,Kris,Kris Willis Jr.,Willis Jr.,,0,4000,TXST@TEX,TXST,TEX,,,,,,WR/Super FLEX
133865-241849,WR,AJ,AJ Logan,Logan,,0,4000,BOIS@ORE,BOIS,ORE,,,,,,WR/Super FLEX
133865-200893,WR,Shaun,Shaun Nicholas,Nicholas,,0,4000,TULN@DUKE,TULN,DUKE,,,,,,WR/Super FLEX
133865-231612,WR,Jeffrey,Jeffrey Strozier Jr.,Strozier Jr.,,0,4000,ORST@HOU,HOU,ORST,,,,,,WR/Super FLEX
133865-241852,TE,Ryan,Ryan Brekke,Brekke,,0,4000,BOIS@ORE,BOIS,ORE,,,,,,WR/Super FLEX
133865-202951,TE,Lyviel,Lyviel Waters,Waters,,0,4000,BC@CIN,CIN,BC,,,,,,WR/Super FLEX
133865-188612,TE,Brennan,Brennan Wooten,Wooten,,0,4000,WMU@MICH,WMU,MICH,,,,,,WR/Super FLEX
133865-184522,WR,Micah,Micah Gifford,Gifford,,0,4000,BAY@AUB,BAY,AUB,,,,,,WR/Super FLEX
133865-241864,WR,Brayden,Brayden Allen,Allen,,0,4000,CLEM@LSU,LSU,CLEM,,,,,,WR/Super FLEX
133865-229585,WR,Scrap,Scrap Richardson,Richardson,,0,4000,BAY@AUB,AUB,BAY,,,,,,WR/Super FLEX
133865-252131,QB,Stone,Stone Walker,Walker,,0,4000,TXST@TEX,TXST,TEX,,,,,,QB/Super FLEX
133865-225509,TE,Kellen,Kellen Davis,Davis,,0,4000,BC@CIN,CIN,BC,,,,,,WR/Super FLEX
133865-229616,QB,Khalel,Khalel Wright,Wright,,0,4000,BALL@OSU,BALL,OSU,,,,,,QB/Super FLEX
133865-246011,RB,Gary,Gary Stacy,Stacy,,0,4000,WMU@MICH,MICH,WMU,,,,,,RB/Super FLEX
133865-252153,TE,Marshall,Marshall Smith Jr.,Smith Jr.,,0,4000,ARKST@MEM,MEM,ARKST,,,,,,WR/Super FLEX
133865-241919,TE,KK,KK Johnson,Johnson,,0,4000,MOST@TXAM,TXAM,MOST,,,,,,WR/Super FLEX
133865-252163,WR,Jeremyah,Jeremyah Lane,Lane,,0,4000,BOIS@ORE,BOIS,ORE,,,,,,WR/Super FLEX
133865-252161,WR,Jaylin,Jaylin Taylor,Taylor,,0,4000,ARKST@MEM,MEM,ARKST,,,,,,WR/Super FLEX
133865-229642,WR,Andrew,Andrew Jones,Jones,,0,4000,ARKST@MEM,ARKST,MEM,,,,,,WR/Super FLEX
133865-241929,TE,Charlie,Charlie Jilek,Jilek,,0,4000,TXST@TEX,TEX,TXST,,,,,,WR/Super FLEX
133865-241951,WR,Mike,Mike Brown,Brown,,0,4000,MOST@TXAM,TXAM,MOST,,,,,,WR/Super FLEX
133865-241950,WR,Jayden,Jayden Warren,Warren,,0,4000,MOST@TXAM,TXAM,MOST,,,,,,WR/Super FLEX
133865-231719,WR,Avery,Avery Wieting,Wieting,,0,4000,CLEM@LSU,CLEM,LSU,,,,,,WR/Super FLEX
133865-231718,WR,Luke,Luke Stubbs,Stubbs,,0,4000,CLEM@LSU,CLEM,LSU,,,,,,WR/Super FLEX
133865-241956,TE,Caleb,Caleb Tafua,Tafua,,0,4000,MOST@TXAM,TXAM,MOST,,,,,,WR/Super FLEX
133865-225576,WR,Zaylen,Zaylen Cormier,Cormier,,0,4000,ORST@HOU,HOU,ORST,,,,,,WR/Super FLEX
133865-225587,WR,Jamien,Jamien Little,Little,,0,4000,TULN@DUKE,DUKE,TULN,,,,,,WR/Super FLEX
133865-166200,RB,Terry,Terry Moore,Moore,,0,4000,BALL@OSU,OSU,BALL,,,,,,RB/Super FLEX
133865-225598,TE,Jacory,Jacory Thurman,Thurman,,0,4000,ORST@HOU,HOU,ORST,,,,,,WR/Super FLEX
133865-209241,RB,DaMari,DaMari Gantt,Gantt,,0,4000,ECU@BAMA,ECU,BAMA,,,,,,RB/Super FLEX
133865-246105,WR,Grayson,Grayson O'Bara,O'Bara,,0,4000,NTEX@IND,NTEX,IND,,,,,,WR/Super FLEX
133865-225631,WR,Nedrick,Nedrick Boldin Jr.,Boldin Jr.,,0,4000,BC@CIN,BC,CIN,,,,,,WR/Super FLEX
133865-246109,WR,TJ,TJ Chukwurah,Chukwurah,,0,4000,NTEX@IND,NTEX,IND,,,,,,WR/Super FLEX
133865-225640,WR,Duke,Duke Brennan,Brennan,,0,4000,BC@CIN,BC,CIN,,,,,,WR/Super FLEX
133865-229743,WR,John,John Barton,Barton,,0,4000,TULN@DUKE,TULN,DUKE,,,,,,WR/Super FLEX
133865-231803,WR,Michael,Michael Johnson Jr.,Johnson Jr.,,0,4000,BAY@AUB,BAY,AUB,,,,,,WR/Super FLEX
133865-231807,TE,Brody,Brody Wilhelm,Wilhelm,,0,4000,BAY@AUB,BAY,AUB,,,,,,WR/Super FLEX
133865-242044,TE,DJ,DJ Broughton Jr.,Broughton Jr.,,0,4000,BAY@AUB,AUB,BAY,,,,,,WR/Super FLEX
133865-231809,WR,Brody,Brody Day,Day,,0,4000,BAY@AUB,BAY,AUB,,,,,,WR/Super FLEX
133865-231808,WR,Chase,Chase Collier,Collier,,0,4000,BAY@AUB,BAY,AUB,,,,,,WR/Super FLEX
133865-231814,QB,Enzo,Enzo Arjona,Arjona,,0,4000,BC@CIN,BC,CIN,,,,,,QB/Super FLEX
133865-231821,QB,Jake,Jake Coniglio,Coniglio,,0,4000,BC@CIN,BC,CIN,,,,,,QB/Super FLEX
133865-231820,WR,Tim,Tim Longo,Longo,,0,4000,BC@CIN,BC,CIN,,,,,,WR/Super FLEX
133865-231827,TE,DJ,DJ Johnson,Johnson,,0,4000,BC@CIN,BC,CIN,,,,,,WR/Super FLEX
133865-231824,WR,Will,Will Graves III,Graves III,,0,4000,BC@CIN,BC,CIN,Q,Undisclosed,,,,WR/Super FLEX
133865-166303,QB,Trent,Trent Pearman,Pearman,-0.25,2,4000,CLEM@LSU,CLEM,LSU,,,,,,QB/Super FLEX
133865-203172,WR,Josh,Josh Jackson,Jackson,,0,4000,CLEM@LSU,LSU,CLEM,,,,,,WR/Super FLEX
133865-166320,WR,Cole,Cole Turner,Turner,2.7750000953674316,8,4000,CLEM@LSU,CLEM,LSU,Q,Personal,,,,WR/Super FLEX
133865-229822,RB,Gabe,Gabe Mocek,Mocek,,0,4000,TULN@DUKE,TULN,DUKE,,,,,,RB/Super FLEX
133865-246221,TE,Colby,Colby Simpson,Simpson,,0,4000,TULN@DUKE,TULN,DUKE,,,,,,WR/Super FLEX
133865-207327,TE,Jordan,Jordan Williams,Williams,,0,4000,TXST@TEX,TXST,TEX,,,,,,WR/Super FLEX
133865-231903,QB,Lawrence,Lawrence Gardner,Gardner,,0,4000,TULN@DUKE,DUKE,TULN,,,,,,QB/Super FLEX
133865-193009,WR,Chase,Chase Burton,Burton,,0,4000,MOST@TXAM,TXAM,MOST,,,,,,WR/Super FLEX
133865-203302,TE,Hunter,Hunter Ousley,Ousley,,0,4000,BAY@AUB,AUB,BAY,,,,,,WR/Super FLEX
133865-203300,RB,Cole,Cole Gamble,Gamble,,0,4000,BAY@AUB,AUB,BAY,,,,,,RB/Super FLEX
133865-229935,WR,Jamar,Jamar Jenkins,Jenkins,,0,4000,ARKST@MEM,MEM,ARKST,,,,,,WR/Super FLEX
133865-207418,QB,Chase,Chase Massey,Massey,,0,4000,MAR@PSU,MAR,PSU,,,,,,QB/Super FLEX
133865-246338,WR,Harper,Harper Hughes,Hughes,,0,4000,WMU@MICH,WMU,MICH,,,,,,WR/Super FLEX
133865-178763,TE,Connor,Connor Vaughn,Vaughn,,0,4000,NTEX@IND,NTEX,IND,,,,,,WR/Super FLEX
133865-203338,WR,Camron,Camron Williams,Williams,,0,4000,MOST@TXAM,MOST,TXAM,,,,,,WR/Super FLEX
133865-229962,WR,Sam,Sam Earle,Earle,,0,4000,CLEM@LSU,CLEM,LSU,,,,,,WR/Super FLEX
133865-203336,QB,Elijah,Elijah Leonard,Leonard,,0,4000,MOST@TXAM,MOST,TXAM,,,,,,QB/Super FLEX
133865-232014,QB,Chase,Chase Herbstreit,Herbstreit,,0,4000,WMU@MICH,MICH,WMU,,,,,,QB/Super FLEX
133865-246349,WR,Dawson,Dawson Quarterman,Quarterman,,0,4000,ECU@BAMA,ECU,BAMA,,,,,,WR/Super FLEX
133865-232019,TE,Crandall,Crandall Quinn,Quinn,,0,4000,WMU@MICH,MICH,WMU,,,,,,WR/Super FLEX
133865-232018,WR,Jacob,Jacob Washington,Washington,,0,4000,WMU@MICH,MICH,WMU,,,,,,WR/Super FLEX
133865-154199,QB,Hunter,Hunter Herring,Herring,2.504444546169705,9,4000,BAY@AUB,AUB,BAY,,,,,,QB/Super FLEX
133865-252507,QB,TC,TC Manumaleuna,Manumaleuna,,0,4000,BOIS@ORE,ORE,BOIS,,,,,,QB/Super FLEX
133865-252505,RB,Killian,Killian Sombe,Sombe,,0,4000,BOIS@ORE,ORE,BOIS,,,,,,RB/Super FLEX
133865-246360,QB,Trey,Trey Burke,Burke,,0,4000,ECU@BAMA,ECU,BAMA,,,,,,QB/Super FLEX
133865-250461,WR,Nico,Nico Wiedmann,Wiedmann,,0,4000,MAR@PSU,MAR,PSU,,,,,,WR/Super FLEX
133865-252509,WR,Jalen,Jalen Lott,Lott,,0,4000,BOIS@ORE,ORE,BOIS,,,,,,WR/Super FLEX
133865-193122,WR,Ross,Ross Nickson,Nickson,,0,4000,ORST@HOU,ORST,HOU,,,,,,WR/Super FLEX
133865-252515,TE,Cole,Cole Newton,Newton,,0,4000,BOIS@ORE,ORE,BOIS,,,,,,WR/Super FLEX
133865-252512,WR,Hunter,Hunter Vaughn,Vaughn,,0,4000,BOIS@ORE,ORE,BOIS,,,,,,WR/Super FLEX
133865-184937,WR,Justin,Justin Haggerty,Haggerty,,0,4000,MAR@PSU,MAR,PSU,,,,,,WR/Super FLEX
133865-193132,TE,Leo,Leo Collins,Collins,,0,4000,BALL@OSU,BALL,OSU,,,,,,WR/Super FLEX
133865-193133,WR,Eli,Eli Hohlt,Hohlt,,0,4000,BALL@OSU,BALL,OSU,,,,,,WR/Super FLEX
133865-246380,TE,Evan,Evan Jacobson,Jacobson,,0,4000,MOST@TXAM,TXAM,MOST,,,,,,WR/Super FLEX
133865-225907,QB,Maverick,Maverick Geske,Geske,,0,4000,NTEX@IND,IND,NTEX,,,,,,QB/Super FLEX
133865-172667,WR,Michael,Michael Mankaka,Mankaka,,0,4000,BC@CIN,BC,CIN,,,,,,WR/Super FLEX
133865-230010,TE,Gabe,Gabe Lovorn,Lovorn,,0,4000,TULN@DUKE,TULN,DUKE,,,,,,WR/Super FLEX
133865-246393,TE,Garrett,Garrett Essner,Essner,,0,4000,ARKST@MEM,MEM,ARKST,,,,,,WR/Super FLEX
133865-246399,WR,Joshua,Joshua Joseph,Joseph,,0,4000,ARKST@MEM,MEM,ARKST,,,,,,WR/Super FLEX
133865-230019,WR,Cade,Cade Kaiser,Kaiser,,0,4000,NTEX@IND,IND,NTEX,,,,,,WR/Super FLEX
133865-225921,TE,Kaelan,Kaelan Chudzinski,Chudzinski,6.630000305175781,10,4000,BC@CIN,BC,CIN,O,Achilles,,,,WR/Super FLEX
133865-246415,WR,Zechariah,Zechariah Jenkins,Jenkins,,0,4000,ARKST@MEM,MEM,ARKST,,,,,,WR/Super FLEX
133865-207504,TE,Jaxon,Jaxon Shuttlesworth,Shuttlesworth,,0,4000,ECU@BAMA,BAMA,ECU,,,,,,WR/Super FLEX
133865-225936,QB,Chris,Chris Denson,Denson,10.84000015258789,2,4000,CLEM@LSU,CLEM,LSU,,,,,,QB/Super FLEX
133865-225940,QB,Jacob,Jacob Bell,Bell,,0,4000,NTEX@IND,IND,NTEX,,,,,,QB/Super FLEX
133865-189083,WR,Brennen,Brennen Schramm,Schramm,,0,4000,BALL@OSU,OSU,BALL,,,,,,WR/Super FLEX
133865-230041,TE,Brady,Brady Rhoad,Rhoad,,0,4000,WMU@MICH,WMU,MICH,,,,,,WR/Super FLEX
133865-242335,WR,Cynai,Cynai Thomas,Thomas,,0,4000,ORST@HOU,ORST,HOU,,,,,,WR/Super FLEX
133865-225958,TE,Andrew,Andrew Barker,Barker,,0,4000,NTEX@IND,IND,NTEX,,,,,,WR/Super FLEX
133865-242345,WR,Jameson,Jameson Powell,Powell,,0,4000,ORST@HOU,ORST,HOU,,,,,,WR/Super FLEX
133865-242348,RB,Tre,Tre Garrison,Garrison,,0,4000,ORST@HOU,ORST,HOU,,,,,,RB/Super FLEX
133865-230069,WR,Derion,Derion Talbert,Talbert,,0,4000,BALL@OSU,BALL,OSU,Q,Undisclosed,,,,WR/Super FLEX
133865-223931,RB,AK,AK Dear,Dear,4.150000095367432,4,4000,ECU@BAMA,BAMA,ECU,O,Ankle,,,,RB/Super FLEX
133865-248504,TE,Frankie,Frankie McAllister,McAllister,,0,4000,BALL@OSU,OSU,BALL,,,,,,WR/Super FLEX
133865-191167,TE,Mason,Mason Brown,Brown,,0,4000,ECU@BAMA,ECU,BAMA,,,,,,WR/Super FLEX
133865-248509,WR,Ryan,Ryan Seimetz,Seimetz,,0,4000,BALL@OSU,OSU,BALL,,,,,,WR/Super FLEX
133865-203462,WR,Jordan,Jordan Bell,Bell,,0,4000,ARKST@MEM,MEM,ARKST,,,,,,WR/Super FLEX
133865-248518,QB,Ryan,Ryan Smith,Smith,,0,4000,ORST@HOU,HOU,ORST,,,,,,QB/Super FLEX
133865-248516,WR,Jack,Jack Newhouse,Newhouse,,0,4000,ORST@HOU,HOU,ORST,,,,,,WR/Super FLEX
133865-225992,TE,Eli,Eli Owens,Owens,,0,4000,WMU@MICH,MICH,WMU,,,,,,WR/Super FLEX
133865-248527,WR,Kelvin,Kelvin Brown Jr.,Brown Jr.,,0,4000,BC@CIN,BC,CIN,,,,,,WR/Super FLEX
133865-232140,TE,Cody,Cody Siegner,Siegner,,0,4000,ORST@HOU,ORST,HOU,,,,,,WR/Super FLEX
133865-230098,WR,Kamryn,Kamryn Jones,Jones,,0,4000,BOIS@ORE,BOIS,ORE,,,,,,WR/Super FLEX
133865-232145,QB,Kolton,Kolton Stover,Stover,,0,4000,BALL@OSU,OSU,BALL,,,,,,QB/Super FLEX
133865-248529,WR,Braeden,Braeden Robinson,Robinson,,0,4000,ORST@HOU,HOU,ORST,,,,,,WR/Super FLEX
133865-248533,WR,DJ,DJ Biggins,Biggins,,0,4000,BC@CIN,BC,CIN,,,,,,WR/Super FLEX
133865-248539,RB,Billy,Billy Barrett,Barrett,,0,4000,BC@CIN,BC,CIN,,,,,,RB/Super FLEX
133865-189144,WR,Joshua,Joshua Franklin,Franklin,-1.3333333333333333,3,4000,WMU@MICH,WMU,MICH,,,,,,WR/Super FLEX
133865-232158,RB,Skyler,Skyler Jackson,Jackson,,0,4000,ORST@HOU,ORST,HOU,,,,,,RB/Super FLEX
133865-232157,TE,Brody,Brody Lennon,Lennon,,0,4000,BALL@OSU,OSU,BALL,,,,,,WR/Super FLEX
133865-232156,TE,T'Andre,T'Andre Waverly,Waverly,,0,4000,ORST@HOU,ORST,HOU,,,,,,WR/Super FLEX
133865-201442,WR,Kaleb,Kaleb Schlecht,Schlecht,,0,4000,WMU@MICH,MICH,WMU,,,,,,WR/Super FLEX
133865-205537,TE,Maxence,Maxence LeBlanc,LeBlanc,,0,4000,BALL@OSU,OSU,BALL,,,,,,WR/Super FLEX
133865-230113,QB,Grant,Grant Troutman,Troutman,,0,4000,ARKST@MEM,MEM,ARKST,Q,Undisclosed,,,,QB/Super FLEX
133865-242401,WR,La'Keyleon,La'Keyleon Graves,Graves,,0,4000,TXST@TEX,TXST,TEX,,,,,,WR/Super FLEX
133865-226016,WR,Jamar,Jamar Browder,Browder,,0,4000,WMU@MICH,MICH,WMU,,,,,,WR/Super FLEX
133865-226022,WR,Myles,Myles Kendrick,Kendrick,,0,4000,NTEX@IND,IND,NTEX,,,,,,WR/Super FLEX
133865-232166,WR,Whitaker,Whitaker Williams,Williams,,0,4000,MOST@TXAM,TXAM,MOST,,,,,,WR/Super FLEX
133865-242411,TE,Jaivion,Jaivion Martin,Martin,,0,4000,ORST@HOU,HOU,ORST,,,,,,WR/Super FLEX
133865-242418,TE,Kai,Kai Wesley,Wesley,,0,4000,BAY@AUB,BAY,AUB,,,,,,WR/Super FLEX
133865-250608,TE,Michael,Michael Dersa,Dersa,,0,4000,WMU@MICH,WMU,MICH,,,,,,WR/Super FLEX
133865-248567,WR,Deuce,Deuce Hadley Jr.,Hadley Jr.,,0,4000,TULN@DUKE,TULN,DUKE,,,,,,WR/Super FLEX
133865-232182,WR,Jovon,Jovon McRae II,McRae II,,0,4000,BOIS@ORE,ORE,BOIS,,,,,,WR/Super FLEX
133865-230139,WR,Bruno,Bruno Massel IV,Massel IV,,0,4000,NTEX@IND,IND,NTEX,,,,,,WR/Super FLEX
133865-248571,RB,Adarion,Adarion Nettles,Nettles,,0,4000,NTEX@IND,NTEX,IND,,,,,,RB/Super FLEX
133865-252666,TE,Mason,Mason Bonner,Bonner,,0,4000,WMU@MICH,MICH,WMU,,,,,,WR/Super FLEX
133865-252665,TE,Jimmy,Jimmy Pisani,Pisani,,0,4000,WMU@MICH,MICH,WMU,,,,,,WR/Super FLEX
133865-201470,WR,Logan,Logan Cunningham,Cunningham,,0,4000,MAR@PSU,PSU,MAR,,,,,,WR/Super FLEX
133865-252669,WR,Braydon,Braydon Alford,Alford,,0,4000,WMU@MICH,MICH,WMU,,,,,,WR/Super FLEX
133865-232188,WR,Nathan,Nathan McCoy II,McCoy II,,0,4000,BOIS@ORE,ORE,BOIS,,,,,,WR/Super FLEX
133865-248572,TE,Jacob,Jacob Holland,Holland,,0,4000,ECU@BAMA,ECU,BAMA,,,,,,WR/Super FLEX
133865-248577,QB,Ziondre,Ziondre Williams,Williams,,0,4000,NTEX@IND,NTEX,IND,,,,,,QB/Super FLEX
133865-232192,RB,Zander,Zander Quinn,Quinn,,0,4000,BOIS@ORE,ORE,BOIS,,,,,,RB/Super FLEX
133865-246528,TE,Ryan,Ryan Rocheleau,Rocheleau,,0,4000,WMU@MICH,WMU,MICH,,,,,,WR/Super FLEX
133865-230150,WR,Skylar,Skylar Lewis,Lewis,,0,4000,TXST@TEX,TXST,TEX,,,,,,WR/Super FLEX
133865-191240,WR,Joey,Joey Pope,Pope,,0,4000,WMU@MICH,WMU,MICH,,,,,,WR/Super FLEX
133865-230152,WR,Qeanu,Qeanu Johnson,Johnson,,0,4000,TULN@DUKE,DUKE,TULN,,,,,,WR/Super FLEX
133865-252687,WR,Jaidon,Jaidon Van Pelt,Van Pelt,,0,4000,NTEX@IND,IND,NTEX,,,,,,WR/Super FLEX
133865-252686,TE,PJ,PJ MacFarlane,MacFarlane,,0,4000,NTEX@IND,IND,NTEX,,,,,,WR/Super FLEX
133865-252690,WR,Lavar,Lavar Keys,Keys,,0,4000,NTEX@IND,IND,NTEX,,,,,,WR/Super FLEX
133865-242448,TE,Parker,Parker Almanza,Almanza,,0,4000,BAY@AUB,BAY,AUB,,,,,,WR/Super FLEX
133865-248598,WR,KeyShaun,KeyShaun Coleman,Coleman,,0,4000,TULN@DUKE,TULN,DUKE,,,,,,WR/Super FLEX
133865-242459,WR,Keavon,Keavon Roberts,Roberts,,0,4000,ORST@HOU,HOU,ORST,,,,,,WR/Super FLEX
133865-248600,WR,Lathon,Lathon Latiolais,Latiolais,,0,4000,NTEX@IND,NTEX,IND,,,,,,WR/Super FLEX
133865-246558,WR,Elijah,Elijah Lucas,Lucas,,0,4000,WMU@MICH,WMU,MICH,,,,,,WR/Super FLEX
133865-248610,TE,Evan,Evan Mickow,Mickow,,0,4000,TULN@DUKE,TULN,DUKE,,,,,,WR/Super FLEX
133865-248612,QB,Daulton,Daulton Phalines,Phalines,,0,4000,ECU@BAMA,ECU,BAMA,,,,,,QB/Super FLEX
133865-248619,TE,Jerious,Jerious Singletary,Singletary,,0,4000,NTEX@IND,NTEX,IND,,,,,,WR/Super FLEX
133865-232244,WR,Aumad,Aumad Edwards,Edwards,,0,4000,MAR@PSU,MAR,PSU,,,,,,WR/Super FLEX
133865-246587,QB,Jaxson,Jaxson Dosh,Dosh,,0,4000,WMU@MICH,WMU,MICH,,,,,,QB/Super FLEX
133865-250683,QB,Easton,Easton Webb,Webb,,0,4000,TXST@TEX,TXST,TEX,O,Elbow,,,,QB/Super FLEX
133865-250682,RB,Juntavious,Juntavious Harris,Harris,,0,4000,TXST@TEX,TXST,TEX,,,,,,RB/Super FLEX
133865-250681,WR,Xavier,Xavier Warren,Warren,,0,4000,TXST@TEX,TXST,TEX,,,,,,WR/Super FLEX
133865-207672,WR,DeBraun,DeBraun Hampton,Hampton,,0,4000,BAY@AUB,BAY,AUB,,,,,,WR/Super FLEX
133865-250687,TE,Russell,Russell Crawford,Crawford,,0,4000,TXST@TEX,TXST,TEX,,,,,,WR/Super FLEX
133865-226110,QB,Cole,Cole Hodge,Hodge,,0,4000,ECU@BAMA,ECU,BAMA,,,,,,QB/Super FLEX
133865-224061,TE,Kade,Kade Stewart,Stewart,,0,4000,MOST@TXAM,TXAM,MOST,,,,,,WR/Super FLEX
133865-226109,WR,Johnny,Johnny Williams,Williams,,0,4000,ECU@BAMA,ECU,BAMA,,,,,,WR/Super FLEX
133865-230205,RB,Nehemiah,Nehemiah Warmate,Warmate,,0,4000,ORST@HOU,HOU,ORST,,,,,,RB/Super FLEX
133865-242498,WR,Jeremiah,Jeremiah Bushnell,Bushnell,,0,4000,ORST@HOU,HOU,ORST,,,,,,WR/Super FLEX
133865-224065,QB,Eli,Eli Morcos,Morcos,,0,4000,MOST@TXAM,TXAM,MOST,,,,,,QB/Super FLEX
133865-242502,WR,Dameon,Dameon Crowe,Crowe,,0,4000,TXST@TEX,TXST,TEX,,,,,,WR/Super FLEX
133865-226127,TE,Jonathan,Jonathan Harding,Harding,,0,4000,ARKST@MEM,MEM,ARKST,,,,,,WR/Super FLEX
133865-224078,RB,Tiger,Tiger Riden Jr.,Riden Jr.,10.5,1,4000,MOST@TXAM,TXAM,MOST,O,Undisclosed,,,,RB/Super FLEX
133865-232279,RB,Keenan,Keenan Jackson Jr.,Jackson Jr.,,0,4000,NTEX@IND,NTEX,IND,,,,,,RB/Super FLEX
133865-230230,WR,Egypt,Egypt Nelson,Nelson,,0,4000,WMU@MICH,WMU,MICH,,,,,,WR/Super FLEX
133865-226139,TE,Cayman,Cayman Reynolds,Reynolds,,0,4000,ECU@BAMA,ECU,BAMA,,,,,,WR/Super FLEX
133865-226136,TE,Kaleb,Kaleb Morrow,Morrow,,0,4000,ECU@BAMA,ECU,BAMA,,,,,,WR/Super FLEX
133865-226140,WR,Connor,Connor Hodge,Hodge,,0,4000,ECU@BAMA,ECU,BAMA,,,,,,WR/Super FLEX
133865-232284,TE,Jackson,Jackson Muckelroy,Muckelroy,,0,4000,NTEX@IND,NTEX,IND,,,,,,WR/Super FLEX
133865-246630,RB,Donovan,Donovan Triplett,Triplett,,0,4000,WMU@MICH,WMU,MICH,,,,,,RB/Super FLEX
133865-246628,WR,Angelo,Angelo Chapman,Chapman,,0,4000,WMU@MICH,WMU,MICH,,,,,,WR/Super FLEX
133865-205676,TE,James,James Rexroat,Rexroat,,0,4000,MOST@TXAM,MOST,TXAM,,,,,,WR/Super FLEX
133865-242547,WR,London,London Smith,Smith,,0,4000,BAY@AUB,BAY,AUB,,,,,,WR/Super FLEX
133865-242545,WR,Blake,Blake McLane,McLane,,0,4000,TXST@TEX,TXST,TEX,,,,,,WR/Super FLEX
133865-242544,WR,Dorian,Dorian Barnes,Barnes,,0,4000,ORST@HOU,HOU,ORST,,,,,,WR/Super FLEX
133865-252795,WR,Davion,Davion Peters,Peters,,0,4000,BAY@AUB,BAY,AUB,,,,,,WR/Super FLEX
133865-207738,WR,Brady,Brady Bidwell,Bidwell,,0,4000,BOIS@ORE,ORE,BOIS,,,,,,WR/Super FLEX
133865-230275,TE,Arvis,Arvis Battle Jr.,Battle Jr.,,0,4000,TXST@TEX,TXST,TEX,,,,,,WR/Super FLEX
133865-250760,WR,Hank,Hank Lustig,Lustig,,0,4000,MAR@PSU,PSU,MAR,,,,,,WR/Super FLEX
133865-205710,TE,Ezra,Ezra Burgess,Burgess,0,1,4000,ARKST@MEM,ARKST,MEM,,,,,,WR/Super FLEX
133865-230291,TE,Stephen,Stephen Collier,Collier,,0,4000,ECU@BAMA,ECU,BAMA,,,,,,WR/Super FLEX
133865-252827,TE,Landon,Landon Cook,Cook,,0,4000,ORST@HOU,ORST,HOU,,,,,,WR/Super FLEX
133865-252825,WR,MJ,MJ Kennybrew,Kennybrew,,0,4000,ORST@HOU,ORST,HOU,,,,,,WR/Super FLEX
133865-252830,RB,Rocco,Rocco De La Rosa,De La Rosa,,0,4000,ORST@HOU,ORST,HOU,,,,,,RB/Super FLEX
133865-252828,WR,Jayden,Jayden Padgett,Padgett,,0,4000,ORST@HOU,ORST,HOU,,,,,,WR/Super FLEX
133865-226208,WR,Oliver,Oliver Mitchell Jr.,Mitchell Jr.,0.8500000238418579,2,4000,TULN@DUKE,TULN,DUKE,,,,,,WR/Super FLEX
133865-248736,WR,Torrin,Torrin Teague,Teague,,0,4000,MOST@TXAM,MOST,TXAM,,,,,,WR/Super FLEX
133865-242599,QB,Brooks,Brooks Goodman,Goodman,,0,4000,BC@CIN,CIN,BC,,,,,,QB/Super FLEX
133865-230310,TE,Wyatt,Wyatt Herbel,Herbel,,0,4000,ORST@HOU,HOU,ORST,,,,,,WR/Super FLEX
133865-252836,QB,Danny,Danny Leary,Leary,,0,4000,ORST@HOU,ORST,HOU,,,,,,QB/Super FLEX
133865-242601,WR,Joshua,Joshua Smith,Smith,,0,4000,BC@CIN,CIN,BC,,,,,,WR/Super FLEX
133865-242607,QB,Quinn,Quinn Murphy,Murphy,,0,4000,BAY@AUB,BAY,AUB,,,,,,QB/Super FLEX
133865-205741,QB,Mason,Mason Reynolds,Reynolds,0.20000000298023224,1,4000,WMU@MICH,WMU,MICH,,,,,,QB/Super FLEX
133865-205747,WR,JR,JR Hays,Hays,,0,4000,WMU@MICH,WMU,MICH,,,,,,WR/Super FLEX
133865-248754,RB,Stuart,Stuart Andrews,Andrews,,0,4000,BAY@AUB,AUB,BAY,,,,,,RB/Super FLEX
133865-248757,WR,Jack,Jack Ellenburg,Ellenburg,,0,4000,BAY@AUB,AUB,BAY,,,,,,WR/Super FLEX
133865-205754,TE,Ryan,Ryan Brotherton,Brotherton,,0,4000,WMU@MICH,WMU,MICH,,,,,,WR/Super FLEX
133865-242623,TE,Jalen,Jalen Williams,Williams,,0,4000,BC@CIN,CIN,BC,,,,,,WR/Super FLEX
133865-252863,RB,Timothy,Timothy Carter,Carter,,0,4000,ARKST@MEM,ARKST,MEM,,,,,,RB/Super FLEX
133865-242626,WR,H'eij,H'eij Jackson,Jackson,,0,4000,BC@CIN,CIN,BC,,,,,,WR/Super FLEX
133865-207818,QB,Peyton,Peyton Gay,Gay,,0,4000,MOST@TXAM,TXAM,MOST,,,,,,QB/Super FLEX
133865-207822,RB,Ramarian,Ramarian Tillman,Tillman,0.20000000298023224,1,4000,MOST@TXAM,TXAM,MOST,,,,,,RB/Super FLEX
133865-207825,WR,I'Marion,I'Marion Stewart,Stewart,,0,4000,WMU@MICH,MICH,WMU,,,,,,WR/Super FLEX
133865-207829,TE,Landon,Landon Craig,Craig,,0,4000,CLEM@LSU,LSU,CLEM,,,,,,WR/Super FLEX
133865-189397,WR,Charlie,Charlie Johnson,Johnson,,0,4000,CLEM@LSU,CLEM,LSU,,,,,,WR/Super FLEX
133865-242656,TE,Gavin,Gavin Gregory,Gregory,,0,4000,BC@CIN,CIN,BC,,,,,,WR/Super FLEX
133865-242675,WR,Elijah,Elijah Murray,Murray,,0,4000,ECU@BAMA,BAMA,ECU,,,,,,WR/Super FLEX
133865-242679,WR,Preston,Preston Landry,Landry,,0,4000,ECU@BAMA,BAMA,ECU,,,,,,WR/Super FLEX
133865-226299,WR,Antwaun,Antwaun Parham,Parham,,0,4000,TULN@DUKE,TULN,DUKE,,,,,,WR/Super FLEX
133865-242680,WR,Warner,Warner Ross,Ross,,0,4000,ECU@BAMA,BAMA,ECU,,,,,,WR/Super FLEX
133865-187390,WR,Will,Will Upton,Upton,,0,4000,BAY@AUB,AUB,BAY,,,,,,WR/Super FLEX
133865-187391,QB,John,John Colvin,Colvin,,0,4000,BAY@AUB,AUB,BAY,,,,,,QB/Super FLEX
133865-211970,WR,Donte,Donte Nastasi,Nastasi,,0,4000,MAR@PSU,PSU,MAR,,,,,,WR/Super FLEX
133865-187397,RB,Christian,Christian Burnette,Burnette,,0,4000,BAY@AUB,AUB,BAY,,,,,,RB/Super FLEX
133865-248850,WR,DJ,DJ Young,Young,,0,4000,BALL@OSU,BALL,OSU,,,,,,WR/Super FLEX
133865-248849,TE,Cole,Cole Coonrod,Coonrod,,0,4000,BALL@OSU,BALL,OSU,,,,,,WR/Super FLEX
133865-246809,QB,Brett,Brett Ottensmeyer,Ottensmeyer,,0,4000,MOST@TXAM,MOST,TXAM,,,,,,QB/Super FLEX
133865-226338,QB,Zeke,Zeke Martinez,Martinez,,0,4000,BOIS@ORE,BOIS,ORE,,,,,,QB/Super FLEX
133865-252986,RB,James,James Lee,Lee,,0,4000,ARKST@MEM,ARKST,MEM,,,,,,RB/Super FLEX
133865-201791,TE,Brett,Brett Elliott,Elliott,,0,4000,TULN@DUKE,DUKE,TULN,,,,,,WR/Super FLEX
133865-253007,WR,TJ,TJ Byard,Byard,,0,4000,BALL@OSU,BALL,OSU,,,,,,WR/Super FLEX
133865-246866,RB,Amar'e,Amar'e Johnson,Johnson,,0,4000,MOST@TXAM,MOST,TXAM,,,,,,RB/Super FLEX
133865-199778,WR,Michael,Michael Turner Jr.,Turner Jr.,,0,4000,CLEM@LSU,LSU,CLEM,,,,,,WR/Super FLEX
133865-205922,TE,James,James Larson,Larson,,0,4000,CLEM@LSU,LSU,CLEM,,,,,,WR/Super FLEX
133865-230503,TE,Cameron,Cameron Roberts,Roberts,,0,4000,TULN@DUKE,TULN,DUKE,,,,,,WR/Super FLEX
133865-205926,QB,John,John Cooper,Cooper,,0,4000,ECU@BAMA,BAMA,ECU,,,,,,QB/Super FLEX
133865-187492,WR,Chris,Chris Rodgers,Rodgers,,0,4000,TULN@DUKE,TULN,DUKE,,,,,,WR/Super FLEX
133865-201829,QB,Paxton,Paxton Land,Land,,0,4000,MOST@TXAM,TXAM,MOST,,,,,,QB/Super FLEX
133865-201835,TE,Luke,Luke Braden,Braden,,0,4000,MOST@TXAM,TXAM,MOST,,,,,,WR/Super FLEX
133865-205933,WR,Cooper,Cooper Mollison,Mollison,,0,4000,ECU@BAMA,BAMA,ECU,,,,,,WR/Super FLEX
133865-226421,WR,Kory,Kory Pettigrew,Pettigrew,3.0999999046325684,1,4000,BAY@AUB,AUB,BAY,,,,,,WR/Super FLEX
133865-232569,QB,Eian,Eian Finkley,Finkley,,0,4000,MOST@TXAM,MOST,TXAM,,,,,,QB/Super FLEX
133865-246909,WR,Devin,Devin Staley,Staley,,0,4000,MOST@TXAM,MOST,TXAM,,,,,,WR/Super FLEX
133865-208007,TE,Carter,Carter Braugh,Braugh,,0,4000,MOST@TXAM,TXAM,MOST,,,,,,WR/Super FLEX
133865-230559,QB,John,John Gazzaniga,Gazzaniga,,0,4000,ECU@BAMA,BAMA,ECU,,,,,,QB/Super FLEX
133865-230566,WR,Michael,Michael Igbinoghene,Igbinoghene,,0,4000,TULN@DUKE,TULN,DUKE,,,,,,WR/Super FLEX
133865-230579,TE,Carter,Carter Kuchenbuch,Kuchenbuch,,0,4000,BOIS@ORE,BOIS,ORE,,,,,,WR/Super FLEX
133865-232626,WR,Zachary,Zachary Yang,Yang,,0,4000,NTEX@IND,NTEX,IND,,,,,,WR/Super FLEX
133865-246960,TE,Cash,Cash Pomeroy,Pomeroy,,0,4000,MOST@TXAM,MOST,TXAM,,,,,,WR/Super FLEX
133865-253110,WR,Tailan,Tailan Hall,Hall,,0,4000,ECU@BAMA,BAMA,ECU,,,,,,WR/Super FLEX
133865-226484,TE,Brian,Brian Kortovich,Kortovich,,0,4000,MAR@PSU,PSU,MAR,Q,Undisclosed,,,,WR/Super FLEX
133865-191678,QB,Colson,Colson Brown,Brown,,0,4000,CLEM@LSU,CLEM,LSU,,,,,,QB/Super FLEX
133865-246997,WR,Brennan,Brennan Chambers,Chambers,,0,4000,MAR@PSU,MAR,PSU,,,,,,WR/Super FLEX
133865-193749,WR,Samuel,Samuel Padgitt,Padgitt,,0,4000,ORST@HOU,HOU,ORST,,,,,,WR/Super FLEX
133865-247003,QB,Dylan,Dylan Barber,Barber,,0,4000,MAR@PSU,MAR,PSU,,,,,,QB/Super FLEX
133865-183527,WR,Ronan,Ronan Hanafin,Hanafin,,0,4000,CLEM@LSU,CLEM,LSU,,,,,,WR/Super FLEX
133865-242921,WR,Gordon,Gordon Sellars III,Sellars III,,0,4000,CLEM@LSU,CLEM,LSU,,,,,,WR/Super FLEX
133865-242926,WR,Brody,Brody Keefe,Keefe,,0,4000,TULN@DUKE,DUKE,TULN,,,,,,WR/Super FLEX
133865-183533,TE,Markus,Markus Dixon,Dixon,,0,4000,BOIS@ORE,ORE,BOIS,,,,,,WR/Super FLEX
133865-247025,WR,Drew,Drew Williams,Williams,,0,4000,MAR@PSU,MAR,PSU,,,,,,WR/Super FLEX
133865-167160,WR,Antonio,Antonio Robinson,Robinson,,0,4000,MOST@TXAM,MOST,TXAM,,,,,,WR/Super FLEX
133865-242936,WR,Keil,Keil McGriff,McGriff,,0,4000,CLEM@LSU,CLEM,LSU,,,,,,WR/Super FLEX
133865-242950,TE,Tayveon,Tayveon Wilson,Wilson,,0,4000,CLEM@LSU,CLEM,LSU,,,,,,WR/Super FLEX
133865-247045,WR,Aiden,Aiden Burke,Burke,,0,4000,MAR@PSU,MAR,PSU,,,,,,WR/Super FLEX
133865-230660,WR,Qumonte,Qumonte Williams Jr.,Williams Jr.,,0,4000,BOIS@ORE,BOIS,ORE,,,,,,WR/Super FLEX
133865-183567,TE,Vance,Vance Bolyard,Bolyard,,0,4000,TULN@DUKE,TULN,DUKE,,,,,,WR/Super FLEX
133865-242958,QB,Terry,Terry Walker III,Walker III,,0,4000,TULN@DUKE,DUKE,TULN,,,,,,QB/Super FLEX
133865-242987,QB,Anthony,Anthony Coellner,Coellner,,0,4000,BC@CIN,BC,CIN,,,,,,QB/Super FLEX
133865-230696,RB,Chase,Chase Dawkins,Dawkins,0.8999999761581421,1,4000,WMU@MICH,WMU,MICH,,,,,,RB/Super FLEX
133865-199987,TE,Kaleb,Kaleb Thomas,Thomas,,0,4000,ORST@HOU,HOU,ORST,,,,,,WR/Super FLEX
133865-247089,QB,Blaine,Blaine Hipa,Hipa,,0,4000,TULN@DUKE,DUKE,TULN,,,,,,QB/Super FLEX
133865-242999,WR,Connor,Connor Salmin,Salmin,,0,4000,CLEM@LSU,CLEM,LSU,,,,,,WR/Super FLEX
133865-243000,WR,Cam,Cam Blivens,Blivens,,0,4000,CLEM@LSU,CLEM,LSU,,,,,,WR/Super FLEX
133865-247103,RB,Paul,Paul Holyfield Jr.,Holyfield Jr.,,0,4000,TULN@DUKE,DUKE,TULN,,,,,,RB/Super FLEX
133865-243004,TE,Benjamin,Benjamin Moseley,Moseley,,0,4000,TULN@DUKE,DUKE,TULN,,,,,,WR/Super FLEX
133865-243008,RB,Sedric,Sedric Addison,Addison,,0,4000,BC@CIN,BC,CIN,,,,,,RB/Super FLEX
133865-200011,TE,Jack,Jack Sammarco,Sammarco,,0,4000,ECU@BAMA,BAMA,ECU,,,,,,WR/Super FLEX
133865-173397,TE,Gage,Gage Reale,Reale,,0,4000,ECU@BAMA,ECU,BAMA,,,,,,WR/Super FLEX
133865-185688,WR,Sean,Sean Reese,Reese,,0,4000,MOST@TXAM,MOST,TXAM,,,,,,WR/Super FLEX
133865-226648,WR,Elisha,Elisha Durham,Durham,1.5333333015441895,3,4000,BALL@OSU,BALL,OSU,,,,,,WR/Super FLEX
133865-230760,QB,Will,Will Myers,Myers,,0,4000,BAY@AUB,AUB,BAY,,,,,,QB/Super FLEX
133865-226670,TE,Mason,Mason Riggins,Riggins,,0,4000,BALL@OSU,BALL,OSU,,,,,,WR/Super FLEX
133865-249207,TE,Michael,Michael Osei-Bonsu,Osei-Bonsu,,0,4000,MOST@TXAM,MOST,TXAM,,,,,,WR/Super FLEX
133865-243079,WR,Tyree,Tyree Holloway,Holloway,,0,4000,CLEM@LSU,LSU,CLEM,,,,,,WR/Super FLEX
133865-206219,QB,Bodie,Bodie Derrer,Derrer,,0,4000,BALL@OSU,BALL,OSU,,,,,,QB/Super FLEX
133865-249242,WR,Eli,Eli Nikolas,Nikolas,,0,4000,NTEX@IND,NTEX,IND,,,,,,WR/Super FLEX
133865-202142,QB,Ryder,Ryder Hayes,Hayes,,0,4000,BOIS@ORE,ORE,BOIS,,,,,,QB/Super FLEX
133865-206245,QB,Dagan,Dagan Bruno,Bruno,,0,4000,TULN@DUKE,TULN,DUKE,,,,,,QB/Super FLEX
133865-202154,WR,Dillon,Dillon Gresham,Gresham,,0,4000,BOIS@ORE,ORE,BOIS,D,Neck,,,,WR/Super FLEX
133865-202152,TE,A.J.,A.J. Pugliano,Pugliano,,0,4000,BOIS@ORE,ORE,BOIS,,,,,,WR/Super FLEX
133865-206254,WR,Kellen,Kellen Tasby,Tasby,,0,4000,TULN@DUKE,TULN,DUKE,,,,,,WR/Super FLEX
133865-247213,WR,Kena,Kena Rego,Rego,,0,4000,ARKST@MEM,ARKST,MEM,,,,,,WR/Super FLEX
133865-206252,WR,Seth,Seth Gale,Gale,,0,4000,TULN@DUKE,TULN,DUKE,,,,,,WR/Super FLEX
133865-206258,WR,Walker,Walker Davis,Davis,,0,4000,TULN@DUKE,TULN,DUKE,,,,,,WR/Super FLEX
133865-206260,TE,DJ,DJ Cicero,Cicero,,0,4000,TULN@DUKE,TULN,DUKE,,,,,,WR/Super FLEX
133865-247226,WR,Dallas,Dallas Boozer,Boozer,,0,4000,ARKST@MEM,ARKST,MEM,,,,,,WR/Super FLEX
133865-206265,WR,Javion,Javion White,White,,0,4000,ORST@HOU,HOU,ORST,,,,,,WR/Super FLEX
133865-230846,WR,Will,Will Hargett,Hargett,,0,4000,MOST@TXAM,TXAM,MOST,,,,,,WR/Super FLEX
133865-247230,WR,Deshaun,Deshaun Fedd,Fedd,,0,4000,ARKST@MEM,ARKST,MEM,,,,,,WR/Super FLEX
133865-183740,RB,Cole,Cole Cabana,Cabana,0.8999999761581421,1,4000,WMU@MICH,WMU,MICH,,,,,,RB/Super FLEX
133865-202192,WR,AJ,AJ Maes,Maes,,0,4000,BOIS@ORE,BOIS,ORE,,,,,,WR/Super FLEX
133865-177623,WR,Logan,Logan Forbes,Forbes,,0,4000,WMU@MICH,MICH,WMU,,,,,,WR/Super FLEX
133865-177624,RB,Nico,Nico Andrighetto,Andrighetto,,0,4000,WMU@MICH,MICH,WMU,,,,,,RB/Super FLEX
133865-202206,WR,Peter,Peter Gonzalez,Gonzalez,,0,4000,MAR@PSU,PSU,MAR,,,,,,WR/Super FLEX
133865-243171,WR,Flynn,Flynn Schiele,Schiele,,0,4000,BC@CIN,CIN,BC,,,,,,WR/Super FLEX
133865-189935,WR,Bryce,Bryce Chambers,Chambers,,0,4000,TXST@TEX,TEX,TXST,,,,,,WR/Super FLEX
133865-204270,WR,Paxon,Paxon Kettering,Kettering,,0,4000,TULN@DUKE,DUKE,TULN,,,,,,WR/Super FLEX
133865-243182,WR,Pierce,Pierce Ayers,Ayers,,0,4000,BC@CIN,CIN,BC,,,,,,WR/Super FLEX
133865-189937,WR,Ty,Ty Boatright,Boatright,,0,4000,TXST@TEX,TEX,TXST,,,,,,WR/Super FLEX
133865-204277,RB,Cole,Cole Denson,Denson,,0,4000,TULN@DUKE,DUKE,TULN,,,,,,RB/Super FLEX
133865-189948,TE,Will,Will Randle,Randle,,0,4000,TXST@TEX,TEX,TXST,,,,,,WR/Super FLEX
133865-230931,WR,Jordan,Jordan Manuel,Manuel,,0,4000,MOST@TXAM,MOST,TXAM,,,,,,WR/Super FLEX
133865-249379,WR,Blake,Blake Rohrer,Rohrer,,0,4000,TULN@DUKE,DUKE,TULN,,,,,,WR/Super FLEX
133865-183871,WR,Ray Ray,Ray Ray Joseph Jr.,Joseph Jr.,3.5,1,4000,ECU@BAMA,ECU,BAMA,P,Undisclosed,,,,WR/Super FLEX
133865-187994,WR,Nolan,Nolan Baudo,Baudo,,0,4000,BALL@OSU,OSU,BALL,,,,,,WR/Super FLEX
133865-190063,WR,Corey,Corey Thompson Jr.,Thompson Jr.,,0,4000,BALL@OSU,BALL,OSU,,,,,,WR/Super FLEX
133865-206459,TE,Ridge,Ridge Barker,Barker,,0,4000,TXST@TEX,TEX,TXST,,,,,,WR/Super FLEX
133865-206461,QB,Jeremy,Jeremy St-Hilaire,St-Hilaire,,0,4000,ARKST@MEM,ARKST,MEM,,,,,,QB/Super FLEX
133865-192125,TE,Jalen,Jalen Hoffman,Hoffman,,0,4000,WMU@MICH,MICH,WMU,,,,,,WR/Super FLEX
133865-206467,WR,Witt,Witt Edwards,Edwards,,0,4000,MOST@TXAM,MOST,TXAM,,,,,,WR/Super FLEX
133865-192139,TE,Finn,Finn Furmanek,Furmanek,,0,4000,MAR@PSU,PSU,MAR,,,,,,WR/Super FLEX
133865-192142,WR,Ethan,Ethan Black,Black,,0,4000,MAR@PSU,PSU,MAR,,,,,,WR/Super FLEX
133865-192143,QB,Jack,Jack Lambert,Lambert,,0,4000,MAR@PSU,PSU,MAR,,,,,,QB/Super FLEX
133865-247459,QB,Holt,Holt Teichman,Teichman,,0,4000,TULN@DUKE,TULN,DUKE,,,,,,QB/Super FLEX
133865-231079,WR,Kavon,Kavon Simmons,Simmons,,0,4000,TULN@DUKE,DUKE,TULN,,,,,,WR/Super FLEX
133865-247463,TE,Beckham,Beckham Hofland,Hofland,,0,4000,BOIS@ORE,BOIS,ORE,,,,,,WR/Super FLEX
133865-247460,RB,Jordan,Jordan West,West,,0,4000,TULN@DUKE,TULN,DUKE,,,,,,RB/Super FLEX
133865-237226,WR,Aaron,Aaron Bidwell,Bidwell,,0,4000,BOIS@ORE,ORE,BOIS,,,,,,WR/Super FLEX
133865-247464,RB,Mariyon,Mariyon Sloan,Sloan,,0,4000,BOIS@ORE,BOIS,ORE,,,,,,RB/Super FLEX
133865-183982,RB,Keany,Keany Parks,Parks,0,1,4000,ORST@HOU,HOU,ORST,,,,,,RB/Super FLEX
133865-247474,WR,Romeo,Romeo Carter,Carter,,0,4000,BOIS@ORE,BOIS,ORE,,,,,,WR/Super FLEX
133865-231093,WR,Amare,Amare Whetsell,Whetsell,,0,4000,MOST@TXAM,MOST,TXAM,,,,,,WR/Super FLEX
133865-247477,WR,Lincoln,Lincoln Dunn,Dunn,,0,4000,BOIS@ORE,BOIS,ORE,,,,,,WR/Super FLEX
133865-192186,QB,Brock,Brock Thomas,Thomas,1.816666603088379,6,4000,BOIS@ORE,ORE,BOIS,,,,,,QB/Super FLEX
133865-231099,WR,Gabe,Gabe Aramboles,Aramboles,,0,4000,BALL@OSU,BALL,OSU,,,,,,WR/Super FLEX
133865-192189,TE,Zach,Zach Grace,Grace,,0,4000,CLEM@LSU,LSU,CLEM,,,,,,WR/Super FLEX
133865-247484,QB,Canon,Canon Toon,Toon,,0,4000,ORST@HOU,HOU,ORST,,,,,,QB/Super FLEX
133865-247489,TE,Jack,Jack Gaskins,Gaskins,,0,4000,TULN@DUKE,DUKE,TULN,,,,,,WR/Super FLEX
133865-231111,WR,Brycen,Brycen Dorsey,Dorsey,,0,4000,MOST@TXAM,MOST,TXAM,,,,,,WR/Super FLEX
133865-247492,WR,Jackson,Jackson Maggiore,Maggiore,,0,4000,TULN@DUKE,DUKE,TULN,,,,,,WR/Super FLEX
133865-192216,WR,Xavyion,Xavyion Noland,Noland,,0,4000,ORST@HOU,ORST,HOU,,,,,,WR/Super FLEX
133865-231144,WR,Jonah,Jonah Jones,Jones,,0,4000,TXST@TEX,TXST,TEX,,,,,,WR/Super FLEX
133865-177910,TE,Will,Will Gerig,Gerig,,0,4000,WMU@MICH,WMU,MICH,,,,,,WR/Super FLEX
133865-190198,QB,Will,Will Kocher,Kocher,,0,4000,BC@CIN,CIN,BC,,,,,,QB/Super FLEX
133865-229121,WR,Mason,Mason Scott,Scott,,0,4000,ECU@BAMA,ECU,BAMA,,,,,,WR/Super FLEX
133865-184065,QB,Jakson,Jakson Judge,Judge,,0,4000,TULN@DUKE,TULN,DUKE,,,,,,QB/Super FLEX
133865-229126,QB,Koi,Koi Fagan,Fagan,,0,4000,MAR@PSU,MAR,PSU,,,,,,QB/Super FLEX
133865-229131,QB,Kaden,Kaden Martin,Martin,,0,4000,CLEM@LSU,LSU,CLEM,,,,,,QB/Super FLEX
133865-231181,WR,Gavin,Gavin Packer,Packer,,0,4000,BOIS@ORE,BOIS,ORE,,,,,,WR/Super FLEX
133865-229132,WR,Cash,Cash Semonza,Semonza,,0,4000,TULN@DUKE,TULN,DUKE,,,,,,WR/Super FLEX
133865-208663,WR,Alex,Alex Moye,Moye,,0,4000,ECU@BAMA,ECU,BAMA,,,,,,WR/Super FLEX
133865-231191,RB,Cole,Cole Pryor,Pryor,,0,4000,TXST@TEX,TXST,TEX,,,,,,RB/Super FLEX
133865-229142,WR,Atley,Atley Cowan,Cowan,,0,4000,MAR@PSU,MAR,PSU,,,,,,WR/Super FLEX
133865-208665,WR,Jason,Jason Dickerson,Dickerson,,0,4000,ECU@BAMA,ECU,BAMA,,,,,,WR/Super FLEX
133865-231198,WR,Ben,Ben Jackson,Jackson,,0,4000,ECU@BAMA,BAMA,ECU,,,,,,WR/Super FLEX
133865-208675,WR,Trenton,Trenton Cloud,Cloud,,0,4000,ECU@BAMA,ECU,BAMA,,,,,,WR/Super FLEX
133865-208672,WR,Ty,Ty Johnson,Johnson,,0,4000,ECU@BAMA,ECU,BAMA,,,,,,WR/Super FLEX
133865-229163,QB,Cade,Cade Scott,Scott,,0,4000,TULN@DUKE,TULN,DUKE,,,,,,QB/Super FLEX
133865-210730,RB,Michael,Michael Beatty,Beatty,,0,4000,ECU@BAMA,ECU,BAMA,,,,,,RB/Super FLEX
133865-200495,TE,Cole,Cole Snodgrass,Snodgrass,,0,4000,TXST@TEX,TXST,TEX,,,,,,WR/Super FLEX
133865-229183,WR,AJ,AJ Bell Jr.,Bell Jr.,,0,4000,MOST@TXAM,MOST,TXAM,,,,,,WR/Super FLEX
133865-231236,QB,Mason,Mason Schubert,Schubert,,0,4000,ARKST@MEM,ARKST,MEM,,,,,,QB/Super FLEX
133865-202573,TE,Victor,Victor Aderungboye,Aderungboye,0,3,4000,NTEX@IND,NTEX,IND,,,,,,WR/Super FLEX
133865-184141,WR,Tony,Tony Martin,Martin,,0,4000,MAR@PSU,MAR,PSU,,,,,,WR/Super FLEX
133865-202587,WR,Kyle,Kyle Koch,Koch,2.700000047683716,1,4000,NTEX@IND,NTEX,IND,,,,,,WR/Super FLEX
133865-182107,QB,Jake,Jake Sock,Sock,,0,4000,ORST@HOU,HOU,ORST,,,,,,QB/Super FLEX
133865-229215,WR,Davian,Davian Jackson,Jackson,,0,4000,TXST@TEX,TXST,TEX,,,,,,WR/Super FLEX
133865-231291,WR,AJ,AJ Jones,Jones,,0,4000,BOIS@ORE,BOIS,ORE,,,,,,WR/Super FLEX
133865-202623,TE,Nathan,Nathan Sines,Sines,,0,4000,WMU@MICH,WMU,MICH,,,,,,WR/Super FLEX
133865-243589,TE,Parker,Parker Elmore,Elmore,,0,4000,NTEX@IND,IND,NTEX,,,,,,WR/Super FLEX
133865-198536,WR,Ryan,Ryan Burtin,Burtin,,0,4000,MOST@TXAM,TXAM,MOST,,,,,,WR/Super FLEX
133865-243592,WR,Jerquaden,Jerquaden Guilford,Guilford,,0,4000,BALL@OSU,OSU,BALL,,,,,,WR/Super FLEX
133865-251791,WR,Evan,Evan Enderlin,Enderlin,,0,4000,TXST@TEX,TEX,TXST,,,,,,WR/Super FLEX
133865-229269,QB,Denzel,Denzel Gardner,Gardner,,0,4000,ARKST@MEM,MEM,ARKST,,,,,,QB/Super FLEX
133865-245659,QB,Kase,Kase Evans,Evans,,0,4000,MAR@PSU,PSU,MAR,,,,,,QB/Super FLEX
133865-245662,RB,D'Antae,D'Antae Sheffey,Sheffey,,0,4000,MAR@PSU,PSU,MAR,Q,Undisclosed,,,,RB/Super FLEX
133865-245664,QB,Peyton,Peyton Falzone,Falzone,,0,4000,MAR@PSU,PSU,MAR,,,,,,QB/Super FLEX
133865-210853,WR,Hudson,Hudson Powell,Powell,,0,4000,TXST@TEX,TEX,TXST,,,,,,WR/Super FLEX
133865-243621,WR,Jaeden,Jaeden Ricketts,Ricketts,,0,4000,BALL@OSU,OSU,BALL,,,,,,WR/Super FLEX
133865-208811,WR,Michael,Michael Landolfi,Landolfi,,0,4000,BC@CIN,BC,CIN,,,,,,WR/Super FLEX
133865-208809,TE,Brady,Brady Clough,Clough,,0,4000,BC@CIN,BC,CIN,,,,,,WR/Super FLEX
133865-208815,WR,Zach,Zach Schnorrbusch,Schnorrbusch,,0,4000,BC@CIN,BC,CIN,,,,,,WR/Super FLEX
133865-208812,QB,Johnathan,Johnathan Montague Jr.,Montague Jr.,,0,4000,BC@CIN,BC,CIN,,,,,,QB/Super FLEX
133865-243628,QB,Brady,Brady Geibel,Geibel,,0,4000,BALL@OSU,OSU,BALL,,,,,,QB/Super FLEX
133865-208818,TE,Danny,Danny Edgehille,Edgehille,,0,4000,BC@CIN,BC,CIN,,,,,,WR/Super FLEX
133865-243640,TE,Nick,Nick Lautar,Lautar,,0,4000,BALL@OSU,OSU,BALL,,,,,,WR/Super FLEX
133865-241596,QB,Tayden-Evan,Tayden-Evan Kaawa,Kaawa,,0,4000,ECU@BAMA,BAMA,ECU,,,,,,QB/Super FLEX
133865-229312,TE,Brandon,Brandon Hettwer,Hettwer,,0,4000,MAR@PSU,MAR,PSU,,,,,,WR/Super FLEX
133865-223173,WR,Sam,Sam Turner,Turner,,0,4000,BAY@AUB,AUB,BAY,,,,,,WR/Super FLEX
133865-241618,TE,Jude,Jude Cascone,Cascone,,0,4000,ECU@BAMA,BAMA,ECU,,,,,,WR/Super FLEX
133865-243666,WR,Amari,Amari Valerio-Hudson,Valerio-Hudson,,0,4000,BALL@OSU,OSU,BALL,,,,,,WR/Super FLEX
133865-229333,RB,Taizaun,Taizaun Burns,Burns,,0,4000,BC@CIN,CIN,BC,,,,,,RB/Super FLEX
133865-231387,WR,Hunter,Hunter Stroud,Stroud,,0,4000,NTEX@IND,IND,NTEX,,,,,,WR/Super FLEX
133865-223222,TE,Ryan,Ryan Ghea,Ghea,0.5,2,4000,BAY@AUB,AUB,BAY,,,,,,WR/Super FLEX
133865-241652,TE,Xavier,Xavier Newsom,Newsom,,0,4000,BAY@AUB,AUB,BAY,,,,,,WR/Super FLEX
133865-231417,WR,Jack,Jack Purkerson,Purkerson,,0,4000,CLEM@LSU,CLEM,LSU,,,,,,WR/Super FLEX
133865-202748,WR,Aaron,Aaron Davis,Davis,,0,4000,ORST@HOU,HOU,ORST,,,,,,WR/Super FLEX
133865-245756,WR,Gatlin,Gatlin Bair,Bair,,0,4000,BOIS@ORE,ORE,BOIS,,,,,,WR/Super FLEX