Team,Conference.y,Nat_Bet365,Nat_BetMGM,Nat_Caesars,Nat_DraftKings,Nat_FanDuel,Nat_RiversCasino,Conf_Bet365,Conf_BetMGM,Conf_Caesars,Conf_DraftKings,Conf_FanDuel,Conf_RiversCasino,Win_BetMGM_Line,Win_BetMGM_Odds,Win_BetMGM_OverUnder,Win_BetMGM_TotalLine,Win_Caesars_Line,Win_Caesars_Odds,Win_Caesars_OverUnder,Win_Caesars_TotalLine,Win_DraftKings_Line,Win_DraftKings_Odds,Win_DraftKings_OverUnder,Win_DraftKings_TotalLine,Win_FanDuel_Line,Win_FanDuel_Odds,Win_FanDuel_OverUnder,Win_FanDuel_TotalLine,Win_RiversCasino_Line,Win_RiversCasino_Odds,Win_RiversCasino_OverUnder,Win_RiversCasino_TotalLine
Ohio State,Big Ten,175,+450,+425,+550,+420,+450,-120,-115,-120,+170,-115,-121,9.5,-235,Over,o9.5,,,,,,,,,9.5,-245,Over,o9.5,9.5,-250,Over,o9.5
Indiana,Big Ten,500,+1000,+1000,+950,+900,+1000,+250,+300,+250,+255,+240,+265,10.5,-130,Over,o10.5,,,,,,,,,10.5,-136,Over,o10.5,10.5,-139,Over,o10.5
Notre Dame,FBS Independents,900,+600,+575,+610,+550,+575,,,,,,,11.5,140,Over,o11.5,,,,,,,,,11.5,106,Over,o11.5,11.5,132,Over,o11.5
Oregon,Big Ten,1100,+2200,+2000,+950,+2000,+1800,+450,+450,+450,+280,+490,+475,9.5,130,Over,o9.5,,,,,,,,,9.5,122,Over,o9.5,9.5,120,Over,o9.5
Texas Tech,Big 12,1200,+6600,+6500,+2200,+7500,+5000,+225,+200,+250,+240,+260,+225,10.5,100,Over,o10.5,,,,,10.5,-200,Over,o10.5,10.5,108,Over,o10.5,10.5,-106,Over,o10.5
Alabama,SEC,1400,+1100,+1000,+2500,+900,+1100,+350,+275,+350,+850,+290,+350,9.5,-185,Over,o9.5,,,,,,,,,10.5,-100,Over,o10.5,9.5,-200,Over,o9.5
Georgia,SEC,1000,+550,+500,+720,+500,+500,+160,+165,+145,+250,+195,+180,10.5,-145,Over,o10.5,,,,,10.5,130,Over,o10.5,10.5,-142,Over,o10.5,10.5,-143,Over,o10.5
Texas A&M,SEC,700,+25000,+17500,+2500,+22500,+10000,+20000,+20000,+20000,+1400,+22500,+20000,6.5,110,Over,o6.5,,,,,8.5,115,Over,o8.5,6.5,120,Over,o6.5,6.5,120,Over,o6.5
Miami,ACC,7500,+750,+700,+900,+800,+750,-450,-400,-500,-182,-390,-400,11.5,230,Over,o11.5,,,,,,,,,11.5,240,Over,o11.5,10.5,-315,Over,o10.5
Oklahoma,SEC,2800,+25000,+20000,+2800,+8000,+12500,+7500,+6000,+7500,+950,+4000,+6000,5.5,-155,Over,o5.5,,,,,,,,,6.5,112,Over,o6.5,5.5,-180,Over,o5.5
Utah,Big 12,7500,+8000,+6000,+10000,+7000,+10000,+275,+275,+225,+245,+260,+225,10.5,105,Over,o10.5,,,,,,,,,10.5,110,Over,o10.5,10.5,105,Over,o10.5
Texas,SEC,40000,+600,+600,+650,+650,+725,+260,+250,+280,+300,+260,+260,10.5,120,Over,o10.5,,,,,,,,,10.5,114,Over,o10.5,10.5,105,Over,o10.5
Vanderbilt,SEC,7500,+200000,+125000,+28000,+125000,+100000,+40000,+50000,+40000,+9400,+40000,+40000,4.5,-185,Over,o4.5,,,,,4.5,-210,Over,o4.5,4.5,-188,Over,o4.5,4.5,-182,Over,o4.5
Ole Miss,SEC,2000,+3500,+2500,+2700,+3000,+2500,+1400,+2000,+1800,+1300,+1600,+1600,8.5,115,Over,o8.5,,,,,,,,,8.5,122,Over,o8.5,8.5,115,Over,o8.5
Missouri,SEC,,+12500,+10000,+10000,+10000,+10000,+7500,+6000,+6000,+3500,+6000,+7500,7.5,110,Over,o7.5,,,,,7.5,105,Over,o7.5,7.5,112,Over,o7.5,7.5,110,Over,o7.5
BYU,Big 12,15000,+10000,+8000,+9000,+12500,+9000,+350,+300,+325,+300,+450,+460,8.5,-250,Over,o8.5,,,,,,,,,8.5,-172,Over,o8.5,8.5,-240,Over,o8.5
Iowa,Big Ten,,+35000,+30000,+14000,+30000,+12500,+5000,+6000,+5000,+3300,+7500,+7000,8.5,125,Over,o8.5,,,,,,,,,7.5,-174,Over,o7.5,8.5,125,Over,o8.5
USC,Big Ten,,+12500,+10000,+3500,+17500,+5000,+4000,+4000,+4500,+1300,+6500,+4000,7.5,-175,Over,o7.5,,,,,,,,,7.5,-142,Over,o7.5,7.5,-155,Over,o7.5
Tennessee,SEC,100000,+8000,+7500,+6500,+7500,+6000,+3500,+3500,+4000,+1700,+3500,+3300,8.5,125,Over,o8.5,,,,,,,,,8.5,124,Over,o8.5,8.5,120,Over,o8.5
Michigan,Big Ten,10000,+100000,+80000,+8000,+75000,+12500,+30000,+20000,+30000,+3200,+40000,+40000,6.5,110,Over,o6.5,,,,,7.5,120,Over,o7.5,6.5,106,Over,o6.5,6.5,107,Over,o6.5
Penn State,Big Ten,,+100000,+100000,+5000,+125000,+12500,+50000,+50000,+40000,+1700,+40000,+40000,7.5,-120,Over,o7.5,,,,,9.5,105,Over,o9.5,7.5,-120,Over,o7.5,7.5,-148,Over,o7.5
Arizona,Big 12,,+50000,+50000,+35000,+70000,+50000,+2500,+3000,+2200,+2100,+2200,+3000,7.5,-130,Over,o7.5,,,,,7.5,-170,Over,o7.5,7.5,-138,Over,o7.5,7.5,-134,Over,o7.5
Auburn,SEC,,+75000,+75000,+9000,+125000,+25000,+40000,+50000,+40000,+5500,+40000,+40000,6.5,200,Over,o6.5,,,,,,,,,5.5,-178,Over,o5.5,6.5,162,Over,o6.5
James Madison,Sun Belt,100000,+100000,+100000,+100000,+125000,+100000,-120,+115,-125,+280,+110,+100,8.5,-155,Over,o8.5,,,,,10.5,-160,Over,o10.5,10.5,-162,Over,o10.5,,,,
LSU,SEC,,+1600,+1300,+1100,+1900,+1500,+800,+900,+800,+600,+1000,+850,9.5,155,Over,o9.5,,,,,,,,,8.5,-158,Over,o8.5,9.5,155,Over,o9.5
Washington,Big Ten,,+150000,+125000,+12000,+125000,+20000,+40000,+10000,+40000,+2800,+40000,+40000,6.5,140,Over,o6.5,,,,,,,,,6.5,122,Over,o6.5,6.5,130,Over,o6.5
TCU,Big 12,,+30000,+125000,+75000,+125000,+40000,+20000,+15000,+20000,+25000,+17500,+20000,4.5,-125,Over,o4.5,,,,,6.5,110,Over,o6.5,4.5,-125,Over,o4.5,4.5,-141,Over,o4.5
South Florida,American Athletic,100000,+200000,+125000,+100000,+125000,+75000,+2500,+1000,+2300,+800,+3300,+1000,8.5,115,Over,o8.5,,,,,8.5,110,Over,o8.5,7.5,-104,Over,o7.5,,,,
Clemson,ACC,,+50000,+100000,+50000,+125000,+40000,+6000,+5000,+7000,+2300,+5000,+5000,6.5,-165,Over,o6.5,,,,,,,,,7.5,136,Over,o7.5,6.5,-167,Over,o6.5
Cincinnati,Big 12,,+150000,+125000,+100000,+125000,+100000,+10000,+12500,+10000,+9000,+8000,+8000,6.5,115,Over,o6.5,,,,,6.5,110,Over,o6.5,6.5,114,Over,o6.5,6.5,125,Over,o6.5
Florida State,ACC,,+150000,+125000,+130000,+100000,+100000,+6000,+5000,+5500,+12000,+5500,+5500,6.5,120,Over,o6.5,,,,,,,,,6.5,110,Over,o6.5,6.5,118,Over,o6.5
Illinois,Big Ten,,,+150000,+50000,+125000,+100000,+40000,+20000,+40000,+15000,+40000,+40000,4.5,100,Over,o4.5,,,,,4.5,102,Over,o4.5,4.5,104,Over,o4.5,4.5,114,Over,o4.5
North Texas,American Athletic,50000,+200000,+200000,+200000,+125000,+100000,+550,+400,+600,+2800,+600,+650,,,,,,,,,6.5,134,Over,o6.5,7.5,-154,Over,o7.5,,,,
Pittsburgh,ACC,50000,+100000,+30000,+40000,+100000,+25000,+2200,+1800,+2200,+2100,+2500,+2000,8.5,-145,Over,o8.5,,,,,8.5,-140,Over,o8.5,8.5,-132,Over,o8.5,8.5,-162,Over,o8.5
SMU,ACC,25000,+50000,+30000,+10000,+70000,+20000,+1200,+1500,+1200,+520,+1800,+1500,8.5,-105,Over,o8.5,,,,,,,,,8.5,106,Over,o8.5,8.5,105,Over,o8.5
Georgia Tech,ACC,75000,+250000,+150000,+100000,+125000,+100000,+30000,+40000,+30000,+8000,+40000,+40000,3.5,120,Over,o3.5,,,,,3.5,100,Over,o3.5,3.5,118,Over,o3.5,3.5,100,Over,o3.5
Louisville,ACC,,+100000,+100000,+13000,+125000,+20000,+6000,+8000,+6000,+750,+8000,+8500,6.5,-140,Over,o6.5,,,,,,,,,6.5,-162,Over,o6.5,8.5,125,Over,o8.5
Iowa State,Big 12,,+100000,+125000,+100000,+125000,+100000,+10000,+12500,+8000,+12500,+7000,+7000,5.5,-115,Over,o5.5,,,,,5.5,-115,Over,o5.5,5.5,-113,Over,o5.5,5.5,105,Over,o5.5
Kansas State,Big 12,,+75000,+55000,+40000,+40000,+40000,+3000,+3000,+3000,+3000,+2200,+2800,7.5,-175,Over,o7.5,,,,,7.5,-160,Over,o7.5,7.5,-170,Over,o7.5,7.5,-177,Over,o7.5
Arkansas,SEC,,+25000,+150000,+90000,+125000,+50000,+50000,+50000,+40000,+30000,+40000,+30000,3.5,160,Over,o3.5,,,,,3.5,140,Over,o3.5,3.5,140,Over,o3.5,3.5,157,Over,o3.5
Florida,SEC,,+3500,+3500,+7000,+3500,+3000,+1600,+2000,+1600,+2700,+2200,+2100,8.5,105,Over,o8.5,,,,,,,,,8.5,116,Over,o8.5,8.5,100,Over,o8.5
Mississippi State,SEC,,+25000,+22500,+75000,+17500,+9000,+10000,+12500,+9000,+20000,+10000,+10000,7.5,120,Over,o7.5,,,,,7.5,-105,Over,o7.5,7.5,-100,Over,o7.5,7.5,120,Over,o7.5
Arizona State,Big 12,100000,+100000,+90000,+30000,+125000,+30000,+4000,+5000,+5000,+6000,+5000,+5000,5.5,-130,Over,o5.5,,,,,6.5,-130,Over,o6.5,5.5,-146,Over,o5.5,5.5,-121,Over,o5.5
Houston,Big 12,,+25000,+22500,+30000,+25000,+25000,+1200,+1600,+1500,+1400,+1400,+1100,8.5,115,Over,o8.5,,,,,8.5,110,Over,o8.5,8.5,120,Over,o8.5,8.5,115,Over,o8.5
South Carolina,SEC,,+200000,+12000,+12000,+125000,+50000,+40000,+50000,+4000,+4200,+4500,+5500,4.5,-115,Over,o4.5,,,,,6.5,-120,Over,o6.5,4.5,-102,Over,o4.5,4.5,-121,Over,o4.5
Kentucky,SEC,,+75000,+50000,+45000,+40000,+40000,+20000,+50000,+20000,+15000,+15000,+20000,6.5,110,Over,o6.5,,,,,6.5,-105,Over,o6.5,6.5,-106,Over,o6.5,6.5,115,Over,o6.5
Kansas,Big 12,,+200000,+150000,+80000,+125000,+100000,+15000,+12500,+12500,+17000,+12500,+10000,4.5,-125,Over,o4.5,,,,,4.5,-136,Over,o4.5,4.5,-115,Over,o4.5,4.5,-125,Over,o4.5
Virginia,ACC,40000,+150000,+100000,+35000,+125000,+30000,+4000,+5000,+5500,+1550,+5000,+5500,6.5,-145,Over,o6.5,,,,,8.5,100,Over,o8.5,6.5,-160,Over,o6.5,6.5,-129,Over,o6.5
Baylor,Big 12,,+75000,+77500,+100000,+50000,+75000,+1600,+1600,+1500,+1400,+1000,+2000,7.5,-110,Over,o7.5,,,,,7.5,100,Over,o7.5,7.5,-132,Over,o7.5,6.5,-240,Over,o6.5
Old Dominion,Sun Belt,,,+100000,+100000,+125000,+100000,+30000,+40000,+26000,+470,+40000,+40000,7.5,-105,Over,o7.5,,,,,7.5,110,Over,o7.5,3.5,-142,Over,o3.5,,,,
Duke,ACC,,+75000,+55000,+90000,+60000,+75000,+2500,+2000,+2000,+7800,+2000,+2000,7.5,-175,Over,o7.5,,,,,7.5,-180,Over,o7.5,8.5,106,Over,o8.5,7.5,-182,Over,o7.5
NC State,ACC,,+200000,+150000,+100000,+125000,+100000,+6000,+5000,+6500,+8400,+8000,+7500,6.5,-160,Over,o6.5,,,,,6.5,-170,Over,o6.5,6.5,-150,Over,o6.5,6.5,-162,Over,o6.5
East Carolina,American Athletic,,,+150000,+100000,+125000,+100000,+1400,+1200,+1400,+710,+1300,+1400,7.5,125,Over,o7.5,,,,,,,,,6.5,-128,Over,o6.5,,,,
Northwestern,Big Ten,,,+27500,+100000,+30000,+75000,+10000,+12500,+9000,+50000,+10000,+10000,7.5,-145,Over,o7.5,,,,,7.5,-136,Over,o7.5,7.5,-174,Over,o7.5,7.5,-177,Over,o7.5
Tulane,American Athletic,75000,+250000,+150000,+100000,+125000,+100000,+1800,+1400,+1500,+1150,+1200,+1200,6.5,-105,Over,o6.5,,,,,6.5,110,Over,o6.5,6.5,128,Over,o6.5,,,,
Toledo,Mid-American,,,+125000,+120000,+125000,+100000,+180,+160,+175,+440,+180,+190,7.5,100,Over,o7.5,,,,,9.5,-105,Over,o9.5,9.5,-115,Over,o9.5,,,,
Wisconsin,Big Ten,,+75000,+43000,+100000,+40000,+75000,+3000,+3000,+3000,+12000,+3500,+3000,8.5,110,Over,o8.5,,,,,8.5,110,Over,o8.5,8.5,124,Over,o8.5,8.5,115,Over,o8.5
Michigan State,Big Ten,,+250000,+150000,+120000,+125000,+100000,+50000,+50000,+40000,+50000,+40000,+40000,3.5,-145,Over,o3.5,,,,,,,,,3.5,-138,Over,o3.5,3.5,-139,Over,o3.5
Memphis,American Athletic,,,+125000,+95000,+125000,+100000,+240,+225,+240,+475,+220,+240,8.5,-110,Over,o8.5,,,,,8.5,-110,Over,o8.5,9.5,124,Over,o9.5,,,,
Nebraska,Big Ten,,+30000,+22000,+60000,+12500,+40000,+5000,+4000,+4000,+14500,+3000,+5000,8.5,125,Over,o8.5,,,,,6.5,-110,Over,o6.5,8.5,104,Over,o8.5,7.5,-250,Over,o7.5
UNLV,Mountain West,150000,,+125000,+100000,+125000,+75000,+450,+650,+600,+270,+500,+600,7.5,-160,Over,o7.5,,,,,7.5,-150,Over,o7.5,7.5,-130,Over,o7.5,,,,
Wake Forest,ACC,,+75000,+60000,+110000,+50000,+75000,+2200,+2000,+2000,+9400,+2000,+2000,8.5,-125,Over,o8.5,,,,,8.5,-128,Over,o8.5,8.5,-140,Over,o8.5,8.5,-141,Over,o8.5
Navy,American Athletic,100000,,+150000,+90000,+125000,+100000,+5000,+6000,+5000,+325,+6500,+5500,8.5,115,Over,o8.5,,,,,8.5,134,Over,o8.5,4.5,-106,Over,o4.5,,,,
Washington State,Pac-12,,,+80000,+150000,+125000,+100000,,,,,,,,,,,,,,,,,,,3.5,120,Over,o3.5,,,,
Rutgers,Big Ten,,,+75000,+110000,+125000,+100000,,+50000,+40000,+80000,+40000,+40000,2.5,100,Over,o2.5,,,,,2.5,-105,Over,o2.5,2.5,102,Over,o2.5,2.5,105,Over,o2.5
Minnesota,Big Ten,,,+75000,+80000,+125000,+100000,+6000,+8000,+5000,+20000,+8000,+6500,6.5,-130,Over,o6.5,,,,,6.5,-132,Over,o6.5,6.5,-125,Over,o6.5,6.5,-125,Over,o6.5
Texas State,Pac-12,,,+100000,+100000,+125000,+100000,,,,,,,6.5,-120,Over,o6.5,,,,,,,,,6.5,176,Over,o6.5,,,,
UTSA,American Athletic,,,+200000,+200000,+125000,+100000,+275,+350,+275,+450,+310,+340,7.5,-135,Over,o7.5,,,,,7.5,-130,Over,o7.5,8.5,-220,Over,o8.5,,,,
California,ACC,,,+125000,+100000,+125000,+100000,+40000,+50000,+37500,+6000,+40000,+40000,3.5,-150,Over,o3.5,,,,,5.5,105,Over,o5.5,3.5,-170,Over,o3.5,3.5,-155,Over,o3.5
San Diego State,Pac-12,100000,,+60000,+100000,+125000,+75000,150,145,150,150,125,-106,7.5,115,Over,o7.5,,,,,,,,,4.5,112,Over,o4.5,,,,
Boise State,Pac-12,,+75000,+50000,+50000,+30000,+30000,,,,,,,9.5,-175,Over,o9.5,,,,,8.5,-190,Over,o8.5,9.5,-188,Over,o9.5,,,,
UConn,FBS Independents,,+300000,+300000,+300000,+125000,+100000,,,,,,,,,,,,,,,,,,,5.5,-120,Over,o5.5,,,,
Maryland,Big Ten,,+25000,+150000,+120000,+125000,+100000,+50000,+50000,+40000,+35000,+40000,+40000,4.5,150,Over,o4.5,,,,,4.5,154,Over,o4.5,3.5,-196,Over,o3.5,4.5,150,Over,o4.5
UCF,Big 12,,+150000,+125000,+90000,+125000,+75000,+5000,+8000,+7500,+7400,+5500,+5500,6.5,115,Over,o6.5,,,,,6.5,120,Over,o6.5,6.5,108,Over,o6.5,6.5,110,Over,o6.5
New Mexico,Mountain West,,+200000,+100000,+100000,+125000,+100000,+175,+150,+165,+370,+140,+145,8.5,-105,Over,o8.5,,,,,9.5,-115,Over,o9.5,9.5,-154,Over,o9.5,,,,
UCLA,Big Ten,,+20000,+12500,+65000,+12500,+25000,+3000,+3000,+2300,+12000,+3000,+3000,8.5,-175,Over,o8.5,,,,,,,,,8.5,-180,Over,o8.5,8.5,-180,Over,o8.5
North Carolina,ACC,,,+125000,+85000,+125000,+100000,+10000,+8000,+10000,+17000,+8000,+10000,5.5,-115,Over,o5.5,,,,,,,,,5.5,-132,Over,o5.5,5.5,-136,Over,o5.5
Virginia Tech,ACC,,+75000,+50000,+35000,+60000,+25000,+2800,+2000,+2500,+2400,+2700,+2500,8.5,115,Over,o8.5,,,,,,,,,8.5,126,Over,o8.5,8.5,102,Over,o8.5
Colorado,Big 12,,+100000,+150000,+90000,+125000,+100000,+40000,+40000,+40000,+35000,+40000,+40000,3.5,105,Over,o3.5,,,,,,,,,3.5,-104,Over,o3.5,3.5,100,Over,o3.5
Ohio,Mid-American,,,+100000,+150000,+125000,+100000,+700,+700,+700,+650,+850,+700,,,,,,,,,7.5,110,Over,o7.5,7.5,130,Over,o7.5,,,,
Army,American Athletic,,,+150000,+100000,+125000,+100000,+1100,+1300,+1150,+830,+1100,+1150,7.5,-135,Over,o7.5,,,,,,,,,6.5,-130,Over,o6.5,,,,
Purdue,Big Ten,,+200000,+100000,+150000,+125000,+100000,+75000,+50000,+40000,+100000,+40000,+40000,3.5,-150,Over,o3.5,,,,,3.5,-156,Over,o3.5,3.5,-220,Over,o3.5,3.5,-130,Over,o3.5
Utah State,Pac-12,,,+200000,+200000,+125000,+100000,,,,,,,,,,,,,,,,,,,3.5,-174,Over,o3.5,,,,
Stanford,ACC,,,+150000,+150000,+125000,+100000,+50000,+50000,+40000,+40000,+40000,+40000,3.5,-210,Over,o3.5,,,,,3.5,-220,Over,o3.5,3.5,-230,Over,o3.5,3.5,-205,Over,o3.5
Fresno State,Pac-12,,,+125000,+200000,+125000,+100000,,,,,,,6.5,110,Over,o6.5,,,,,,,,,8.5,130,Over,o8.5,,,,
Hawai'i,Mountain West,,,+80000,+200000,+125000,+100000,+20000,+25000,+40000,+1900,+40000,+40000,,,,,,,,,5.5,-166,Over,o5.5,4.5,186,Over,o4.5,,,,
Miami Ohio,Mid-American,,,+200000,+200000,+125000,+100000,+1000,+1000,+1000,+425,+1100,+1000,,,,,,,,,7.5,134,Over,o7.5,6.5,-104,Over,o6.5,,,,
Oklahoma State,Big 12,,+50000,+30000,+100000,+17500,+50000,+1000,+1000,+800,+1150,+800,+900,7.5,-150,Over,o7.5,,,,,,,,,7.5,-170,Over,o7.5,7.5,-167,Over,o7.5
West Virginia,Big 12,,,+125000,+90000,+125000,+75000,+25000,+30000,+20000,+30000,+25000,+25000,5.5,-125,Over,o5.5,,,,,5.5,-105,Over,o5.5,5.5,-142,Over,o5.5,5.5,-130,Over,o5.5
Boston College,ACC,,,+150000,+150000,+125000,+100000,+50000,+50000,+40000,+50000,+40000,+40000,3.5,125,Over,o3.5,,,,,3.5,116,Over,o3.5,3.5,114,Over,o3.5,3.5,125,Over,o3.5
Western Kentucky,Conference USA,,,+100000,+150000,+125000,+100000,+2000,+3500,+2800,+400,+2700,+2900,,,,,,,,,,,,,4.5,-102,Over,o4.5,,,,
Southern Miss,Sun Belt,,,+100000,+200000,+125000,+100000,+10000,+10000,+8500,+5000,+10000,+7500,,,,,,,,,3.5,-136,Over,o3.5,3.5,134,Over,o3.5,,,,
Temple,American Athletic,,,+300000,+300000,+125000,+100000,+2000,+1700,+1900,+3400,+2000,+2500,,,,,,,,,5.5,-136,Over,o5.5,6.5,118,Over,o6.5,,,,
Troy,Sun Belt,,,+200000,+200000,+125000,+100000,+1400,+1500,+1400,+1100,+1400,+1500,,,,,,,,,6.5,-150,Over,o6.5,6.5,-100,Over,o6.5,,,,
Western Michigan,Mid-American,,,+100000,+200000,+125000,+100000,+225,+260,+190,+210,+230,+275,7.5,-175,Over,o7.5,,,,,7.5,-175,Over,o7.5,8.5,126,Over,o8.5,,,,
Air Force,Mountain West,,,+125000,+150000,+125000,+100000,+1000,+1400,+1200,+650,+3000,+1200,7.5,110,Over,o7.5,,,,,7.5,130,Over,o7.5,7.5,136,Over,o7.5,,,,
Louisiana Tech,Sun Belt,,,+300000,+300000,+125000,+100000,+1000,+1000,+1000,+950,+800,+1000,,,,,,,,,5.5,-166,Over,o5.5,7.5,118,Over,o7.5,,,,
Marshall,Sun Belt,,,+300000,+300000,+125000,+100000,+7500,+10000,+7500,+850,+10000,+10000,,,,,,,,,7.5,115,Over,o7.5,6.5,-102,Over,o6.5,,,,
Florida Atlantic,American Athletic,,,+300000,+500000,+125000,+100000,+1200,+1000,+1000,+2300,+1200,+1200,,,,,,,,,5.5,-160,Over,o5.5,7.5,114,Over,o7.5,,,,
Kennesaw State,Conference USA,,,+200000,+200000,+125000,+100000,+2000,+2000,+2000,+650,+2000,+1900,,,,,,,,,6.5,-125,Over,o6.5,5.5,230,Over,o5.5,,,,
San Jose State,Mountain West,,,+500000,+500000,+125000,+100000,+2000,+2000,+2000,+3000,+2200,+2000,,,,,,,,,5.5,-120,Over,o5.5,5.5,-265,Over,o5.5,,,,
Arkansas State,Sun Belt,,,+300000,+300000,+125000,+100000,+10000,+10000,+4000,+1200,+10000,+3000,,,,,,,,,5.5,-186,Over,o5.5,5.5,-102,Over,o5.5,,,,
Florida International,Conference USA,,,+500000,+500000,+125000,+100000,+550,+600,+515,+850,+500,+500,,,,,,,,,5.5,-170,Over,o5.5,6.5,-188,Over,o6.5,,,,
Central Michigan,Mid-American,,,+500000,+500000,+125000,+100000,+1100,+900,+1200,+1000,+1100,+1100,,,,,,,,,6.5,140,Over,o6.5,6.5,-132,Over,o6.5,,,,
Jacksonville State,Conference USA,,,+200000,+200000,+125000,+100000,+350,+400,+375,+580,+500,+500,,,,,,,,,7.5,140,Over,o7.5,7.5,-136,Over,o7.5,,,,
Tulsa,American Athletic,,,+300000,+300000,+125000,,+3000,+2000,+2500,+1750,+2000,+2700,6.5,100,Over,o6.5,,,,,6.5,-150,Over,o6.5,6.5,-138,Over,o6.5,,,,
Louisiana,Sun Belt,,,+200000,+200000,+125000,+100000,+650,+650,+650,+770,+700,+650,,,,,,,,,7.5,105,Over,o7.5,8.5,-111,Over,o8.5,,,,
South Alabama,Sun Belt,,,+300000,+300000,+125000,+100000,+1000,+1000,+1300,+1300,+1300,+1400,,,,,,,,,5.5,-146,Over,o5.5,6.5,-172,Over,o6.5,,,,
Georgia Southern,Sun Belt,,,+200000,+200000,+125000,+100000,+1600,+1000,+1500,+1900,+1000,+1800,,,,,,,,,5.5,134,Over,o5.5,5.5,-128,Over,o5.5,,,,
Appalachian State,Sun Belt,,,+300000,+300000,+125000,+100000,+850,+750,+800,+1150,+800,+800,,,,,,,,,6.5,-130,Over,o6.5,7.5,-162,Over,o7.5,,,,
Liberty,Conference USA,,,+200000,+200000,+125000,+100000,-110,-110,-105,+235,-115,+105,9.5,-125,Over,o9.5,,,,,7.5,-166,Over,o7.5,9.5,-194,Over,o9.5,,,,
Oregon State,Pac-12,,,+200000,+200000,+125000,+100000,,,,,,,,,,,,,,,,,,,7.5,-148,Over,o7.5,,,,
Wyoming,Mountain West,,,+500000,+500000,+125000,+100000,+10000,+12500,+11000,+3500,+10000,+10000,,,,,,,,,4.5,-170,Over,o4.5,4.5,-128,Over,o4.5,,,,
Coastal Carolina,Sun Belt,,,+500000,+500000,+125000,+100000,+10000,+10000,+7500,+2700,+8000,+10000,,,,,,,,,5.5,110,Over,o5.5,3.5,-106,Over,o3.5,,,,
Syracuse,ACC,,,+150000,+200000,+125000,+100000,+40000,+30000,+40000,+10500,+40000,+40000,4.5,-120,Over,o4.5,,,,,4.5,-115,Over,o4.5,4.5,104,Over,o4.5,4.5,-148,Over,o4.5
Missouri State,Conference USA,,,+500000,+500000,+125000,,+2800,+2500,+2600,+3300,+2700,+1800,,,,,,,,,3.5,-146,Over,o3.5,3.5,-122,Over,o3.5,,,,
Nevada,Mountain West,,,+500000,+500000,+125000,+100000,+6000,+6000,+5000,+2500,+4500,+6000,,,,,,,,,5.5,-115,Over,o5.5,4.5,104,Over,o4.5,,,,
Buffalo,Mid-American,,,+300000,+300000,+125000,+100000,+10000,+10000,+9000,+3000,+10000,+7500,,,,,,,,,5.5,125,Over,o5.5,4.5,-136,Over,o4.5,,,,
UAB,American Athletic,,,+250000,+1000000,+125000,+100000,+6000,+8000,+4500,+25000,+4500,+10000,,,,,,,,,3.5,-200,Over,o3.5,5.5,124,Over,o5.5,,,,
Eastern Michigan,Mid-American,,,+1000000,+1000000,+125000,+100000,+1100,+1000,+1000,+1500,+850,+800,,,,,,,,,5.5,120,Over,o5.5,5.5,-178,Over,o5.5,,,,
Rice,American Athletic,,,+500000,+500000,+125000,+100000,+15000,+15000,+13000,+22000,+12500,+10000,,,,,,,,,3.5,-105,Over,o3.5,3.5,140,Over,o3.5,,,,
Middle Tennessee,Conference USA,,,+1000000,+1000000,+125000,+100000,+5000,+3500,+4000,+5500,+3300,+3500,,,,,,,,,3.5,-125,Over,o3.5,4.5,-140,Over,o4.5,,,,
Colorado State,Pac-12,,,+500000,+500000,+125000,+100000,,,,,,,,,,,,,,,,,,,4.5,130,Over,o4.5,,,,
Delaware,Conference USA,,,+200000,+200000,+125000,+100000,+1800,+2000,+1800,+590,+1700,+1700,,,,,,,,,6.5,110,Over,o6.5,5.5,-102,Over,o5.5,,,,
ULM,Sun Belt,,,+1000000,+1000000,+125000,+100000,+40000,+40000,+40000,+10000,+40000,+40000,,,,,,,,,3.5,110,Over,o3.5,1.5,144,Over,o1.5,,,,
Akron,Mid-American,,,+1000000,+1000000,+125000,+100000,+12500,+10000,+9000,+4200,+10000,+8000,,,,,,,,,4.5,130,Over,o4.5,3.5,164,Over,o3.5,,,,
Northern Illinois,Mountain West,,,+500000,+500000,+125000,+100000,+20000,+20000,+20000,+12000,+20000,+20000,,,,,,,,,3.5,130,Over,o3.5,2.5,136,Over,o2.5,,,,
Bowling Green,Mid-American,,,+500000,+500000,+125000,+100000,+2800,+3000,+2700,+2000,+2700,+2300,,,,,,,,,4.5,120,Over,o4.5,4.5,116,Over,o4.5,,,,
Georgia State,Sun Belt,,,+250000,+1000000,+125000,+100000,+1800,+1500,+1500,+12000,+1500,+1200,,,,,,,,,4.5,134,Over,o4.5,7.5,-113,Over,o7.5,,,,
Kent State,Mid-American,,,+1000000,+1000000,+125000,+100000,+7500,+6000,+4500,+5500,+4500,+5000,,,,,,,,,3.5,-105,Over,o3.5,4.5,-128,Over,o4.5,,,,
New Mexico State,Conference USA,,,+1000000,+1000000,+125000,+100000,+2000,+2000,+1700,+1600,+1900,+1700,,,,,,,,,,,,,4.5,-136,Over,o4.5,,,,
UTEP,Mountain West,,,+1000000,+1000000,+125000,+100000,+30000,+30000,+30000,+20000,+40000,+30000,,,,,,,,,3.5,130,Over,o3.5,3.5,172,Over,o3.5,,,,
Charlotte,American Athletic,,,+1000000,+1000000,+125000,+100000,+40000,+50000,+35000,+40000,+40000,+40000,,,,,,,,,1.5,320,Over,o1.5,0.5,-113,Over,o0.5,,,,
Ball State,Mid-American,,,+1000000,+1000000,+125000,+100000,+30000,+30000,+40000,+6500,+40000,+40000,,,,,,,,,,,,,3.5,124,Over,o3.5,,,,
Sam Houston,Conference USA,,,+1000000,+1000000,+125000,+100000,+3000,+2000,+2700,+6000,+2700,+1600,,,,,,,,,3.5,-105,Over,o3.5,4.5,110,Over,o4.5,,,,
UMass,Mid-American,,,+250000,+500000,+125000,+100000,+2500,+2000,+2000,+3000,+2000,+2200,,,,,,,,,5.5,-220,Over,o5.5,7.5,-113,Over,o7.5,,,,
