"game_id","week","home_team","away_team","home_spread","total"
"001094ad5e8edd36b0f407a392085d77","7","Marshall Thundering Herd","Old Dominion Monarchs",14.5,57.5
"002b7d85d301b778efcd83e8bd8cfbd7","11","Toledo Rockets","Northern Illinois Huskies",-14.5,42
"00a6974f28c6bc5a62c7dddffe277772","8","Boston College Eagles","UConn Huskies",1,58
"00e4a622dd9d352a89042411d98011c2","5","Ohio Bobcats","Bowling Green Falcons",-7.5,50
"011ef17b2d5d53a4f74992fa28c703ce","14","Southern Mississippi Golden Eagles","Troy Trojans",-6.5,50.5
"014f34fb67363402c0c5d90db5115c55","12","UConn Huskies","Air Force Falcons",-7.5,64.5
"0169b39d461abff544e93d0287c1fab1","6","Alabama Crimson Tide","Vanderbilt Commodores",-12.5,57
"01952fae15b67aadeb32d7a34d063ee6","6","Buffalo Bulls","Eastern Michigan Eagles",-9.5,53.5
"01a5a9e3a1d3ecea3295256c33dfef3e","14","Minnesota Golden Gophers","Wisconsin Badgers",2.5,38.5
"01d86623adf868d561f8674498fb9eca","11","Memphis Tigers","Tulane Green Wave",-3,53.5
"020028a27dd3acc26e8dc35eb9f65a86","10","Illinois Fighting Illini","Rutgers Scarlet Knights",-13,62.5
"031eaf298fe62f9cc1ee593ebf867ad2","14","Texas Longhorns","Texas A&M Aggies",2.5,53.5
"0340d587efabc6bbf7114392cb51dfd5","1","Rutgers Scarlet Knights","Ohio Bobcats",-15.5,52.5
"03799e82b32ca4fb9dd248a037685d38","1","Akron Zips","Wyoming Cowboys",5,48
"038cd404ffe4a5be92eb7c38c93ffd68","4","UCF Knights","North Carolina Tar Heels",-7,46.5
"03977e2fadb000a89f6b3da8a5b174cd","4","Mississippi State Bulldogs","Northern Illinois Huskies",-24,48.5
"03d3f28e904cf8e05320709c03cbf06e","6","Ball State Cardinals","Ohio Bobcats",14,51.5
"0427477ee198451d3b343adbb969dc75","9","North Carolina Tar Heels","Virginia Cavaliers",10.5,51.5
"0428899902640b8db4774cf8c53379d2","4","Colorado Buffaloes","Wyoming Cowboys",-12,45.5
"04cd118858c9a4749333439b29cdc548","6","Purdue Boilermakers","Illinois Fighting Illini",7.5,55
"04ec553198d4be4f4c61412514fa3ed6","8","Duke Blue Devils","Georgia Tech Yellow Jackets",-3.5,60.5
"05574125db5d3bc8c0a9f0ce97971957","15","Boise State Broncos","UNLV Rebels",-6,59.5
"0626d930549333f431b6e7700ffd7291","6","Maryland Terrapins","Washington Huskies",5.5,52.5
"065fb6a48a35eda8e711f8b37b9f8562","8","New Mexico Lobos","Nevada Wolf Pack",-13.5,49.5
"078a33fd428923f0d673fd35a79edc42","8","California Golden Bears","North Carolina Tar Heels",-7.5,46.5
"07c10f14cd8f63779c9c32a0b015a62e","9","Michigan State Spartans","Michigan Wolverines",14,47.5
"08d8516f4e80463c999592cabffaab09","3","Texas Tech Red Raiders","Oregon State Beavers",-23.5,61.5
"08fe7e0a9a16b45419f955cb3ac4f443","6","Wyoming Cowboys","UNLV Rebels",4,50.5
"09043eb30bb7d92001afc88201788f05","1","Colorado Buffaloes","Georgia Tech Yellow Jackets",3.5,50.5
"091114ab96129401a22aa7b2ba683ec1","1","Baylor Bears","Auburn Tigers",1,57
"09386790d17406b6cf395cc3f5eb7a10","5","Northern Illinois Huskies","San Diego State Aztecs",1.5,42.5
"095df3e0d5e42c81f2ba3918568d6051","1","Ole Miss Rebels","Georgia State Panthers",-32.75,60.5
"0993581f0f1861095ef3ee3b9b84ddbc","12","UNLV Rebels","Utah State Aggies",-4.5,68
"09d90f3370c02dea5e1eac347ffe476f","14","Baylor Bears","Houston Cougars",-2.5,57.5
"09dc8e89288cf0e0a7b356ecba1368bf","8","Bowling Green Falcons","Central Michigan Chippewas",-3.5,43.5
"0a13bda89bf79d35ae4e7f26d142cbd3","10","Florida Gators","Georgia Bulldogs",7,50.5
"0a3c900a4145e5d1e5cd73de1eb34ba7","12","Georgia Southern Eagles","Coastal Carolina Chanticleers",-3,59.5
"0a43c1170a988e95d770ea59eff92696","10","Troy Trojans","Arkansas State Red Wolves",-8.5,52.5
"0a99c4c19ec716237226adf6f20506ce","4","Missouri Tigers","South Carolina Gamecocks",-10,48.5
"0aa30bdb9295af4b13475b7aabb2cfea","5","Virginia Cavaliers","Florida State Seminoles",7,60.5
"0aed7c08799beb9a4ed133518b11194a","5","Penn State Nittany Lions","Oregon Ducks",-3.5,53
"0bf97e02f7764b89a22261ca0e26867a","14","Jacksonville State Gamecocks","Western Kentucky Hilltoppers",2,56.5
"0c23a288344d38514845804a03b43fd3","10","Auburn Tigers","Kentucky Wildcats",-11.75,45
"0c6d8e4de8cd331a55b0c998f5630bee","10","Kansas Jayhawks","Oklahoma State Cowboys",-24.5,54.75
"0d244c0f45b386c4306834705afb971f","8","Jacksonville State Gamecocks","Delaware Blue Hens",3,56.5
"0de6ce3fb8d1eddd40362f63a1c9a089","10","Iowa State Cyclones","Arizona State Sun Devils",-7.5,49
"0deeb2c4386d575a59e7437fe01d1f6f","14","Washington Huskies","Oregon Ducks",7,51.5
"0ee5bcc393d7591e62d85d0090796cdc","1","Southern Mississippi Golden Eagles","Mississippi State Bulldogs",14.5,60.5
"0f077fbc1706837ce351b4841cf850c9","14","Purdue Boilermakers","Indiana Hoosiers",28.5,54
"0f1ce102c69b3c21a363d3997879f16a","14","Kansas Jayhawks","Utah Utes",10.5,60.5
"0f7ab013d577d4ce6596cddb496a4e2e","2","Alabama Crimson Tide","UL Monroe Warhawks",-34.5,49.25
"0fddb3073ac2e4cf64b1fbab530bd46a","5","North Texas Mean Green","South Alabama Jaguars",-11.5,63.5
"1017c0ad63c09ffae97740888d8b1f78","13","Virginia Tech Hokies","Miami Hurricanes",18,49
"10199f7e5c5b453746cded34d0b34e6f","11","Clemson Tigers","Florida State Seminoles",-1.5,56.5
"103dcd715ce54d763f5d49157b11b2a2","4","Oklahoma Sooners","Auburn Tigers",-7,47
"10651a24aaafce3c973435290bb5cc58","2","Western Michigan Broncos","North Texas Mean Green",11.5,56.25
"108112065d320b9bc531736b51f1053f","1","Tulane Green Wave","Northwestern Wildcats",-4.5,46
"10a111c1fd81ba0536dae762d6f9f933","8","Miami Hurricanes","Louisville Cardinals",-10.5,49.5
"115a258be837f0ab18a9e2c4482f49db","12","Florida State Seminoles","Virginia Tech Hokies",-14,55
"116fcf63d006815e16ad77e27a1b7ec6","2","Ohio Bobcats","West Virginia Mountaineers",3.5,58.5
"12046fc0c213511df41b0eac4fc599ca","4","Western Michigan Broncos","Toledo Rockets",13.5,48.5
"1218850e6d356283ca4fdbb33a2b4d33","13","Utah Utes","Kansas State Wildcats",-17.5,52.5
"1248fc45fafc31ef759edb57607c1c0a","10","Coastal Carolina Chanticleers","Marshall Thundering Herd",7,54.75
"125e9c0f6043227f58577c41cbd0e85b","13","Oregon Ducks","USC Trojans",-10.5,59
"12bd1537fbeb1dc2a7c5bffa180a01bc","14","Louisiana Ragin Cajuns","UL Monroe Warhawks",-10.5,47
"1305956eb98f14b25577b43c51660d82","11","San Jose State Spartans","Air Force Falcons",-6,67.5
"139289c50a551da95bd2eabf6369f603","3","Arkansas State Red Wolves","Iowa State Cyclones",21.5,55.5
"13ced0e9ea8ed17742771c1f5aef349e","13","Rice Owls","North Texas Mean Green",18.5,56.5
"13dee23ac75967bb3de963098e51b050","14","UTSA Roadrunners","Army Black Knights",-8,50.5
"13e04598f89948bf768f8f5456c9bc66","4","Wisconsin Badgers","Maryland Terrapins",-10,44.5
"1400414373023c7d699f70c811b981c0","11","Delaware Blue Hens","Louisiana Tech Bulldogs",6,56.5
"140129cd7d0dc8e98b52a47a682134ec","8","Appalachian State Mountaineers","Coastal Carolina Chanticleers",-10.5,48
"14a129638d680c27d25390e3783d7ea2","11","Liberty Flames","Missouri State Bears",-8,51.5
"15fc1863106a88d0c4fbbab5fb4104d8","3","Arizona Wildcats","Kansas State Wildcats",1.5,55.5
"1637d24e5e78c310cc3a006e53d93d24","2","Rutgers Scarlet Knights","Miami (OH) RedHawks",-14.5,45
"16d1658b495dc746aed5d921ffbae9a9","6","Houston Cougars","Texas Tech Red Raiders",13.5,51.5
"1719a33bcb26ce3c5119d8dbbe883d08","8","Houston Cougars","Arizona Wildcats",1.5,47
"17add79d604adf8b590ad1dc8f5cab4e","7","Colorado State Rams","Fresno State Bulldogs",6,47.5
"1803d7f4d655fb3f6d5f39fcfd893b96","1","South Carolina Gamecocks","Virginia Tech Hokies",-6.5,51.5
"181186b4a0b636da7b07c536fafebdfa","12","San Diego State Aztecs","Boise State Broncos",-2.25,41.5
"1814879e45bd0008dd1182de86f8c3ae","7","Texas State Bobcats","Troy Trojans",-7.5,53.5
"181afdc9ce2683ff7c1debad66022351","14","Auburn Tigers","Alabama Crimson Tide",6.5,47
"19367e63058bb517983e08c2502c9c4c","14","Central Michigan Chippewas","Toledo Rockets",11,46.5
"195edecefe4d9e28b6370f4cca6696c9","8","Western Kentucky Hilltoppers","Florida International Panthers",-10.5,55.5
"19c25ee727d70638bb04d4e1bce612ea","4","Duke Blue Devils","NC State Wolfpack",-3,56.5
"1a3f2c51d3af5b356c44b737195a5b46","2","Virginia Tech Hokies","Vanderbilt Commodores",-2,45
"1b1aee18fb11ab2ee4a85cd6c3f53ed3","13","Florida International Panthers","Jacksonville State Gamecocks",-1.5,56
"1b22149e990bdff226742aa529b1147c","5","Northwestern Wildcats","UCLA Bruins",-6,45.5
"1bd680d6e204dc9bea4500e1932e0545","7","Akron Zips","Miami (OH) RedHawks",11.5,47.5
"1bfbad5173d703fa96481a8221e544f7","13","Boise State Broncos","Colorado State Rams",-17.5,45.5
"1c2bc1c8623e7527c13a515529541b89","6","Ohio State Buckeyes","Minnesota Golden Gophers",-23.5,43
"1c9f81f98890e8287c3a203f1b95a78b","5","Kansas State Wildcats","UCF Knights",-5.5,49
"1ce6db5fcde5d7eb3e970bc9489c52fd","9","Kent State Golden Flashes","Bowling Green Falcons",8.5,48
"1d337b460d2d48e8cd152c4cfc0feb65","2","Texas Tech Red Raiders","Kent State Golden Flashes",-48.5,59.75
"1dbdbcf9d57952730a65559b09cc2b36","14","San Jose State Spartans","Fresno State Bulldogs",3.5,46.5
"1e8f948c71b57bb3ab85019401680e55","3","Georgia Tech Yellow Jackets","Clemson Tigers",3,52
"1ea8d1554ca20a37c4891648c8b8707b","13","Troy Trojans","Georgia State Panthers",-9.5,51
"1ee44e88d618c903c43292b3aa6443b4","7","UTEP Miners","Liberty Flames",2,46
"1fa46226598488bf1844c212919bccc0","3","Coastal Carolina Chanticleers","East Carolina Pirates",7,57.5
"2073cfebcfc3368e22b436a6edf10cef","8","Ohio Bobcats","Northern Illinois Huskies",-10.5,42
"20740de7481ec1f20c2efbc30852f6c6","1","Kansas State Wildcats","Iowa State Cyclones",-3,51.5
"208a16b828d2456abbb1f12037625758","3","Virginia Tech Hokies","Old Dominion Monarchs",-5.5,51
"2147ecdbd826245e414d585251ef87e1","2","Colorado Buffaloes","Delaware Blue Hens",-24,49.5
"2158ab9881202465881edfe230af0bf6","7","Colorado Buffaloes","Iowa State Cyclones",3,52
"21c67118f480a739b3961a7d3bb128d1","13","Kent State Golden Flashes","Central Michigan Chippewas",7.5,50.5
"221109619a512745557119257181ec71","12","Northwestern Wildcats","Michigan Wolverines",10,41.5
"228355203b7cb130a9276d7b3f01c1e7","12","Charlotte 49ers","UTSA Roadrunners",17,58
"22a1dc3f8ead3ed004f12a805b5f0bba","5","Kennesaw State Owls","Middle Tennessee Blue Raiders",-7,53.5
"22b680e3b474d2c7da3c0f3d223374c4","6","Baylor Bears","Kansas State Wildcats",-4.5,60.5
"22ef820a384ce82c9d0d9c530451b8ae","2","Duke Blue Devils","Illinois Fighting Illini",2.5,49
"2307b8527e5d6be27f3190e5243b8c7f","11","Purdue Boilermakers","Ohio State Buckeyes",29,49.5
"231cf66816550b9ed37afec3760f8ef5","13","Iowa State Cyclones","Kansas Jayhawks",-3.5,55.5
"2347ab8f55c1890bd4340b29032381fe","4","East Carolina Pirates","BYU Cougars",6.5,50.5
"2364417c745994c23e50a4b9539d9dcf","2","Kansas State Wildcats","Army Black Knights",-17,48
"23ce9d15b3cbcee45fd1d13550ee2a1a","4","Baylor Bears","Arizona State Sun Devils",-2.5,60.5
"23e16c37a89c4381943ed6dda736199b","11","Vanderbilt Commodores","Auburn Tigers",-6,46
"243c8fc42fd9e0d035d2f904384185e4","1","Ohio State Buckeyes","Texas Longhorns",-1.5,47
"2452392bdaa989acacde27de93db32ca","6","Northern Illinois Huskies","Miami (OH) RedHawks",4.5,38
"24d287473010335df59c46edbc012292","12","BYU Cougars","TCU Horned Frogs",-3,51
"254de28063691b5c8d711686691d3c90","14","Florida Atlantic Owls","East Carolina Pirates",7,66.5
"2648046a739ad39505d834b82d62e13b","8","North Texas Mean Green","UTSA Roadrunners",-4,64.5
"267b970018dfc120df1233bc42b4bcc4","13","Bowling Green Falcons","Akron Zips",-3,47.5
"27541ef6d74cf828a2d977a93d5dffd4","11","North Carolina Tar Heels","Stanford Cardinal",-7.5,42.5
"27566d5b43cf09db1545d28a013b2bc9","8","Virginia Cavaliers","Washington State Cougars",-16.5,56
"276535da04befff08724bafd3838f086","5","Wake Forest Demon Deacons","Georgia Tech Yellow Jackets",13.5,53
"27691e5354e5380e613d02c9437e963d","8","Air Force Falcons","Wyoming Cowboys",-4,57
"2883481b61fdd600db0e709c87428332","13","Ohio State Buckeyes","Rutgers Scarlet Knights",-29.5,54
"29f2b8725ab86e10209d0e64a3128330","11","Coastal Carolina Chanticleers","Georgia State Panthers",-7.5,57
"2af41e5b7328a096d3f710fa3601cf7a","5","Toledo Rockets","Akron Zips",-20.5,50.5
"2b6eb9e9331db7145e356d6a101aa182","14","Delaware Blue Hens","UTEP Miners",-4.5,55.5
"2bba5df15d3c9222962c8bb8fc24ae80","7","Oregon Ducks","Indiana Hoosiers",-7,52
"2c7763e732f47af87d2034549c69f82d","8","Florida Gators","Mississippi State Bulldogs",-9.5,51
"2d138dd1213df66409b2439ed0119dde","9","Texas Tech Red Raiders","Oklahoma State Cowboys",-38.5,56.5
"2d276512e01be0ee84a7d0bb9fc4d604","6","Georgia Bulldogs","Kentucky Wildcats",-19.5,48.5
"2dbca87cd64d7ed47c15502789993291","9","Purdue Boilermakers","Rutgers Scarlet Knights",-2.25,59.75
"2e59cc43133dd809fffed4c843d7afcc","6","North Carolina Tar Heels","Clemson Tigers",14.5,48.5
"2f3b6a7a4a7b55d909fa1d7673b7c452","3","South Carolina Gamecocks","Vanderbilt Commodores",-3,48.5
"2f5eb17fc3460a510e64c0da17592c23","3","Tennessee Volunteers","Georgia Bulldogs",3.5,50.5
"2f94142f11ca602b35004f81f0fb6bb4","7","Texas A&M Aggies","Florida Gators",-7,48
"30cf3214dc9b486eaffd416cf0728735","10","Baylor Bears","UCF Knights",-3,59
"31667911777e27d23d74adaf5109d04e","13","Georgia Southern Eagles","Old Dominion Monarchs",10,62
"319bff020a1a38e8a0b8123c6d9f06c5","2","Maryland Terrapins","Northern Illinois Huskies",-16.5,45
"31abe905b4b9ec98ab5d77869ca46d6c","11","Oregon State Beavers","Sam Houston State Bearkats",-21,52.5
"31d94acd80bcf0d456a020d0ca96fd0e","2","Indiana Hoosiers","Kennesaw State Owls",-35.5,51.5
"32aab37746e32d72605120ee63924aea","6","Arizona Wildcats","Oklahoma State Cowboys",-21,56
"32d34a26fb17b033fb1d33a6a8103cfb","9","LSU Tigers","Texas A&M Aggies",2.5,49.5
"32dedd329ad7a2cf2ef10ea7ce94ac2f","3","Missouri State Bears","SMU Mustangs",28,60.5
"3364cb1ca333090467399c9202106e85","3","Houston Cougars","Colorado Buffaloes",-4,45
"3494518f6430d858bb0c13fe8b29b108","4","USC Trojans","Michigan State Spartans",-19,55.5
"34fe27e86b995ea9e3cdc015d1ff5a46","15","James Madison Dukes","Troy Trojans",-24.5,47
"3548718cee61146dc3968e06c15ef1a8","9","Memphis Tigers","South Florida Bulls",4,59.5
"35d3e354ceb275c759e3d2381e24ba87","10","Maryland Terrapins","Indiana Hoosiers",21,50.5
"3624fd697b751f6852328275de12fd1c","4","Eastern Michigan Eagles","Louisiana Ragin Cajuns",2.25,51
"36766ef9e4777301de083b914263ee45","12","Missouri Tigers","Mississippi State Bulldogs",-7,51
"36ac69de72f616b39cbcc1f2e89a9430","3","Utah State Aggies","Air Force Falcons",4.5,51
"36d31c0bf72754e41d62e02ff964f34d","12","Missouri State Bears","UTEP Miners",-6,48.5
"36ef3598137923f8a1f12dc61fabddf5","8","Sam Houston State Bearkats","UTEP Miners",3,46.5
"36f13df92e5c272f20ed7d541c8cf2d4","14","Eastern Michigan Eagles","Western Michigan Broncos",10,48.5
"370e6b93a4490c8e6c3b6c1d9e123128","13","Vanderbilt Commodores","Kentucky Wildcats",-7,54
"3758bd67c5316c1bbfb1233631178e37","9","Iowa Hawkeyes","Minnesota Golden Gophers",-8.25,39
"3768a025a13a62b8c2e3538dd92c4747","9","Louisville Cardinals","Boston College Eagles",-25.5,54.5
"37c6546256bb2bb144539c81dc931806","9","Arkansas Razorbacks","Auburn Tigers",-2.5,55.75
"38ec707066a2e19151e10f088803554b","5","Washington Huskies","Ohio State Buckeyes",8.25,53.5
"392073cad7207da5ea1097f3cac57ddd","10","Kennesaw State Owls","UTEP Miners",-11,52
"398c47249f361616ea373b30dc8acbf1","11","Iowa Hawkeyes","Oregon Ducks",5,41.5
"3a175beb7105d6a842ae58311a15f4d1","1","Charlotte 49ers","Appalachian State Mountaineers",3,49.5
"3a295f4683347d18fea2de7ee64aa079","10","Utah Utes","Cincinnati Bearcats",-11,57.5
"3a348b84db164ba3eddf330ec773c06d","4","Buffalo Bulls","Troy Trojans",-5.5,44
"3aa7e2c30d9051691c378e202279c6fc","4","Utah Utes","Texas Tech Red Raiders",-3.5,57.5
"3b8f7932b91ca36668646fcf4eca8509","14","Texas State Bobcats","South Alabama Jaguars",-9.5,62.5
"3c1a2eb27aec91630f0cda00f959ee61","6","UMass Minutemen","Western Michigan Broncos",12.5,46.5
"3c44dd1ba67c8192815306b5bb894fcd","11","Kentucky Wildcats","Florida Gators",3.5,44.5
"3ca674b081dddf7f8ac3d9862186b8e8","8","Georgia Southern Eagles","Georgia State Panthers",-6.5,59.5
"3cde3895b46bdd55cfc55a6fb9a69418","8","South Florida Bulls","Florida Atlantic Owls",-20.5,72.5
"3cdecb280dab6308f21d5b4bf89806f6","6","Michigan Wolverines","Wisconsin Badgers",-17.5,42.5
"3d0bb9b5fd3ea8d38a3c67c60cd814f4","7","Western Michigan Broncos","Ball State Cardinals",-9.5,43.5
"3d51dc9f725e59fd6750915622f55394","14","Buffalo Bulls","Ohio Bobcats",7,45
"3dec9604577d82e2589fe2319f14dbdc","11","Virginia Cavaliers","Wake Forest Demon Deacons",-6.5,48.5
"3e06ec27bf0f5024ab751815479d9c4e","2","Louisville Cardinals","James Madison Dukes",-15,55
"3e0b12f621379f7492aabe9f44a74477","12","Western Michigan Broncos","Ohio Bobcats",-1.5,47
"3e96265c0539c2de97577de90c2b992a","12","Navy Midshipmen","South Florida Bulls",10,62.5
"3e97b6f70731e23aa7124b444cfc22aa","9","South Carolina Gamecocks","Alabama Crimson Tide",11.25,48
"3e9dfc4d7f79fb996ffad0f138799cd7","13","Florida Atlantic Owls","UConn Huskies",6.5,64
"3f5427025f543bc0aaee3f1a090a0e7b","10","Colorado Buffaloes","Arizona Wildcats",4,52.5
"3f96037e0014fee643fc8b7a5efaa2d0","4","Clemson Tigers","Syracuse Orange",-17,54.5
"3fdda89f6826aab0083880182b962b27","4","Miami (OH) RedHawks","UNLV Rebels",1.75,49.5
"3ff98544de6910e3e7332504955f64df","13","Oklahoma Sooners","Missouri Tigers",-5.5,42.5
"400e78d747b851ab6b491404d939c700","12","UMass Minutemen","Northern Illinois Huskies",10.5,43.5
"4079ac405679c86d2ef11dde29e5713a","5","James Madison Dukes","Georgia Southern Eagles",-15.5,54.5
"40957cd6146dab4aa2d4b8431e1fb6df","14","Missouri State Bears","Louisiana Tech Bulldogs",-2.5,45
"4097313a7b920350f695d5ebf4441e25","12","Cincinnati Bearcats","Arizona Wildcats",-5.5,56.5
"40e0ef27cf4ecc8195310d798dee3be9","4","Florida International Panthers","Delaware Blue Hens",-4.5,54.5
"410236d82315e057f9465b5c12df7bf2","3","UAB Blazers","Akron Zips",-11.5,58.5
"425bbfaa3561f07998f8e4c4ae3159be","13","Arkansas State Red Wolves","Louisiana Ragin Cajuns",-2.5,54
"42cca8d28245b1fbf784f639a81f2542","12","Louisville Cardinals","Clemson Tigers",-2,51
"42e2757eda4ea3c97d054d008c5cc7d6","7","Nevada Wolf Pack","San Diego State Aztecs",6.5,42.5
"432e5ee9d4c8297a2460d82e89ec5161","8","Notre Dame Fighting Irish","USC Trojans",-10.5,60
"435c548cea0f26f2df00d9c9df0a7924","13","San Diego State Aztecs","San Jose State Spartans",-10.5,50.5
"43bc24c6358317da3648cedea890e3b3","9","Indiana Hoosiers","UCLA Bruins",-26.5,53
"4448884985daf34694092893ff17f308","3","Alabama Crimson Tide","Wisconsin Badgers",-19.5,45.5
"44a2361269f83f940cea7de9319ffe61","13","Penn State Nittany Lions","Nebraska Cornhuskers",-7,45.5
"44c4dad3152fde5571154dc29bf30020","10","Boise State Broncos","Fresno State Bulldogs",-17.25,47.75
"450441ce20015b77a67d789a077704c9","12","Georgia State Panthers","Marshall Thundering Herd",9.5,60
"4579a2cd837e62498e3b3831d4475c96","6","Virginia Tech Hokies","Wake Forest Demon Deacons",-6,51
"481b881b9ede3ab69cbdefbd5876c6b4","9","Georgia State Panthers","South Alabama Jaguars",6.5,54
"483bce381dd0c25d1eaf721c28c486bc","10","Oregon State Beavers","Washington State Cougars",3,47.5
"48712c446fe47c5fa3e18038bdd703e8","14","Florida Gators","Florida State Seminoles",-1,49
"48a0d56354caf6da69d210132615c809","14","NC State Wolfpack","North Carolina Tar Heels",-7,49
"48dea4f4b99b6976d2c519dc48b52ed4","6","Akron Zips","Central Michigan Chippewas",7.5,47
"49a93417406ae5adb273a66f6afb7865","13","Appalachian State Mountaineers","Marshall Thundering Herd",5,56.5
"4a191067aa0558b3ee24343551fbd8d1","7","LSU Tigers","South Carolina Gamecocks",-8.5,44
"4a72e67b0c10cd94ec4f994e0b9692ab","7","Boise State Broncos","New Mexico Lobos",-15,58.5
"4a8cd81e8dfa8d72f9d05b1a086fb418","7","Temple Owls","Navy Midshipmen",9.5,52.5
"4ac5fec6b02d255aa548dfd6cc1edbb9","3","Stanford Cardinal","Boston College Eagles",14,45.5
"4bab9cbac51f27b9f12617b760247074","4","Rutgers Scarlet Knights","Iowa Hawkeyes",2.5,46
"4bc05ea1a05cad391b367e493e2efac1","9","Oregon Ducks","Wisconsin Badgers",-31.5,44.5
"4bf0ba6b4a8a5231ae6fd7ea67a97bc8","11","Missouri Tigers","Texas A&M Aggies",7,48.5
"4c9bd2ce4bac0213c310def6bf4fb8be","6","Pittsburgh Panthers","Boston College Eagles",-6.5,55
"4ce2d16a7941f87821553c4d18504581","6","San Jose State Spartans","New Mexico Lobos",-1.5,58.5
"4d626c9b7d06d80a9f435e9d370d7552","3","North Texas Mean Green","Washington State Cougars",-6,57.5
"4db5e24ddb0d1e1e5aa7d9e508670e0f","8","BYU Cougars","Utah Utes",4.5,49
"4dfcb17f8f10fd2ee8f5794cdabebf94","2","Oregon State Beavers","Fresno State Bulldogs",-1,45.5
"4e2541ac75b5c82ae76739edaa451117","13","Wake Forest Demon Deacons","Delaware Blue Hens",-17.5,50
"4e2c6842ce33619ecb4c77938e3093bc","14","Stanford Cardinal","Notre Dame Fighting Irish",32.5,49.5
"4e5471d34b6f44691d945144edd9e96c","7","Missouri Tigers","Alabama Crimson Tide",3.5,52
"4e799f80f1960a286b99111d18d13597","2","Nebraska Cornhuskers","Akron Zips",-34,47.5
"4ed54dc6116ec6373f9a1cf015ca6070","14","North Texas Mean Green","Temple Owls",-20.5,65.5
"4fa1c6e86e5b4257bc7b9bbae3ed4e0d","9","Iowa State Cyclones","BYU Cougars",-2.5,49
"4fcd227a8f65146f3f05ef6bf5dbbdee","8","UL Monroe Warhawks","Troy Trojans",4.5,47
"50f8cf307af5c9631f2cd029314ef90f","13","Army Black Knights","Tulsa Golden Hurricane",-10,44.5
"51cc3e112085325c2e5a4d7bb211d3c8","12","Nevada Wolf Pack","San Jose State Spartans",9.5,49.5
"521d005c0199e69e1af5faf379b6bfc7","8","Arkansas Razorbacks","Texas A&M Aggies",7.5,57.5
"5222230f425c1618238b84e01d1f63f0","12","Old Dominion Monarchs","Troy Trojans",-10,53.5
"524a2e816a5a5ddc923714f0a7bf78e7","11","Arkansas State Red Wolves","Southern Mississippi Golden Eagles",6.5,55.5
"5258088fbe3a7c3b887cc597a1f0d59d","1","Wisconsin Badgers","Miami (OH) RedHawks",-18.5,41
"5287f56aa50eff29efc0d8c19c41ec01","1","Minnesota Golden Gophers","Buffalo Bulls",-16.5,43
"52db5ee0ae390264d46abf260d58d239","2","Clemson Tigers","Troy Trojans",-31,51.5
"53287adc308e4bef3ab38d3652713c14","13","Air Force Falcons","New Mexico Lobos",3.5,53.5
"53806a8547cd26b21d866aec355f1285","11","Boston College Eagles","SMU Mustangs",10.5,54.5
"53c3b0253fe365f12e298b8b31b8f24a","14","California Golden Bears","SMU Mustangs",13.5,53.5
"53d43629918c049046ee009bff70b49f","7","Maryland Terrapins","Nebraska Cornhuskers",6.5,47.5
"542ba39fc8c6d30999a48dd24a805716","3","Wake Forest Demon Deacons","NC State Wolfpack",7.5,52.5
"542f9c5f191a245fb9a0d0b73b7838b7","12","Ole Miss Rebels","Florida Gators",-11.25,53.5
"5447f4e28c65233177a96786054ec7a9","11","Rutgers Scarlet Knights","Maryland Terrapins",-2,57
"5459063e0c574b3e0a15501fe3797968","14","Tulane Green Wave","Charlotte 49ers",-30,51.5
"550c9e1c0682a94c17ec7df68381a94b","3","Illinois Fighting Illini","Western Michigan Broncos",-27.5,50.5
"5522e41053ad21182dcb8e88569c3239","14","New Mexico Lobos","San Diego State Aztecs",1,41.5
"552a14f5a8b493a2b807777b77f77f55","11","Eastern Michigan Eagles","Bowling Green Falcons",-2.5,49
"5589a6fb0147c472aa8d1222bad27271","11","New Mexico State Aggies","Kennesaw State Owls",10,52
"559c446a5e9976d63eb7f67a3e189be4","1","San Jose State Spartans","Central Michigan Chippewas",-14,51.5
"55f5ab2c82d0f2993231587e63a6b782","8","Georgia Bulldogs","Ole Miss Rebels",-7,56.5
"55fdf66a9ec5e21e439f8b66071457f2","13","Notre Dame Fighting Irish","Syracuse Orange",-36.5,50.5
"567f88999397ec54c373f5384f76510e","9","Nebraska Cornhuskers","Northwestern Wildcats",-7.5,44.5
"56a84e83bd6d308bd7e7639bcb7b5879","14","Miami (OH) RedHawks","Ball State Cardinals",-16.5,40.5
"56c958d4f7fedaf6a6dd660d39791acc","10","Rice Owls","Memphis Tigers",14,48.5
"56e00fae472e97f1016a9c0abefb4c2e","9","Tulsa Golden Hurricane","Temple Owls",4.5,53.5
"57283eb69be8d23bc114313e20af0fc0","7","Sam Houston State Bearkats","Jacksonville State Gamecocks",7,54.5
"57c1c1686850ce008f55f69fdf062a8b","12","Florida International Panthers","Liberty Flames",2.5,51.5
"57de482f01e31e5f31e1010a072d8369","1","UCLA Bruins","Utah Utes",6,49
"5866b06f9fe4c1e8ae23a581602b0fe9","8","Kentucky Wildcats","Texas Longhorns",12.5,44
"59fce1a707c83b093c630c371326c855","9","Northern Illinois Huskies","Ball State Cardinals",-6,42.25
"5a0f3b1bd4b3bdec4e47aa8e95a6e7e2","9","Washington State Cougars","Toledo Rockets",1.5,45
"5a1127219ae128003dc5154af7f3561e","7","Auburn Tigers","Georgia Bulldogs",4,46.5
"5a12bbdbc2d087e0ed12ba3aa360f9fd","8","Syracuse Orange","Pittsburgh Panthers",9.5,54.5
"5a5d9bfe189d87fab86e00ae8e5f5ea1","2","South Alabama Jaguars","Tulane Green Wave",13.5,51
"5a69d6f97264110b3e44ca131dff9f59","12","Jacksonville State Gamecocks","Kennesaw State Owls",3.5,56
"5ab48663d7528b3705a647d83aadaf19","11","Marshall Thundering Herd","James Madison Dukes",13.5,54
"5ad9e266182c9aa66d0763532db6b37b","12","Fresno State Bulldogs","Wyoming Cowboys",-3,40.5
"5b4e38825c71d19c51ebcd39665d9694","14","Northern Illinois Huskies","Kent State Golden Flashes",-5.5,45.5
"5b752439ba344f0fbe7c47649e41f2ad","1","UCF Knights","Jacksonville State Gamecocks",-20.5,52.5
"5ba0b8e2033aceb0a3ea2e24491242a4","12","Sam Houston State Bearkats","Delaware Blue Hens",11.5,56
"5bb0b0bdd9a7370f7f8f35db2374a4e2","13","LSU Tigers","Western Kentucky Hilltoppers",-24.5,52
"5c32c6337881a5345e232f266665e6dd","1","Florida State Seminoles","Alabama Crimson Tide",13.5,48
"5c42d56cd31ee19b3d7baba7a220b103","5","Texas A&M Aggies","Auburn Tigers",-6.5,51.5
"5d85387fe9b718ea0c754c1e1b51a434","3","California Golden Bears","Minnesota Golden Gophers",3,41.5
"5d864fb9feccc540dfedf3f1141bc4cb","1","Oregon State Beavers","California Golden Bears",1,48.5
"5da9ef579c5fd86b10be56e99d1d1c10","8","Louisiana Ragin Cajuns","Southern Mississippi Golden Eagles",3.5,54.5
"5e919b1126a9cf2a7de96993f9c9b43a","5","Boise State Broncos","Appalachian State Mountaineers",-17,59.5
"5efdee187e4f412e747582a3c18f725b","2","Oklahoma Sooners","Michigan Wolverines",-4.5,44
"5eff3381bc29273c041cc3bba7127145","9","Navy Midshipmen","Florida Atlantic Owls",-14,63.5
"5f0f820ae84368851f7e601c02282f77","10","Stanford Cardinal","Pittsburgh Panthers",14,51.5
"5f923887c7b45059d84dcd5972b25a16","6","Oklahoma Sooners","Kent State Golden Flashes",-46.5,53.5
"5fb8d908f2befbbfe9b70586eeb1a633","13","Toledo Rockets","Ball State Cardinals",-29.5,45.5
"600cefc5681276f67a98d1b895388901","6","Nebraska Cornhuskers","Michigan State Spartans",-13,48.5
"601f11a56ce690549ff1275c569cddab","2","Iowa State Cyclones","Iowa Hawkeyes",-3.5,43
"602be51cf8f06f98f7cd893d7f223a42","11","Appalachian State Mountaineers","Georgia Southern Eagles",-5,61.5
"60385595d3e501feeba3a45fafead46f","2","Missouri Tigers","Kansas Jayhawks",-5.5,49.5
"60be30c76c784a4f4c7e3f4c4a0fbea2","6","Delaware Blue Hens","Western Kentucky Hilltoppers",-2.5,61.5
"60f69546f72b1cb5dc22aa0096258e19","11","Arizona Wildcats","Kansas Jayhawks",-5,56.5
"62c8f91b581d1bcca5fb6496ec65aae7","14","Virginia Cavaliers","Virginia Tech Hokies",-8,52.5
"63b6a142067e7f67ea91cc67e534ca6f","5","Florida Atlantic Owls","Memphis Tigers",14,62.5
"643198f60ea064a8030db080f2540513","14","Memphis Tigers","Navy Midshipmen",-3.5,57.5
"6496fb908a00a0d0df24b47b120e87c8","10","Ohio State Buckeyes","Penn State Nittany Lions",-18.5,44.5
"64bc4fba5d35860770b37c2866775e78","7","UNLV Rebels","Air Force Falcons",-7,65.5
"6541b290fae8de6d5a2710e00f827b1a","9","Buffalo Bulls","Akron Zips",-9.5,48.5
"6542b8b48c9b9cff8cc4dd12c44301b3","12","Tennessee Volunteers","New Mexico State Aggies",-41.5,60.5
"66153d8e67a550f1f9ee3afbee0bb357","7","Kansas State Wildcats","TCU Horned Frogs",2.5,55
"661cc693646282b81a3ff474863155b1","10","Boston College Eagles","Notre Dame Fighting Irish",31,55.5
"663302976d25e5e68e83f286db1418f6","1","Georgia Bulldogs","Marshall Thundering Herd",-38.5,52
"6713f27b1f4032c4ebc0f91d0fc86306","6","Louisville Cardinals","Virginia Cavaliers",-6.5,60.5
"674f125e76bbaa23c17ed7bfc92a7e2f","3","Tulsa Golden Hurricane","Navy Midshipmen",14.5,51.5
"677f3f81a852b917bb6fac083e68f60b","6","Northwestern Wildcats","UL Monroe Warhawks",-12,43
"67c2f115dc5ae1183a8f0d3812bdbaea","10","Ole Miss Rebels","South Carolina Gamecocks",-12.5,55.5
"6805d37180d92fd870ab5fac57eebee5","1","Sam Houston State Bearkats","UNLV Rebels",9.5,60.5
"6850ce38681c03906af201d68cdd70e7","7","Illinois Fighting Illini","Ohio State Buckeyes",14.5,51.5
"6888a4fdeae90f5ab2eb0051e9b20ed4","14","Marshall Thundering Herd","Georgia Southern Eagles",-10,62.5
"69b92f6edcf58ce33ac39d43bc1f21a5","1","Western Kentucky Hilltoppers","Sam Houston State Bearkats",-10,60.5
"6a478f550fac197ca8dd95162c8f7980","8","Auburn Tigers","Missouri Tigers",1.5,43.5
"6a4da08f393ad5e4ee1e32e24ff0e280","2","Texas A&M Aggies","Utah State Aggies",-33.5,57
"6a92f4972c35c421f08a5bf601d60cdf","2","Jacksonville State Gamecocks","Liberty Flames",6,51
"6af1e17d7174b1cba28f644a02600e3b","1","Virginia Cavaliers","Coastal Carolina Chanticleers",-13,55
"6b01b4b140795584d285e8f0195e07dd","9","Charlotte 49ers","North Texas Mean Green",26,61.5
"6b720706eed963bd287b802d86a85024","1","Wake Forest Demon Deacons","Kennesaw State Owls",-18.5,51.5
"6ba41f5aec285de1cc47eebd40516dde","9","Washington Huskies","Illinois Fighting Illini",-3.5,54.5
"6be90d4768b93c43b3b3e55de45a3925","4","Kansas Jayhawks","West Virginia Mountaineers",-12.5,54.5
"6c5b117f5091e161561240ae95fe99a4","4","Tennessee Volunteers","UAB Blazers",-39,69
"6d8fbe63a65f1c1032a6c1c65863ca23","13","Iowa Hawkeyes","Michigan State Spartans",-17.5,42.5
"6d9c7edbf2884eb46707ebd76ff969d7","6","Georgia State Panthers","James Madison Dukes",20,52.5
"6dd65fe376b5947e6b3e12f53e4f2f85","6","San Diego State Aztecs","Colorado State Rams",-4.5,40.5
"6e02ca12a913adc7a3e54664fab9ec5f","3","Missouri Tigers","Louisiana Ragin Cajuns",-27.5,47.5
"6e03051c0aaf44c045e6aeee9a75cc6c","13","UAB Blazers","South Florida Bulls",21.5,68.5
"6e0da65d6200a6d993ec698ac7b1cd57","7","Washington Huskies","Rutgers Scarlet Knights",-10,62
"6e207b3d856ec783cd789253121c4c47","10","Bowling Green Falcons","Buffalo Bulls",-3,43.5
"6e308b5e56e38cfe79a4f6b4783e1bfc","1","NC State Wolfpack","East Carolina Pirates",-14,61.5
"6ecff78e16c9ff8b6ce3f165615a61cf","12","Tulane Green Wave","Florida Atlantic Owls",-16.5,60.5
"6f1fb568ca7f6fa5adc55fb37e6cbf3b","14","Oklahoma State Cowboys","Iowa State Cyclones",14,46
"6f47dd0ec1e77d03b09f973a889a9888","2","Penn State Nittany Lions","Florida International Panthers",-42,53.5
"6fa4662e90c67a085d8cceec802890f1","13","UCF Knights","Oklahoma State Cowboys",-13.5,47.5
"7055717ca227bcf67daddfde8ce538d7","3","Troy Trojans","Memphis Tigers",4.5,51.5
"7058d3392573bc5d3b2802b1c3cb8c34","14","UMass Minutemen","Bowling Green Falcons",14,44.5
"70e137c2073f1c524e66e3d5c2cb3f1b","6","UCF Knights","Kansas Jayhawks",4,53
"71922a98a9b3e7e072bf9676e0470921","14","Tulsa Golden Hurricane","UAB Blazers",-9,56.5
"73c36d76de852e49c6d45b557ce30928","14","Rutgers Scarlet Knights","Penn State Nittany Lions",14,55
"746eede942625764b9f241da1ad51d66","12","UL Monroe Warhawks","South Alabama Jaguars",4,49.5
"7492442a7d4ea720e20334407be28836","11","Texas Tech Red Raiders","BYU Cougars",-12.5,50
"752adb4a9d7012c1c0838961bffb7eec","10","UConn Huskies","UAB Blazers",-11.5,62.5
"759604e0d7cc42d57d5742459a0ff266","10","Arkansas Razorbacks","Mississippi State Bulldogs",-5,66.5
"75cd206b980e4155e21e3785bb9503f8","8","Stanford Cardinal","Florida State Seminoles",18,54.5
"75dcf3454fcec490600dd3a21ee0b1aa","12","Baylor Bears","Utah Utes",9.5,60.5
"7634f8df416fbdbf3f700c4fcaa4b03a","8","Alabama Crimson Tide","Tennessee Volunteers",-9.5,60
"7648558d15898b0c5a9006655091fc11","6","SMU Mustangs","Syracuse Orange",-17.5,57
"76916d758d1a2bc57d840d9d1c63aaa3","14","Nebraska Cornhuskers","Iowa Hawkeyes",6,39.5
"769239155fdcf442b46fd841cc830644","3","Auburn Tigers","South Alabama Jaguars",-25,54.5
"77658b71d1a453dde664a6dac3e3aee5","3","Purdue Boilermakers","USC Trojans",20.5,59.5
"7812e5178fa6fc42110523dcc932684b","2","Rice Owls","Houston Cougars",13.5,38.5
"786dd84b9d3aa51537d4ed4bf0ebb6a1","11","Utah State Aggies","Nevada Wolf Pack",-9.5,52.5
"79503d71656345e764cb595a53aeb4f8","11","UTEP Miners","Jacksonville State Gamecocks",-1,46.5
"79975b63437cb1b2a9d06d3b63150977","14","Michigan State Spartans","Maryland Terrapins",-4,49
"79f01f984b254490779e3ed91fae3ab7","8","Ball State Cardinals","Akron Zips",1.5,44
"7a898acd2cc5f139754fd615d5d03b5b","5","Central Michigan Chippewas","Eastern Michigan Eagles",-3,54.5
"7be66ff7eb8a7b2aaeb7f3d4d2e8806a","8","Clemson Tigers","SMU Mustangs",-3.5,50
"7bf7e3851e7ac12cd6fe2f8ec3b795da","6","Navy Midshipmen","Air Force Falcons",-13.5,51
"7d21808c0d39ffee98aaef9aaf4fc226","7","Tulane Green Wave","East Carolina Pirates",-6.5,54
"7d42c9f08d93cc592f5540348561ddb3","8","Iowa Hawkeyes","Penn State Nittany Lions",-3,41
"7d83d246bcce48aa3d7f9d047999af1e","12","Texas Tech Red Raiders","UCF Knights",-24,48.5
"7e7fec9c9790702ee91c2bb9ab777e76","2","Cincinnati Bearcats","Bowling Green Falcons",-22.5,46.5
"7e95ef7ef16d33001afdc50fb9afab63","9","Eastern Michigan Eagles","Ohio Bobcats",11.5,59.5
"7f01fac9e7dd5dc973c84b4af0b12b16","11","Akron Zips","UMass Minutemen",-12.5,51.5
"7f074836c751b9fe50b994520f000181","9","West Virginia Mountaineers","TCU Horned Frogs",16,55.25
"7f636a75f0da1a1241c63faefda1b2bc","12","East Carolina Pirates","Memphis Tigers",-3,58
"7f71f4ba886e8f1f4855dad0152ca08e","14","USC Trojans","UCLA Bruins",-21,58.5
"7f8f24a59d3218a96bb68c20dbc593de","11","Penn State Nittany Lions","Indiana Hoosiers",14,50.5
"7fd2b35cdf431bfdacae0b428f1b8550","2","UTSA Roadrunners","Texas State Bobcats",-4.5,64.5
"803607925bbb470049b655d113c0ad5d","8","UMass Minutemen","Buffalo Bulls",15.5,47
"80be7099edd5c7bdd8543513a959d509","7","Kennesaw State Owls","Louisiana Tech Bulldogs",5,46.5
"80fb909a58417752399944b7c3ad9a90","7","Texas Tech Red Raiders","Kansas Jayhawks",-14,58.5
"812bace34e4d06fa48911a30e8b6acf8","10","UTSA Roadrunners","Tulane Green Wave",6,54
"8162cc38b88546a32110dee7af01cb60","4","San Diego State Aztecs","California Golden Bears",14,47
"81a0b8c7652008629139781d76b75ef8","6","Cincinnati Bearcats","Iowa State Cyclones",-1.5,55
"825ab37366030db2e15565370bfc0104","15","Western Michigan Broncos","Miami (OH) RedHawks",-2,43.5
"8288a19f634bebb4d5d03b9ead0a77fd","5","Louisiana Ragin Cajuns","Marshall Thundering Herd",2,48
"82a0730f5bc12bc2bd0b3e77b2e6d343","2","Navy Midshipmen","UAB Blazers",-21,58.5
"82b43016aa3e0c0a524320b9e9830678","8","Charlotte 49ers","Temple Owls",9.5,47
"835d0fbb20287ee86ac00d5f3fa3b3b6","3","Tulane Green Wave","Duke Blue Devils",-1.5,52.5
"84461d5f585c397b4fd2214191faa0df","13","Northern Illinois Huskies","Western Michigan Broncos",7,39
"846163dd682584dccfd473a3e19ab98a","2","Michigan State Spartans","Boston College Eagles",-3.5,45.5
"84ae085a96a7a0b18f00587c6136884f","4","TCU Horned Frogs","SMU Mustangs",-6.5,63.5
"84b736e35a7f73afa8b8c938c65169af","3","Georgia Southern Eagles","Jacksonville State Gamecocks",-3,58.75
"851e2c80e37b4bc2a49538ea658fce35","2","Pittsburgh Panthers","Central Michigan Chippewas",-21.5,49
"855b4b7959efc4b7309d16b8b17dd708","15","Jacksonville State Gamecocks","Kennesaw State Owls",3,62
"8573ff0ded9e7d3ed63b1179a615e847","11","East Carolina Pirates","Charlotte 49ers",-28.5,57
"857f26585f6083c7cfc300026e647ee6","4","Florida State Seminoles","Kent State Golden Flashes",-45,56
"863c5961ee2ec9ffac32398c75e5dcbe","6","Temple Owls","UTSA Roadrunners",6.5,58
"866521b3fc18961377dedbd68ae46b50","13","Louisiana Tech Bulldogs","Liberty Flames",1,45.5
"86e379d366206903056d0d15997dd756","9","Wake Forest Demon Deacons","SMU Mustangs",3.5,53.5
"87560b54fbd2c136a9a342f90fc8c447","13","UTSA Roadrunners","East Carolina Pirates",1.5,62.5
"87fe86f5fa1edd149d6cc5f8bcb82be2","15","Texas Tech Red Raiders","BYU Cougars",-12.5,49.5
"884dea46381785292d51d8864de287c7","14","Liberty Flames","Kennesaw State Owls",2,55.5
"887fdd527230bece5974b0cface30528","13","Florida Gators","Tennessee Volunteers",3,58
"88a5a0bbf82083c43c806d40071b340e","4","Charlotte 49ers","Rice Owls",2,42.5
"88aa7ebc4cd199227641753c6f027e5c","12","Ball State Cardinals","Eastern Michigan Eagles",2.5,48.5
"8933c7632f6f0163dd8c1746835726cf","2","Charlotte 49ers","North Carolina Tar Heels",14.5,49.5
"89ed3d21b7cc87bb80ba621f040d538e","5","NC State Wolfpack","Virginia Tech Hokies",-10,57.5
"8a6aaf025db38602e739a75bd9cd79a2","4","Kennesaw State Owls","Arkansas State Red Wolves",4.5,57.5
"8b7338452f03e6d1f390ba7683da7a46","3","Southern Mississippi Golden Eagles","Appalachian State Mountaineers",3.5,56.5
"8bec841379ab4efeec22c0a571a95b0e","13","Georgia Tech Yellow Jackets","Pittsburgh Panthers",-2.5,60
"8bedec4696dc9f4587b85a2322c49d7b","9","Arizona State Sun Devils","Houston Cougars",-7,46.5
"8c138af84cb5ff1e6c4e11b591ff041f","1","Miami Hurricanes","Notre Dame Fighting Irish",3,51
"8c6529f0e44f9c2ec4dfb637d49a6215","10","Michigan Wolverines","Purdue Boilermakers",-21,49
"8c8fb93b29e1f780db6a427d7274ed91","13","Cincinnati Bearcats","BYU Cougars",2.5,56.5
"8d2d9d2d52be2c1b040572a949cbeb8d","5","Oregon State Beavers","Houston Cougars",12.5,47.5
"8d5ca9cb62b5ab0a5427f363f56d814b","8","James Madison Dukes","Old Dominion Monarchs",-3,47.5
"8e6c3c00b853707c6c0ced7e96ff80eb","14","TCU Horned Frogs","Cincinnati Bearcats",-3,58.5
"8e9db25305896f6a8ee5bf0e94c260f5","14","BYU Cougars","UCF Knights",-17.5,47
"8f08d4462c8cbc09b866893ca21ae406","14","Pittsburgh Panthers","Miami Hurricanes",6.5,48.5
"8f3febddcf1504cb91454ac61d25caa8","4","Washington State Cougars","Washington Huskies",21,51.5
"8f72253f75cd68254f847d6d33c464d8","12","Pittsburgh Panthers","Notre Dame Fighting Irish",12.5,54.5
"8fe4d3c56069de55c950af75be1ef8d2","6","Notre Dame Fighting Irish","Boise State Broncos",-21.5,62.5
"8ff0041fc39ed3aaabd78295aaa44ccc","14","Tennessee Volunteers","Vanderbilt Commodores",-2.5,66.5
"9073c528b41f8e63e3d7e072d81fbb20","11","USC Trojans","Northwestern Wildcats",-14,53.5
"90f6536a4ea2981769343cbd80baf1cc","5","Missouri State Bears","Western Kentucky Hilltoppers",3.5,60
"9211d988a7a37c1171c0402c46bd3ed5","5","Illinois Fighting Illini","USC Trojans",7,61.5
"922d91bba05ae227e389cc67bee9aa3d","12","Tulsa Golden Hurricane","Oregon State Beavers",1.5,50.5
"92964692e49d56868cc78cea5254c061","8","Minnesota Golden Gophers","Nebraska Cornhuskers",7,47.5
"9315c835a22a931d29e34ef0f15c9429","1","Clemson Tigers","LSU Tigers",-4.5,55.5
"9328f7960f57736e8da4b90cb2bdd826","14","West Virginia Mountaineers","Texas Tech Red Raiders",24,52.5
"93682b6473bd43d01f8b37a24132ef75","4","UConn Huskies","Ball State Cardinals",-21,53.5
"9372006930638e099fc61bbfa7e94e7b","11","South Florida Bulls","UTSA Roadrunners",-13.5,67.5
"9418aabb5edf415f4296c694fa210c3b","1","North Carolina Tar Heels","TCU Horned Frogs",3.5,54.5
"946ab16f8cfe9004a0d3fc67ac8411d7","13","Texas Longhorns","Arkansas Razorbacks",-8.5,58
"95902da68b0cef406dd2413e4399a320","4","Air Force Falcons","Boise State Broncos",11,51.75
"95a5fa32d92ea8e02948487d72448740","5","Oklahoma State Cowboys","Baylor Bears",21,58.5
"968d201306e35699b83b5bb24289914c","13","Colorado Buffaloes","Arizona State Sun Devils",7,47.5
"970b5191ee6e19666dfdec2eb19954ce","8","Arizona State Sun Devils","Texas Tech Red Raiders",6.5,52
"98032c76517a301d3547a0224bb802f1","6","California Golden Bears","Duke Blue Devils",3,55
"9821bdaca6409c7e1dfb70a4ec2ad3e2","7","Michigan State Spartans","UCLA Bruins",-7.5,52
"98355c397c652869253cd333094fd6a8","14","Kansas State Wildcats","Colorado Buffaloes",-16.5,49.5
"98b94390f0f573839b1e38252f37918b","9","Mississippi State Bulldogs","Texas Longhorns",7.5,48
"98c92ca46c07070ed67047af259e07a9","2","Mississippi State Bulldogs","Arizona State Sun Devils",6.5,59
"98cb354e78a2e035f0e5c36736d65f7e","12","Georgia Bulldogs","Texas Longhorns",-4.5,49.5
"997d540a1f3e018bb3fc40d4d6789463","9","Kentucky Wildcats","Tennessee Volunteers",7.5,55
"99a767848857d6a003492e414c23cfd2","9","Cincinnati Bearcats","Baylor Bears",-3.5,68.5
"99aa25f6c7299ea1a9b444ef813a9770","1","Texas A&M Aggies","UTSA Roadrunners",-23.5,58.5
"99b1cbd48d6128850573b38308b57711","9","Wyoming Cowboys","Colorado State Rams",-5,46.5
"9a98b243fbc72d5438eb3445e054b915","7","Notre Dame Fighting Irish","NC State Wolfpack",-24,59.5
"9ab397bd666c0c0bfe6f8ad0305a0120","12","Central Michigan Chippewas","Buffalo Bulls",-2,44.5
"9ae9257ec6ad7304073eab4e09b08569","8","Miami (OH) RedHawks","Eastern Michigan Eagles",-13,47.5
"9af91cb4d445ab55fec6eb8d60e079f8","6","Old Dominion Monarchs","Coastal Carolina Chanticleers",-20,53
"9b3e942a28f2b0df98e0c79c83864a15","6","Troy Trojans","South Alabama Jaguars",2.5,47
"9c00e60e6d66a511cce53c0a0f5bde43","5","Arkansas Razorbacks","Notre Dame Fighting Irish",4.5,64
"9c020bd7d3fb34116f63a1e56ef90b74","11","UCLA Bruins","Nebraska Cornhuskers",-1.5,45.5
"9c8c520f16b3fec7180880aa3a8305f6","2","Texas Longhorns","San Jose State Spartans",-36.5,52.5
"9cbec31b71841a2e3c176c793476259c","4","Colorado State Rams","UTSA Roadrunners",4.5,58.5
"9cfd27bf66c6a8328d7ac615cbee50fc","10","Missouri State Bears","Florida International Panthers",-3,50.25
"9d06a9977b4d0299fa17257634f2123d","1","USC Trojans","Missouri State Bears",-36,59.5
"9d110dc5627ec6c7593c880dcb906fa9","8","East Carolina Pirates","Tulsa Golden Hurricane",-16.5,54.5
"9d54a50182205f4d1c75bb7616993cf0","14","South Florida Bulls","Rice Owls",-28.5,57.5
"9ecbb88fcab392aaa87a855d9b592269","13","South Alabama Jaguars","Southern Mississippi Golden Eagles",1,53
"9f0b65a8f99dd25660e14da120f3f49b","2","LSU Tigers","Louisiana Tech Bulldogs",-36.5,49.5
"9f0c39a454dbb72e6d5d3d8175d63f24","5","East Carolina Pirates","Army Black Knights",-4,52.5
"9f28051e129f9d7c9b1592843975f35e","3","Texas Longhorns","UTEP Miners",-39,51.5
"9f7eb2d2b2e7b68f14a18a521765e53b","8","UAB Blazers","Memphis Tigers",23.5,59.5
"9fd9a11eec7dbd74c2164ed2415336c2","7","Kent State Golden Flashes","UMass Minutemen",-1.5,50.5
"a007e86de8d7082641da38233ddeb1b7","4","Louisville Cardinals","Bowling Green Falcons",-26.5,51.5
"a0726b9498032688269d61facad7a939","7","Eastern Michigan Eagles","Northern Illinois Huskies",2,47.5
"a0ce391a3e1dcc42703e273e7cd43308","7","Tennessee Volunteers","Arkansas Razorbacks",-10,68.5
"a109b71f4beba173453582bb0043e075","7","Utah Utes","Arizona State Sun Devils",-9.5,44
"a17c0bb6637ad2192754d6d1059f7e92","14","Michigan Wolverines","Ohio State Buckeyes",10,43.5
"a21e71cf77c563760aa9ca01826c2583","1","Purdue Boilermakers","Ball State Cardinals",-17,48.5
"a262301eedaacdcf2d2f66b6e774d284","12","Akron Zips","Kent State Golden Flashes",-7,49
"a374973b9d0e1c2134328868cc80aabf","12","LSU Tigers","Arkansas Razorbacks",-4.5,57.5
"a39d31e5d3f010d7b4f68453167a174e","10","Syracuse Orange","North Carolina Tar Heels",-1,45
"a3bc2f29faa5c8d6f92b0d3909f1bae3","12","Miami Hurricanes","NC State Wolfpack",-15,55
"a40ff33f45e8c4ecf2bc9b4f921cbca1","12","Illinois Fighting Illini","Maryland Terrapins",-16,51.5
"a4df26224ac6173274f8facd32942ca4","4","Virginia Cavaliers","Stanford Cardinal",-16.5,49
"a4f262424af98c3bfad4a9ee78dd4308","10","Houston Cougars","West Virginia Mountaineers",-12.5,48.5
"a4fd5ab6f224d271ca76719ac8277176","11","Alabama Crimson Tide","LSU Tigers",-9.5,49.5
"a54e8d52ec4fb8c7d3f9ebd2b8a38c64","9","New Mexico State Aggies","Missouri State Bears",3,51.5
"a5c302e7a8e94cf154a833afdb676594","11","UConn Huskies","Duke Blue Devils",7.5,63.5
"a62fc08c67b4e292879a17791a727e4a","6","Arkansas State Red Wolves","Texas State Bobcats",13.5,63.5
"a68793984cb3bab7bdae68b8dbe5b36a","9","Georgia Tech Yellow Jackets","Syracuse Orange",-16.5,52.5
"a69f6a6be64a31d8e22809160b63b969","11","Louisiana Ragin Cajuns","Texas State Bobcats",3,63
"a6df0cb69b95b8eb8c8bb7520471d978","1","UMass Minutemen","Temple Owls",2,48.5
"a7e9ac25c43abf7a563c1c978d805b4b","1","Indiana Hoosiers","Old Dominion Monarchs",-23.5,53.5
"a8096293bcac3a6df5e395942f73e3ce","11","UCF Knights","Houston Cougars",1,47.5
"a85c3e810f12d0a8bf904fa1a2795aa6","4","Army Black Knights","North Texas Mean Green",2.5,50.5
"a8661dd205a3e868ac61c3f1c994dc7e","14","Nevada Wolf Pack","UNLV Rebels",7.5,53.5
"a8f7d11f07a3638d7cbf6db26063a7d6","3","Delaware Blue Hens","UConn Huskies",8.5,53
"a99979f2428b8243c82e4a02562a947a","11","Louisville Cardinals","California Golden Bears",-18,49
"a99fad4a0da088809c8269a52bc4ad86","13","Maryland Terrapins","Michigan Wolverines",14,46.5
"aa0b998acde7ec673cd145a43ec0d42a","2","NC State Wolfpack","Virginia Cavaliers",-3,54
"aa6121f597f3dd0a363e477797cd13f0","15","Alabama Crimson Tide","Georgia Bulldogs",1.5,48.5
"aa65a4823f86a4a55119734ee9bf936d","2","Syracuse Orange","UConn Huskies",-7,57
"aaab0ac9ec64cffb7d2921481eab8670","5","UTEP Miners","Louisiana Tech Bulldogs",3.5,48
"aae11c793bc039b1fe617662aa7a30ac","2","Oregon Ducks","Oklahoma State Cowboys",-28.5,55.5
"aae15c183f1acfa42f5fbb342d177a73","9","Central Michigan Chippewas","UMass Minutemen",-16.5,46.5
"ab12d90680e822942845aa98dba1933b","6","Appalachian State Mountaineers","Oregon State Beavers",-1.5,53.5
"ab8eb9a18a61f86e888d6d066728fd98","9","Virginia Tech Hokies","California Golden Bears",-6.25,50.75
"ab90efbe36ace5f60feeb6f1bc5c8a63","9","Troy Trojans","Louisiana Ragin Cajuns",-7,47
"abb21e9ff3fecf0e831ca3109c84bb92","12","Miami (OH) RedHawks","Toledo Rockets",4.5,45.5
"abd9abc5f6d6a3cc918ef6796b35613a","3","Miami Hurricanes","South Florida Bulls",-17.5,56
"acd0ed7c958d706d5f4eda180654eea0","12","Boston College Eagles","Georgia Tech Yellow Jackets",16.5,61
"ad226dc6bd485c9b53acebd5ceae531f","5","Mississippi State Bulldogs","Tennessee Volunteers",7.5,63.5
"ad2a98c2fe26866d3fe7664110c1b5f7","3","Wyoming Cowboys","Utah Utes",23.5,47
"adb79482ac6a03cfb466361a0acc0ad8","12","Michigan State Spartans","Penn State Nittany Lions",7,49
"adba965eb4a76372f31e42f5a02f4157","14","Appalachian State Mountaineers","Arkansas State Red Wolves",0,54.5
"adfb4c2e2052c3e066089e9b30c0e496","2","Florida Gators","South Florida Bulls",-18,57.25
"aecb861cfa6664f9cbb94adfd16b16f8","8","Tulane Green Wave","Army Black Knights",-10,45
"af17a22d1102bd35d73a24c0332f762f","4","Notre Dame Fighting Irish","Purdue Boilermakers",-24.5,51
"af2ced7d37b1b9c35b81d69ce26dd870","10","Virginia Tech Hokies","Louisville Cardinals",10.25,52.75
"af7edb090e4bdcac144f29453cc9b416","5","Iowa Hawkeyes","Indiana Hoosiers",8.5,47.5
"afdaf6b3f429f827b1f864dc0597ba02","11","Florida Atlantic Owls","Tulsa Golden Hurricane",-4,61.5
"afe2544f878a71b70d8c52006bd78482","7","Wyoming Cowboys","San Jose State Spartans",1.5,49.5
"b0065a8740c11ddd389e3c3b2e169bca","11","Notre Dame Fighting Irish","Navy Midshipmen",-28.5,55.5
"b06413bd5f2f786ebdbe891492d67f71","13","Northwestern Wildcats","Minnesota Golden Gophers",-3.5,40.5
"b084a084e383c1025454bfcf8fed4dfe","5","Navy Midshipmen","Rice Owls",-13.5,46
"b0b386c767a0ce6a0a239fb9f79c3e7a","8","UCLA Bruins","Maryland Terrapins",-3.5,52.5
"b12494a0b58befa6a9488323449a9f84","13","Middle Tennessee Blue Raiders","Sam Houston State Bearkats",-7,53.5
"b1296a643a8d9b6bb75acc3d224e1394","14","Old Dominion Monarchs","Georgia State Panthers",-28.5,58.5
"b1541b2d3b6372bc40e356fac18bfcbf","9","Old Dominion Monarchs","Appalachian State Mountaineers",-13.5,61.5
"b1b3789cd2775eb8f60d82704df02f59","7","Boston College Eagles","Clemson Tigers",14,54.5
"b1b41fb67ca67b471802ad3cd778810d","9","Fresno State Bulldogs","San Diego State Aztecs",3,46.5
"b23708a801d86a636d823d2678d169ed","6","UConn Huskies","Florida International Panthers",-7,52.5
"b258e8aed63bc16b5d5cf7e3d0cea208","12","Western Kentucky Hilltoppers","Middle Tennessee Blue Raiders",-13.5,54
"b2d958e3de35cf037c3879cd2357ba2a","2","New Mexico State Aggies","Tulsa Golden Hurricane",3.5,52.5
"b3afa7e549f06046d220f15be8f57bdd","2","Arkansas Razorbacks","Arkansas State Red Wolves",-23.25,62.5
"b40fd4e70194bfdabd7e68dfc269f268","8","Wisconsin Badgers","Ohio State Buckeyes",25,41
"b41044c11856a02c999522fe8f4977e4","11","Mississippi State Bulldogs","Georgia Bulldogs",9.5,56
"b417c55071b8eb7aa75b4073707d90c7","12","Texas A&M Aggies","South Carolina Gamecocks",-17,49.5
"b41939807dad226f718eeb8fa56d7342","5","Georgia Bulldogs","Alabama Crimson Tide",-2.5,53.75
"b4e694771eec00d29e8b0e767fd89844","5","Kansas Jayhawks","Cincinnati Bearcats",-5,56
"b4eec250102bbb8f8e572d3fe056258e","13","South Carolina Gamecocks","Coastal Carolina Chanticleers",-24,50
"b4f42c88b4d5eb45150b23ab3b186d0a","8","UCF Knights","West Virginia Mountaineers",-7,47
"b50c9a0239712b72d97978f4adcd4dae","5","Missouri Tigers","UMass Minutemen",-44.5,57
"b558ad432d602df7b43579becf16eece","7","Georgia Tech Yellow Jackets","Virginia Tech Hokies",-14,55.5
"b58f9041beb02f4a0dba118904a62c57","9","Oklahoma Sooners","Ole Miss Rebels",-5,52.5
"b5fabc4bda15869a027bae77baf8f936","12","Duke Blue Devils","Virginia Cavaliers",-4.5,60
"b65090ae8762083bc31e6546f50bd38e","7","Oklahoma State Cowboys","Houston Cougars",14.5,48.5
"b83c7f30440d9f80736b1b7cc5b2fa7f","3","LSU Tigers","Florida Gators",-5.25,47.5
"b8524329bb15afd228c75ffbf68f4cc0","3","Temple Owls","Oklahoma Sooners",24,51.5
"b90c1e699a3f75f21ca7e436584b6add","8","Northwestern Wildcats","Purdue Boilermakers",-3,46.5
"b953fbd602d01288f5e295c636d69dc9","4","Vanderbilt Commodores","Georgia State Panthers",-28,53
"b9668bd42d810933d0a2d1de428fc5fd","1","Arizona Wildcats","Hawaii Rainbow Warriors",-15.5,54.5
"b972aaf6a19883fa0fbf06d89f86acf7","10","Texas State Bobcats","James Madison Dukes",7,55.5
"b9ca3daaa52f5e5e91ac5def4b9b0789","5","West Virginia Mountaineers","Utah Utes",13.5,47
"ba3ec216f7117a8f9acbef2fe092c87b","1","South Florida Bulls","Boise State Broncos",5.5,61.5
"ba6b6f78dac14dd7cab6745b0b6c8cd6","6","Rice Owls","Florida Atlantic Owls",-4,54.5
"bab9f41c47521171fd5a7452bf778f5a","7","Arizona Wildcats","BYU Cougars",2.5,47
"babcab8106759c4005c0d44f7b372d40","2","Georgia State Panthers","Memphis Tigers",14.5,57.5
"babde2a716ec01f56e9a027cd748e6b0","7","Cincinnati Bearcats","UCF Knights",-10,55.5
"baf849e79f0978d22d19b6c5e9df6622","14","Utah State Aggies","Boise State Broncos",1.5,54.5
"bb18900848211296ea7c10692c3c4f01","8","Vanderbilt Commodores","LSU Tigers",-1.5,48
"bbc412b8dbbd31afc909896f8a277d3f","13","James Madison Dukes","Washington State Cougars",-15,44.5
"bbf986aa26a838709271939437a8c9c5","3","Kentucky Wildcats","Eastern Michigan Eagles",-26.5,49.5
"bc35dafac8197c8b37cf45f2845e46c5","2","Auburn Tigers","Ball State Cardinals",-42.5,52.5
"bc9ca531af3bbd6fcb8271267655450e","1","Kansas Jayhawks","Fresno State Bulldogs",-13.5,50
"bcd14745ebe1e1409d1a682fc3af8fb2","9","Nevada Wolf Pack","Boise State Broncos",21,50.75
"bcda84050f6f1fe4756756124d40f116","15","Tulane Green Wave","North Texas Mean Green",1.5,66.5
"bd0a69e509effeb418dc2c02e2812904","3","West Virginia Mountaineers","Pittsburgh Panthers",7,55.5
"be5363918c8ce65bae1baa2259bbcea5","13","UNLV Rebels","Hawaii Rainbow Warriors",-2.5,64.5
"be7c95542aaf1d15193678f771745992","13","Stanford Cardinal","California Golden Bears",4,47.5
"bf37e86fb31ad838e265fe2d48f4ebee","14","Duke Blue Devils","Wake Forest Demon Deacons",-2,53.5
"bfd46197c4ead0562ab9914ef48e8b11","12","UAB Blazers","North Texas Mean Green",17.5,69
"c08b8bf01131025509bb852aa41e2f91","3","Ohio State Buckeyes","Ohio Bobcats",-28.5,49.5
"c0b1ac9a610885d8e56a1891adf68d57","4","Memphis Tigers","Arkansas Razorbacks",7,60.5
"c0bc52db8d2e691a93a72e79728f957c","10","California Golden Bears","Virginia Cavaliers",6,52.5
"c0f4af0d027dc651e1eb60ede8415ec1","5","Iowa State Cyclones","Arizona Wildcats",-4,48.5
"c12e5ca692c0ace90c4614bd0efd665b","10","Temple Owls","East Carolina Pirates",5.5,58
"c1614464ceef18bdc3108d0fb3899343","6","TCU Horned Frogs","Colorado Buffaloes",-13.5,57
"c1b53247fa3559f99f93d9bd8fdb810b","10","Florida State Seminoles","Wake Forest Demon Deacons",-11.5,51
"c205a1246ae9fe0764f768737f975def","11","TCU Horned Frogs","Iowa State Cyclones",-7.5,57.5
"c2470d79a7b0a887cd057f8149f289c2","10","Louisiana Tech Bulldogs","Sam Houston State Bearkats",-16.5,48.5
"c29526decee9dfa73fa86c4b594acb76","12","Washington Huskies","Purdue Boilermakers",-14.5,50.5
"c2b9d588bf5c96622fea7d89d5f0c115","4","Ole Miss Rebels","Tulane Green Wave",-12,61.5
"c2ca3efd4fc3f87659b7366cde3a2e94","13","North Carolina Tar Heels","Duke Blue Devils",7,50.5
"c2d428cbf0b787ee8c1fe0402266ea6c","8","South Alabama Jaguars","Arkansas State Red Wolves",-7.5,57.5
"c355c82023259a8a8948de47caa0be6a","10","UL Monroe Warhawks","Old Dominion Monarchs",17,55
"c3b917feed8e8d174995ae62cfd8942c","5","Colorado Buffaloes","BYU Cougars",6.5,49.5
"c3d1a98456d7bcfc2273efc4c64a6cd6","1","Kentucky Wildcats","Toledo Rockets",-10,49
"c3f4a939fa4e8748810ff0e16a85c224","12","Indiana Hoosiers","Wisconsin Badgers",-28.5,44
"c3fba6444cf81b6e2d5214d40362bff9","2","USC Trojans","Georgia Southern Eagles",-29,61.5
"c412e71c1e290c935cce3c2579a9606a","2","Washington State Cougars","San Diego State Aztecs",-1.5,47
"c5b4bf26258afaed3cca9b67ef3783f8","7","Minnesota Golden Gophers","Purdue Boilermakers",-7.5,49.5
"c5fd71cee9ea79e7c966ec74aad118ce","4","Louisiana Tech Bulldogs","Southern Mississippi Golden Eagles",-3,51
"c659e27887d8657d921c7d1251b1f827","12","Wake Forest Demon Deacons","North Carolina Tar Heels",-3.5,38
"c66eb20cac802e1eec89aeda0d77ffd6","14","Sam Houston State Bearkats","Florida International Panthers",11.5,51
"c6c93f60d8369525b707f1f11c2cd0a1","4","Western Kentucky Hilltoppers","Nevada Wolf Pack",-7.5,54.5
"c72db8267333fdc3c1e924d377d5531f","7","Penn State Nittany Lions","Northwestern Wildcats",-20.5,46.5
"c739b05669e6035797b50a66f2c23ce0","14","South Carolina Gamecocks","Clemson Tigers",-2.5,46
"c7e9d66aaf9eb361d2c3b2077d637ef6","5","Pittsburgh Panthers","Louisville Cardinals",3.5,55.5
"c90e85208735f83419bdd9fafea09515","14","Arkansas Razorbacks","Missouri Tigers",4.5,54.5
"c9a9afb46bbfe7047e145ad5dfd95593","6","Memphis Tigers","Tulsa Golden Hurricane",-21,54.5
"ca0bb13499fcb91539c0cf821a0576d7","9","Rice Owls","UConn Huskies",10.25,48.5
"cb392d95625a9a1bc0c9d38b48e01e04","6","UCLA Bruins","Penn State Nittany Lions",24.5,48.5
"cb3db4cd7e1781ff0fa5e3caaf2d74e4","15","Virginia Cavaliers","Duke Blue Devils",-3.5,58.5
"cb7d85df1a2186ede6f66305485ddc22","6","Texas A&M Aggies","Mississippi State Bulldogs",-17.5,56.5
"cbfdd173a396ca6a65a08405a56e99cd","7","James Madison Dukes","Louisiana Ragin Cajuns",-18.5,45
"cc91d8692c5fd56b32deabaf55bbfa47","9","Vanderbilt Commodores","Missouri Tigers",-3,52.5
"cc964607d7c521019e0c91768bb2c024","1","Michigan State Spartans","Western Michigan Broncos",-21.5,49.5
"cd38558312e1cb427ace0dd9bac1b4c2","11","Colorado State Rams","UNLV Rebels",5.5,62
"cd4b42ea2180255f5116e232c2b2b819","4","UTEP Miners","UL Monroe Warhawks",-6.5,47.5
"cd5818a61eb4ec516c371a55c24a240a","8","Rutgers Scarlet Knights","Oregon Ducks",17.5,61.5
"cd7b0b1d0350c1e6809e2d393237ce7f","9","Florida International Panthers","Kennesaw State Owls",3,49.5
"ce5e306794394e11f8e703c89ac39dcb","1","Utah State Aggies","UTEP Miners",-5.5,60.5
"cea967651cf4258888de42948d1e99fa","12","USC Trojans","Iowa Hawkeyes",-6.5,48.5
"cf8be0afa61692fc5367a63efe3acb04","3","Kent State Golden Flashes","Buffalo Bulls",23.5,48.5
"d00a52f83db97af88e3675f61fe97985","10","San Jose State Spartans","Hawaii Rainbow Warriors",-2.25,55
"d098d8c6ee0dc177926284d2b55548e1","4","Texas Longhorns","Sam Houston State Bearkats",-39.5,51.5
"d0d5d76137834bd53f2f2d9b89185b45","5","Buffalo Bulls","UConn Huskies",3,51
"d0dd41e1d1fbdb7fb28108d71cef7191","3","Bowling Green Falcons","Liberty Flames",5,51.5
"d14cac73f8519bbd6ba794bbdd4e6571","9","Louisiana Tech Bulldogs","Western Kentucky Hilltoppers",-3.5,50
"d15fdb8ae860183a48c201265d28b77a","8","Marshall Thundering Herd","Texas State Bobcats",3,65.5
"d1ac1162aa4955bcb20a428c2b662152","11","Army Black Knights","Temple Owls",-7,45.5
"d1b49901efafa2e7efbd64e5dcb29c0d","7","Coastal Carolina Chanticleers","UL Monroe Warhawks",2.5,46.5
"d20307e8474bbfe4a52934a6af6fe2d9","3","Notre Dame Fighting Irish","Texas A&M Aggies",-6.5,50.5
"d205e781f229cb68ddac1fc2ad3e24ec","8","Indiana Hoosiers","Michigan State Spartans",-26.5,49.5
"d25adc138f4395cd1cd3a31270362764","1","Fresno State Bulldogs","Georgia Southern Eagles",1,49.5
"d28f0497fa7a5eac34da18d9ceccac3c","11","Ohio Bobcats","Miami (OH) RedHawks",-3,50.5
"d2da5b6ac5caea4b17580cb517e7606b","7","SMU Mustangs","Stanford Cardinal",-19.5,55.5
"d2fd5b19d4a2ff572beaa0b3c67e8861","13","Wisconsin Badgers","Illinois Fighting Illini",8.5,42
"d3e107e5a95bc8bdbd31b4de403f0e80","10","SMU Mustangs","Miami Hurricanes",10,50.5
"d3f2f26060c42cb5ae2b941b73a794d8","3","Louisiana Tech Bulldogs","New Mexico State Aggies",-10,42.5
"d44075b0d3f4aac36f4761cf1bc2e5ea","8","South Carolina Gamecocks","Oklahoma Sooners",4,42.5
"d445a4ea45f024ba386b422a8f293177","2","UNLV Rebels","UCLA Bruins",2,54.5
"d4c6b7b779184709320894b0023e17e5","12","Ohio State Buckeyes","UCLA Bruins",-33.5,46.5
"d4d307f058aeaa574cfa993534dc6329","2","BYU Cougars","Stanford Cardinal",-20.5,44.5
"d52b301586f5ce0e1e8b6f3dad18af47","1","Washington Huskies","Colorado State Rams",-21.5,52.5
"d531b8e12cb18d265d2a68e50008904c","2","Kentucky Wildcats","Ole Miss Rebels",9,51
"d5d10c3a94ad4b0229842951f8a32115","12","Washington State Cougars","Louisiana Tech Bulldogs",-10,43.5
"d617ea38af0130201ac40d901bf13d0f","2","SMU Mustangs","Baylor Bears",-3,65.5
"d65896e25870aebe734b5c277d80b725","7","Army Black Knights","Charlotte 49ers",-18.5,46.5
"d666a11a38728da38c8404862f2ca14e","10","Kansas State Wildcats","Texas Tech Red Raiders",7,51.5
"d66929ae5687924dabdd2c8b06593a44","1","Texas State Bobcats","Eastern Michigan Eagles",-14,56.5
"d69912e6f6817c68ca7871d0c47722a8","5","Stanford Cardinal","San Jose State Spartans",-3,49.5
"d6d5e5483a3441fbe03027ae75861a88","6","New Mexico State Aggies","Sam Houston State Bearkats",1.75,52.75
"d7402904994b361eb19c9e7d1c46c221","5","Minnesota Golden Gophers","Rutgers Scarlet Knights",-3.75,51.25
"d818fb3e1ad167a0802887763f7699e8","1","Louisiana Ragin Cajuns","Rice Owls",-10,48.5
"d86064b6f9a69da0f1fe77f95eafcfd8","12","Oklahoma State Cowboys","Kansas State Wildcats",20,50.5
"d87fbc40deede78fd9497d87a0e2e225","7","UTSA Roadrunners","Rice Owls",-9.5,48.5
"d9d7e0d0a40be472b39e0d0c54e13633","7","Bowling Green Falcons","Toledo Rockets",10,47.5
"da5a19b5f8e8746e71279c368fddfec8","13","NC State Wolfpack","Florida State Seminoles",6.5,59
"da9a26d1e98cd30b4be15e216bb95291","13","Fresno State Bulldogs","Utah State Aggies",-2,50.5
"dacf20288266d28c38b2f5d2a59a4a4d","10","Air Force Falcons","Army Black Knights",-0.5,48
"db441b5da7cf49c5de57f49bff11d8ec","14","Washington State Cougars","Oregon State Beavers",-14,42.5
"dbc3a87d503d63341ab1d1229c196ce6","7","Georgia Southern Eagles","Southern Mississippi Golden Eagles",3,59.5
"dcc22d82135f6b6d80b76b7af4b89b5f","12","James Madison Dukes","Appalachian State Mountaineers",-21,53.5
"dcd183de7cecb414ad6e23d5de9c57cc","13","Houston Cougars","TCU Horned Frogs",-1,55.5
"de7677c8d3b8855223812d92b7933bb0","13","Temple Owls","Tulane Green Wave",7.5,54
"debf2f1ee7f3bd2c48255b4f1c06a4db","10","San Diego State Aztecs","Wyoming Cowboys",-10,42
"df5bb6e14637f00bfb4cdcf30c97eef7","11","Middle Tennessee Blue Raiders","Florida International Panthers",-1,51
"df7f1ccceef734c9353bcd44a4236601","3","Iowa Hawkeyes","UMass Minutemen",-35,44.5
"e007d238425b17b08d195dd9c64deb80","10","North Texas Mean Green","Navy Midshipmen",-6.5,66.5
"e0208223bb8f700332d996c99c787f92","11","Ball State Cardinals","Kent State Golden Flashes",-3,47.5
"e050c8ec35a8408df75a681edd27d65c","14","New Mexico State Aggies","Middle Tennessee Blue Raiders",-3.5,52.5
"e06151a147cb4d93456e732ad2013a3e","7","USC Trojans","Michigan Wolverines",-2.5,57
"e07a0fd751788ee54312e351723fba5f","13","Texas State Bobcats","UL Monroe Warhawks",-20.5,59.5
"e0c04bf1060f22e45123ad9ab379ab2d","9","Pittsburgh Panthers","NC State Wolfpack",-5.5,53.25
"e10dad3c927f07d7129982a4a4563de8","7","Florida State Seminoles","Pittsburgh Panthers",-10.5,57
"e12a027ef3182426888607f1aa77a6bc","4","Miami Hurricanes","Florida Gators",-8,51
"e18c1f37c95bf989baf40bc9692ad742","9","Utah Utes","Colorado Buffaloes",-14,49.5
"e1e0f5c2cc82d1255fc57a8637ddc18c","7","Wisconsin Badgers","Iowa Hawkeyes",4.5,37.5
"e29f3c5ebdb03de4f11f032cd29fdc30","5","Syracuse Orange","Duke Blue Devils",4,59.5
"e2a51da70ed1084d9bce9f024d0a69a0","1","Penn State Nittany Lions","Nevada Wolf Pack",-42.5,54.5
"e3bcfd275ce0b20d919ac20c49997962","7","Ole Miss Rebels","Washington State Cougars",-32.5,58.5
"e3d2cf0a6786b052ff011884e70e1a8d","12","Southern Mississippi Golden Eagles","Texas State Bobcats",-3,65.5
"e3f1c7a8b94a532b18987dfd0c13998e","6","Florida State Seminoles","Miami Hurricanes",3.5,54.5
"e42cbc33af5d7a0d0045f0858e3cdf96","4","Georgia Tech Yellow Jackets","Temple Owls",-24.5,53
"e434a92689a2c3329dbac8efa816cc89","12","Alabama Crimson Tide","Oklahoma Sooners",-6.5,45.5
"e436c32bc827c2699f7254c2ca5409b0","5","South Carolina Gamecocks","Kentucky Wildcats",-5.5,47.5
"e44ec327bba08498d83ec6f165b3b571","13","UTEP Miners","New Mexico State Aggies",-3.5,45
"e4aa139820c2dd11f83027e8cf90077a","8","Toledo Rockets","Kent State Golden Flashes",-25.5,49
"e4f37b5c4c242407568e3e36b4f9612c","6","UAB Blazers","Army Black Knights",6.5,56
"e56fc1fd0535fb4df5965ec3b167affc","3","Michigan Wolverines","Central Michigan Chippewas",-28,43
"e578eee84f74b91f768a10409dad34e2","3","Northwestern Wildcats","Oregon Ducks",26.5,49
"e5a53fa5f42755ccc9077aeffecd8d67","13","Buffalo Bulls","Miami (OH) RedHawks",2.5,38.5
"e645c7214a8be1033aacb0416c72d314","5","Colorado State Rams","Washington State Cougars",-5.5,48.5
"e6f69472213fa5c127d39a0c4db53a3e","12","Oregon Ducks","Minnesota Golden Gophers",-26.5,45
"e715dd3730c3991c2b6a7630adbcb862","14","Coastal Carolina Chanticleers","James Madison Dukes",24,54
"e7873a03eb97c9a032544e448cc2d55c","4","Nebraska Cornhuskers","Michigan Wolverines",1,47.5
"e79f6c92e621c517179918e7e1ef4a26","8","Michigan Wolverines","Washington Huskies",-4,50
"e7a634e96e359fdb00cb9da904f4ff0c","9","Delaware Blue Hens","Middle Tennessee Blue Raiders",-9.5,55.5
"e7ae87b2889092ea8b3df2c3eafc6585","10","Minnesota Golden Gophers","Michigan State Spartans",-3.5,44.5
"e8214d5efd726f045d7fb54be5c1d984","9","Miami (OH) RedHawks","Western Michigan Broncos",-2,40.5
"e88139ad8e275ed8101bbcb08dc7425b","5","Boston College Eagles","California Golden Bears",-6,54
"e90085ebaf4a599c531e3e0bd5a6c1b1","6","Fresno State Bulldogs","Nevada Wolf Pack",-13,45.5
"e94477e5dd3cf352113919093803aa2a","13","Georgia Bulldogs","Charlotte 49ers",-43,53.5
"e9cc9630246eff99b50f3e471b481d70","10","Western Michigan Broncos","Central Michigan Chippewas",-5.75,42.5
"ea34e43ecca5cdceabb78a1e669f61c0","9","Miami Hurricanes","Stanford Cardinal",-29.25,45.5
"ea4c70f2e05bf3e57e0aef9b8f22543b","12","Arizona State Sun Devils","West Virginia Mountaineers",-11.5,47
"ea97ced3fcccbb59d54a3b1a05f1729e","10","Western Kentucky Hilltoppers","New Mexico State Aggies",-8.5,53.5
"eb08e0869675a469f223fefa2b7c1aac","1","Tennessee Volunteers","Syracuse Orange",-13.5,51.5
"eba18280b341d7cbd8e9ed1dcd18bf05","11","West Virginia Mountaineers","Colorado Buffaloes",-6.5,52.5
"eba637423f4dc14f6c7039c4b25fa523","4","Middle Tennessee Blue Raiders","Marshall Thundering Herd",2.5,46.5
"ebc400e419d11f88b555c4c425a101aa","7","North Texas Mean Green","South Florida Bulls",-2.5,67.5
"ec37466f088394b44c2221a0e2ad8818","9","Arkansas State Red Wolves","Georgia Southern Eagles",0,59.5
"ec5a3648e7b879155389f31cc523f840","7","Texas Longhorns","Oklahoma Sooners",-2.5,44.5
"ecdb13413222992d666fb1be5f3f15c4","14","Colorado State Rams","Air Force Falcons",2.5,47
"ecdc07baec885297b19dd029dd0004dc","9","Kansas Jayhawks","Kansas State Wildcats",-3.5,55.25
"ed1f7d744112bf4d7184c2a3bbb2648c","14","Illinois Fighting Illini","Northwestern Wildcats",-7,44.5
"ed3ba19ab5726f4f03c2b8bdeebfc142","11","Miami Hurricanes","Syracuse Orange",-28.5,47
"ed52f478980429ecf4e19140ba17b1cd","11","Wisconsin Badgers","Washington Huskies",10.5,44.5
"ed60227b309e7c8b24a7fd098d830bca","3","Ole Miss Rebels","Arkansas Razorbacks",-3.5,60.5
"ed6e2166a1b10224914b27016e04ee80","6","South Florida Bulls","Charlotte 49ers",-28,55.5
"ed821485171f0486828ac8bfae9537a3","15","Ohio State Buckeyes","Indiana Hoosiers",-4,46
"ed8f13ecfcb204caae8d2ab790dbf2a1","9","Southern Mississippi Golden Eagles","UL Monroe Warhawks",-13.5,49
"ee12d0d5e2a05a709506af59bd525728","14","Georgia Tech Yellow Jackets","Georgia Bulldogs",16.5,59.5
"ee56fe628302db3edce970e4bf7cc970","8","Oklahoma State Cowboys","Cincinnati Bearcats",24,58
"ee813cd96576a01199eedf7066cc54d1","4","Oregon Ducks","Oregon State Beavers",-34,57
"eebdc0d5bb5bf588dc76ef79c2d2f205","5","Old Dominion Monarchs","Liberty Flames",-14.5,53.5
"eecb202a746e0d50cc69d21b73860e13","7","Florida Atlantic Owls","UAB Blazers",-5,67
"eef629c46747c4f201a425717b019fde","14","Arizona State Sun Devils","Arizona Wildcats",1.5,48.5
"ef481710788d18502f9de2f9906fd74c","10","Middle Tennessee Blue Raiders","Jacksonville State Gamecocks",3.5,54.5
"ef5e4d5fdd91ba13abea3c1b880bf6cb","2","Wisconsin Badgers","Middle Tennessee Blue Raiders",-28.5,44.75
"efb65d1caa41db87771cf8d31fda1c03","4","Indiana Hoosiers","Illinois Fighting Illini",-7,51.5
"f007c65cee3245c0f25a8121fb8d2126","11","Rice Owls","UAB Blazers",1,52
"f087da86c9f333ede5023b3c5da3e683","8","TCU Horned Frogs","Baylor Bears",-3,66
"f0ad800d071b9335db5bd1c5634a28ca","13","UCLA Bruins","Washington Huskies",11,51
"f0daa9672398345c140434330134b8e2","5","Ole Miss Rebels","LSU Tigers",-2.5,57.75
"f0e1630f32dc039064b2536422a040ce","5","Vanderbilt Commodores","Utah State Aggies",-23.5,58
"f146d157f41678d4d8d9ffc7bade8af6","1","Michigan Wolverines","New Mexico Lobos",-34.5,48.5
"f1cf62076107958a8c8076e6ce1c5672","5","UL Monroe Warhawks","Arkansas State Red Wolves",-1.5,55.5
"f227f0ba147cb8471b7fa0200e02b853","14","Syracuse Orange","Boston College Eagles",3,53.5
"f22a5eb25fe6c98b41dc3457a0317fe5","13","SMU Mustangs","Louisville Cardinals",-4.5,49.5
"f27f05325cb971e8a0169da77094ac09","10","Liberty Flames","Delaware Blue Hens",-3,52
"f2cf826d5734af1bedd0fb1510a7605c","1","Cincinnati Bearcats","Nebraska Cornhuskers",6.5,51.5
"f35e80c2c336d6a9769b1b9a5ea34ebb","7","Middle Tennessee Blue Raiders","Missouri State Bears",1.5,49.5
"f3f7c2b0939ba9e800a45fc7cb870914","13","Arizona Wildcats","Baylor Bears",-6.5,62.5
"f412c431e3f6d5b0645351971479df7b","1","Maryland Terrapins","Florida Atlantic Owls",-14,60.5
"f47ceaaef63b9125717a578648bdaab7","10","South Alabama Jaguars","Louisiana Ragin Cajuns",-3.5,52.5
"f48274120104b3dd6de484cecdbc7e02","5","Air Force Falcons","Hawaii Rainbow Warriors",-6.5,52.25
"f52fd1eb78ff6a44662e772a4950263b","3","Arizona State Sun Devils","Texas State Bobcats",-18.5,61
"f53cf7187de74814bd8b0651a729b94b","10","Tennessee Volunteers","Oklahoma Sooners",-3,55
"f63b3ba5fb0084b3b5d735394f10ce43","8","Liberty Flames","New Mexico State Aggies",-10.5,48.5
"f64071bbf06bf34a684c347ad45f82a9","14","Louisville Cardinals","Kentucky Wildcats",-1.5,46.5
"f652e81624955a035c53f10089a56e2e","4","Liberty Flames","James Madison Dukes",7.5,46.5
"f65d280c50613dc0089571280476bc4a","4","South Alabama Jaguars","Coastal Carolina Chanticleers",-15.5,51.5
"f725f3f6b4997b4743eab27059a76b9a","3","Florida International Panthers","Florida Atlantic Owls",-1.5,56.5
"f7e3b232e4a570cc7d5d4484f83f3a5c","10","Texas Longhorns","Vanderbilt Commodores",-3,46.5
"f7f75940634e8ec62dac353f09be0677","4","Oklahoma State Cowboys","Tulsa Golden Hurricane",-10,54.5
"f88be3eb99624912fed9f8dfc9c3b017","1","Hawaii Rainbow Warriors","Stanford Cardinal",-2.5,50
"f8af8764a2800e0546e0d630375c5155","7","Georgia State Panthers","Appalachian State Mountaineers",3,55.5
"f921de41ef2918f15fc38af1091d6206","5","Arizona State Sun Devils","TCU Horned Frogs",-3,54.5
"f92b0c2e0458d4b67a708cf2cc086479","6","BYU Cougars","West Virginia Mountaineers",-20.5,46.5
"f959699d770536ccda4fc4df72a954ea","14","Mississippi State Bulldogs","Ole Miss Rebels",7,63
"f9b664cce99aad69a23c81635e4fac0f","13","Ohio Bobcats","UMass Minutemen",-34,53.5
"fa2d5dbab5d79c98893ce5b7a23c1d3e","8","Boise State Broncos","UNLV Rebels",-13,61
"fa877e625753f69bd36947d9b697faae","10","Nebraska Cornhuskers","USC Trojans",4.5,59.5
"fabf700114de9a665c40478e8dceccc9","8","Utah State Aggies","San Jose State Spartans",-4,62.5
"fafc61915d3429e8949bfa512a15505c","10","Clemson Tigers","Duke Blue Devils",-3.5,54.5
"fb1b5add87c95152d9887785fdfaff81","5","Southern Mississippi Golden Eagles","Jacksonville State Gamecocks",-4,55.5
"fbde7d91385363d991f47b06e939428c","6","Florida Gators","Texas Longhorns",5,42.5
"fc14fc6cc614c501289dce87abdaa041","3","UCLA Bruins","New Mexico Lobos",-15.5,53
"fc6dab7a706de775417de1c94b3dd419","7","Oregon State Beavers","Wake Forest Demon Deacons",2.5,50
"fca43c84b575e6d2a974da994e1ca32f","14","Oklahoma Sooners","LSU Tigers",-11,36
"fdbf98c8da4412e69fc190ad9d6b8278","5","Tulsa Golden Hurricane","Tulane Green Wave",15,52.25
"fde1da5b11f312009f2b0a445728ef08","13","Kennesaw State Owls","Missouri State Bears",-6.5,54.5
"fde61dca2f5d5d96267fb00ce6a3d1b9","2","Toledo Rockets","Western Kentucky Hilltoppers",-7.5,57.5
"fee631583a9845afb9bf9d8b3b0b8251","2","Marshall Thundering Herd","Missouri State Bears",-7,53.5
"ff33b4ccd0e554b0184b5e313a738c95","10","NC State Wolfpack","Georgia Tech Yellow Jackets",4.5,59
