player,player_id,position,team_name,player_game_count,accuracy_percent,aimed_passes,attempts,avg_depth_of_target,avg_time_to_throw,bats,big_time_throws,btt_rate,completion_percent,completions,declined_penalties,def_gen_pressures,drop_rate,dropbacks,drops,epa,first_downs,franchise_id,grades_hands_fumble,grades_offense,grades_pass,grades_run,hit_as_threw,interceptions,passing_snaps,penalties,positive_epa_percent,pressure_to_sack_rate,qb_rating,sack_percent,sacks,scrambles,spikes,thrown_aways,touchdowns,turnover_worthy_plays,twp_rate,yards,ypa
Caden Veltkamp,156642,QB,FAU,12,75.3,486,512,7.6,2.46,4,23,4.2,67.4,345,0,144,5.7,555,21,0.08,169,165,56.9,73.2,73.6,54.1,5,17,589,0,45.8,15.3,88.9,4.0,22,20,0,17,23,24,4.1,3629,7.1
Sawyer Robertson,146839,QB,BAYLOR,12,67.2,481,505,9.9,2.54,10,25,4.6,60.2,304,0,140,5.9,544,19,0.03,172,118,76.4,70.3,67.2,68.4,4,12,590,1,46.3,15.0,93.2,3.9,21,16,0,10,31,21,3.6,3683,7.3
Nick Minicucci,173617,QB,DELAWARE,12,71.1,453,483,9.6,2.73,3,18,3.5,62.9,304,1,146,5.6,530,18,0.13,162,151,59.9,67.0,66.4,59.9,10,7,570,3,48.7,16.4,94.1,4.5,24,22,1,16,22,20,3.5,3527,7.3
Malik Washington,198729,QB,MARYLAND,12,70.4,443,474,8.0,2.74,16,15,3.1,57.6,273,0,146,12.5,508,39,0.0,150,215,69.0,71.3,67.6,72.1,3,9,519,2,42.3,6.2,80.2,1.8,9,24,0,12,17,14,2.7,2963,6.3
Jaylen Raynor,172203,QB,ARK STATE,12,73.9,448,472,8.3,2.73,7,15,3.0,66.5,314,0,151,5.1,542,17,0.05,171,113,60.1,72.3,65.8,75.0,4,11,577,1,47.6,19.2,86.2,5.4,29,39,2,11,16,21,3.6,3066,6.5
Jaron-Keawe Sagapolutele,198237,QB,CAL,12,73.4,429,456,8.8,2.65,11,28,5.8,62.9,287,0,173,8.9,504,28,0.01,154,130,51.4,79.5,80.9,44.5,2,9,531,1,44.8,16.8,87.2,5.8,29,14,3,11,17,17,3.2,3118,6.8
Darian Mensah,169984,QB,DUKE,12,77.0,391,426,9.6,2.92,6,23,5.0,67.1,286,0,153,5.0,468,15,0.29,167,154,53.4,85.6,86.1,52.6,1,4,501,4,48.7,15.7,109.6,5.1,24,18,0,28,28,17,3.4,3430,8.1
Kevin Jennings,158272,QB,SMU,12,76.3,397,424,7.8,2.69,6,19,4.2,66.3,281,0,120,7.3,472,22,0.14,150,287,63.0,80.7,79.9,61.4,4,10,497,1,46.6,16.7,101.0,4.2,20,26,0,17,26,13,2.6,3370,7.9
Ty Simpson,157008,QB,ALABAMA,13,75.9,395,419,8.9,2.95,8,29,6.5,65.6,275,0,139,8.3,479,25,0.2,175,103,50.9,87.7,84.7,73.6,7,4,503,4,49.1,19.4,106.9,5.6,27,29,0,9,27,14,2.8,3282,7.8
Joe Fagnano,104768,QB,UCONN,12,78.2,394,414,7.6,2.5,11,14,3.2,69.1,286,0,114,7.1,453,22,0.35,152,146,67.6,87.0,81.9,80.3,3,1,477,0,53.2,14.0,116.0,3.5,16,23,1,5,28,8,1.7,3461,8.4
Josh Hoover,127148,QB,TCU,12,73.2,399,413,8.9,2.56,3,24,5.5,65.9,272,0,102,6.8,455,20,0.21,167,305,61.9,76.8,78.9,51.0,2,13,480,3,51.2,18.6,101.2,4.2,19,19,0,9,28,21,4.4,3445,8.3
Katin Houser,158386,QB,E CAROLINA,12,74.2,388,407,9.3,2.23,4,23,5.3,65.8,268,0,103,6.9,442,20,0.22,156,156,48.7,84.0,82.3,66.1,4,6,473,1,51.6,14.6,100.4,3.4,15,18,0,11,19,12,2.5,3323,8.2
Noah Kim,129623,QB,E MICHIGAN,12,73.8,359,403,8.9,2.83,7,17,3.9,61.3,247,0,137,6.8,436,18,0.07,127,160,46.8,67.6,69.4,53.2,2,11,467,1,45.6,8.0,85.9,2.5,11,22,1,34,18,15,3.2,2822,7.0
John Mateer,158516,QB,OKLAHOMA,12,71.4,370,402,8.3,2.74,9,13,3.1,61.9,249,0,137,5.7,459,15,0.0,141,261,65.0,64.0,61.7,62.6,4,11,482,2,43.6,19.7,83.8,5.9,27,28,2,17,14,20,4.1,2884,7.2
Walker Eget,146170,QB,S JOSE ST,11,69.1,363,397,12.3,2.78,11,29,7.0,58.2,231,0,118,8.0,421,20,0.08,133,285,64.8,67.5,66.7,57.8,2,9,441,1,45.1,5.1,87.4,1.4,6,18,4,17,17,19,4.3,3046,7.7
Joey Aguilar,174978,QB,TENNESSEE,12,76.3,372,388,9.8,2.7,3,21,5.0,66.5,258,0,128,9.2,424,26,0.27,159,307,56.0,90.4,90.7,55.7,5,10,457,4,52.6,12.5,104.4,3.8,16,20,0,8,24,8,1.8,3450,8.9
Noah Fifita,158722,QB,ARIZONA,12,76.0,354,386,10.3,3.04,8,22,5.3,64.0,247,0,141,8.2,443,22,0.17,142,109,76.9,84.2,83.3,64.5,2,5,475,1,47.6,17.7,104.4,5.6,25,29,0,22,26,9,1.9,2963,7.7
Drew Mestemaker,190616,QB,N TEXAS,12,79.0,366,384,8.3,2.63,6,24,5.9,70.8,272,0,102,5.9,413,17,0.44,178,251,66.8,90.7,90.4,62.0,2,4,437,0,53.8,13.7,123.6,3.4,14,15,1,9,29,10,2.3,3837,10.0
Micah Alejado,184162,QB,HAWAII,10,76.5,362,384,9.5,2.71,5,26,6.5,65.6,252,0,120,9.0,441,25,0.15,138,180,68.6,75.8,78.6,51.7,1,9,457,2,46.0,19.2,95.8,5.2,23,33,0,16,21,12,2.6,2821,7.3
Owen McCown,157688,QB,UTSA,12,76.9,364,384,6.7,2.41,2,10,2.4,67.4,259,0,115,7.5,416,21,0.06,134,331,46.0,72.7,71.6,59.3,3,7,444,1,47.4,13.9,103.5,3.8,16,14,1,14,27,15,3.4,2706,7.0
Marcel Reed,175940,QB,TEXAS A&M,13,72.8,357,380,9.1,2.99,6,18,4.5,61.6,234,1,130,10.0,445,26,0.17,166,312,56.8,68.3,63.6,69.3,6,12,468,7,49.9,11.5,96.8,3.4,15,50,0,11,25,22,4.7,3156,8.3
Jayden Maiava,158135,QB,USC,12,73.3,356,376,9.4,2.9,7,25,6.2,65.7,247,0,123,5.4,395,14,0.39,161,326,61.8,87.1,81.7,79.4,1,8,427,3,53.2,8.9,106.4,2.8,11,7,0,12,23,19,4.4,3431,9.1
CJ Bailey,183349,QB,NC STATE,12,76.6,355,375,8.5,2.86,2,11,2.8,69.1,259,1,133,4.8,424,13,0.2,149,248,63.4,69.3,66.1,67.4,2,9,448,2,49.5,13.5,102.1,4.2,18,29,2,14,23,14,3.1,2884,7.7
Arch Manning,173162,QB,TEXAS,12,73.6,337,373,9.9,2.91,9,17,4.3,60.9,227,0,157,8.5,421,21,0.14,138,311,63.2,86.1,81.8,75.0,11,7,444,3,42.8,14.0,99.3,5.2,22,25,2,14,24,16,3.6,2942,7.9
Carson Beck,124010,QB,MIAMI FL,13,80.9,361,373,7.3,2.35,6,14,3.6,74.3,277,0,60,5.1,411,15,0.28,150,220,72.9,76.3,78.8,48.4,2,10,430,2,52.8,16.7,111.5,2.4,10,22,0,4,26,10,2.3,3175,8.5
Jake Retzlaff,70874,QB,TULANE,13,73.3,352,371,9.0,2.75,6,12,3.1,61.5,228,0,123,11.6,409,30,0.21,160,319,49.2,81.4,78.3,70.6,1,7,426,2,50.9,7.3,92.7,2.2,9,27,1,11,15,19,4.5,3012,8.1
Athan Kaliakmanis,144971,QB,RUTGERS,12,70.8,349,370,11.2,2.77,6,26,6.6,61.9,229,0,130,7.3,440,18,0.15,155,278,73.5,88.8,87.6,64.4,3,7,463,0,50.2,29.2,99.0,8.6,38,32,1,11,20,11,2.4,3123,8.4
Ben Finley,122864,QB,AKRON,11,62.7,346,366,11.4,2.8,3,15,3.9,51.1,187,0,133,13.8,416,30,0.01,129,102,45.8,70.0,68.6,59.1,3,9,439,2,40.4,22.6,79.9,7.2,30,20,2,12,19,22,5.0,2474,6.8
JC French IV,162521,QB,GA SOUTHRN,12,72.2,342,366,8.5,2.55,5,12,3.1,62.6,229,0,127,7.3,444,18,0.13,148,174,65.3,64.2,61.3,65.2,1,8,463,1,47.1,22.8,93.8,6.5,29,44,4,14,19,12,2.6,2753,7.5
Drake Lindsey,184727,QB,MINNESOTA,12,70.8,336,364,8.0,2.6,7,13,3.4,62.6,228,0,97,4.2,387,10,-0.03,109,225,71.6,74.1,72.5,65.4,4,6,407,3,41.3,18.6,87.6,4.7,18,5,2,15,16,10,2.5,2235,6.1
Logan Fife,128176,QB,NEW MEX ST,10,66.7,336,364,9.2,2.53,13,15,3.9,56.3,205,0,125,8.5,419,19,-0.15,113,242,29.5,58.1,59.3,51.4,2,12,447,1,38.9,23.2,71.0,6.9,29,25,0,13,11,20,4.5,2240,6.2
Ta'Quan Roberson,101625,QB,BUFFALO,11,67.8,326,362,11.3,2.64,7,27,7.1,56.9,206,0,125,6.8,411,15,-0.06,125,126,30.3,58.6,58.1,59.3,8,12,429,6,40.9,19.2,80.2,5.8,24,24,2,19,17,24,5.6,2511,6.9
Trinidad Chambliss,178723,QB,OLE MISS,12,74.8,337,362,8.6,2.59,12,22,5.7,66.6,241,0,86,4.4,398,11,0.37,164,226,68.4,84.3,79.7,74.8,2,3,423,2,54.8,15.1,109.5,3.3,13,23,0,11,19,9,2.1,3295,9.1
Nicholas Vattiato,145302,QB,MIDDLE TN,9,71.4,332,360,7.4,2.52,8,8,2.1,60.6,218,0,99,8.0,410,19,-0.07,112,224,52.6,62.8,65.6,46.9,0,7,433,0,43.7,20.2,84.2,4.9,20,30,4,16,16,9,2.1,2155,6.0
Miller Moss,70727,QB,LOUISVILLE,11,72.2,335,359,7.9,2.64,9,14,3.7,63.5,228,0,117,5.8,390,14,0.02,117,210,38.4,68.4,63.8,78.1,3,7,409,3,45.1,17.1,89.2,5.1,20,10,4,8,14,19,4.6,2526,7.0
Chandler Morris,122938,QB,VIRGINIA,12,73.9,345,358,7.8,2.81,6,14,3.8,65.9,236,0,122,7.5,395,19,0.14,129,335,61.2,79.1,74.5,75.4,1,7,409,1,48.6,10.7,92.0,3.3,13,23,0,6,14,11,2.7,2586,7.2
Cade Klubnik,156253,QB,CLEMSON,11,78.2,326,355,8.6,2.71,6,16,4.3,66.2,235,0,130,7.8,384,20,0.12,132,140,57.7,78.9,80.3,57.5,4,6,405,2,47.7,10.0,97.5,3.4,13,15,1,18,16,8,2.0,2753,7.8
Braylon Braxton,144442,QB,SO MISS,11,73.0,326,350,10.3,2.81,10,25,6.5,65.7,230,1,113,3.4,401,8,0.13,126,296,64.2,75.9,76.9,58.6,1,7,436,5,43.9,15.0,103.8,4.2,17,33,0,13,23,11,2.5,2807,8.0
Anthony Colandrea,170131,QB,UNLV,12,76.0,333,350,10.0,2.83,4,24,6.4,68.0,238,0,128,5.9,407,15,0.27,152,325,46.2,90.8,86.1,82.7,3,8,433,2,52.1,16.4,106.4,5.2,21,33,1,9,22,11,2.5,3043,8.7
Alonza Barnett III,156710,QB,JAMES MAD,13,70.5,312,345,9.3,2.7,16,16,4.3,59.7,206,0,117,6.4,378,14,0.18,119,197,50.0,69.5,61.5,75.2,2,7,404,5,45.8,15.4,97.5,4.8,18,15,0,15,22,9,2.2,2718,7.9
Avery Johnson,173108,QB,KANSAS ST,12,72.2,316,344,9.5,2.76,8,17,4.8,59.3,204,0,105,10.5,379,24,0.06,117,199,52.9,74.8,71.6,68.2,3,6,391,3,44.1,9.5,90.6,2.6,10,24,1,16,18,18,4.6,2385,6.9
Brendon Lewis,131687,QB,MEMPHIS,12,82.7,307,343,8.9,3.12,7,15,4.1,69.4,238,0,142,6.3,418,16,0.16,136,218,54.3,85.2,74.1,83.9,5,6,443,1,49.3,20.4,98.3,6.9,29,45,0,24,15,14,3.2,2562,7.5
Byrum Brown,156206,QB,USF,12,75.6,328,342,9.7,2.99,5,21,5.7,65.8,225,0,113,9.3,405,23,0.28,141,327,57.0,91.5,85.7,86.2,3,7,431,2,51.9,13.3,113.8,3.7,15,46,1,5,28,11,2.6,3131,9.2
Preston Stone,124716,QB,NWESTERN,12,69.2,318,341,10.1,2.8,10,15,4.1,59.5,203,0,99,7.7,371,17,0.0,112,256,35.8,65.3,64.6,57.9,1,12,397,3,44.5,16.2,77.3,4.3,16,14,0,12,14,22,5.5,2174,6.4
Ryan Browne,174949,QB,PURDUE,12,71.0,314,341,9.3,3.04,3,11,3.0,58.4,199,0,129,10.8,388,24,-0.05,124,273,58.8,69.1,66.7,62.2,4,10,418,1,43.0,12.4,73.6,4.1,16,31,1,19,9,17,4.1,2153,6.3
Rocco Becht,157567,QB,IOWA STATE,12,71.6,317,340,9.7,2.68,7,15,4.2,60.3,205,0,97,9.7,386,22,0.09,125,193,57.8,80.0,79.3,64.0,3,9,409,2,45.9,22.7,88.7,5.7,22,23,1,12,16,9,2.2,2584,7.6
Jacob Clark,101628,QB,MO STATE,11,73.3,322,340,9.5,2.84,6,23,6.3,65.0,221,0,150,6.4,413,15,0.14,139,230,73.1,76.7,76.0,60.0,6,11,438,2,45.8,26.7,101.6,9.7,40,32,1,5,24,16,3.7,2877,8.5
Diego Pavia,156927,QB,VANDERBILT,12,80.3,320,340,9.3,2.87,4,25,6.9,71.2,242,1,140,5.8,406,15,0.46,182,333,68.2,92.3,91.0,81.5,3,8,433,6,59.1,12.1,117.0,4.2,17,46,0,13,27,11,2.5,3180,9.4
Kaden Anderson,127312,QB,WYOMING,12,67.9,308,340,8.4,2.84,9,8,2.2,55.6,189,0,110,9.6,369,20,-0.2,94,351,57.8,50.5,49.7,57.5,2,10,396,3,39.8,14.5,72.0,4.3,16,13,2,19,12,16,4.0,1969,5.8
Dante Moore,173983,QB,OREGON,13,80.9,324,339,8.6,2.53,6,28,7.8,72.3,245,0,86,6.5,372,17,0.28,139,264,55.4,92.1,91.8,67.0,1,8,391,1,49.7,15.1,117.3,3.5,13,18,0,8,28,9,2.3,3031,8.9
DJ Lagway,184426,QB,FLORIDA,12,71.8,316,338,8.1,2.71,3,13,3.7,63.0,213,0,115,6.2,382,14,-0.12,108,163,58.3,66.7,62.6,69.4,5,14,401,0,42.1,20.0,81.0,6.0,23,21,2,12,16,18,4.5,2265,6.7
Jalen Kitna,146688,QB,UAB,10,73.8,321,336,8.1,2.75,4,8,2.3,66.4,223,0,111,5.9,362,14,0.03,122,321,66.2,64.6,62.1,65.5,3,10,383,2,45.6,16.2,88.4,5.0,18,8,0,8,13,19,5.0,2459,7.3
Brendan Sorsby,156398,QB,CINCINNATI,12,71.0,310,336,10.6,2.82,6,23,6.4,61.0,205,0,114,6.8,378,15,0.27,142,138,70.1,90.3,86.3,76.9,1,5,400,0,48.1,6.1,107.0,1.9,7,34,1,18,26,7,1.8,2782,8.3
Bryson Barnes,131845,QB,UTAH ST,12,71.4,304,335,11.1,2.98,3,17,4.7,59.7,200,0,179,7.8,419,17,0.1,134,329,51.2,78.7,71.8,74.9,8,4,453,2,44.2,19.6,98.2,8.4,35,48,0,20,18,11,2.4,2691,8.0
Luke Altmyer,146802,QB,ILLINOIS,12,76.1,306,332,9.3,2.83,6,11,3.1,67.5,224,0,135,3.9,383,9,0.25,143,187,41.1,78.6,75.6,67.6,4,5,411,2,52.2,22.2,108.2,7.8,30,20,0,16,21,13,3.2,2798,8.4
Brad Jackson,184354,QB,TEXAS ST,12,79.9,309,332,9.0,2.66,7,22,6.3,70.8,235,0,107,4.9,414,12,0.28,142,314,50.1,79.5,73.8,73.1,1,7,435,0,51.4,22.4,108.4,5.8,24,54,3,12,18,10,2.3,3035,9.1
Demond Williams Jr.,183648,QB,WASHINGTON,12,77.2,307,331,8.7,3.19,4,12,3.5,69.8,231,0,165,2.5,415,6,0.26,157,340,60.8,77.1,72.0,72.7,5,8,426,3,53.7,15.2,107.2,6.0,25,59,0,15,21,10,2.3,2850,8.6
Nico Iamaleava,174728,QB,UCLA,11,73.7,300,329,7.9,2.83,10,9,2.6,63.8,210,0,155,5.0,406,11,-0.02,129,324,42.1,72.0,64.1,78.0,8,7,425,2,45.8,18.1,84.2,6.9,28,49,4,7,13,10,2.4,1941,5.9
Gunner Stockton,157072,QB,GEORGIA,12,81.1,302,329,7.4,2.69,11,14,3.9,70.2,231,0,102,5.7,388,14,0.23,140,173,76.0,80.9,80.0,64.9,5,5,418,4,51.3,14.7,106.6,3.9,15,43,0,11,20,12,2.9,2535,7.7
Taylen Green,145996,QB,ARKANSAS,12,71.3,296,329,9.5,3.2,4,11,3.2,60.2,198,0,142,6.2,393,13,0.18,145,111,65.3,82.5,65.6,92.2,8,11,417,2,50.4,19.0,91.9,6.9,27,37,0,21,19,22,5.3,2713,8.2
Julian Sayin,183708,QB,OHIO STATE,12,84.1,314,328,8.5,2.88,2,20,5.9,78.7,258,0,83,2.3,349,6,0.49,153,260,79.3,93.3,93.0,64.3,1,5,363,1,61.3,9.6,129.7,2.3,8,11,0,11,30,5,1.4,3065,9.3
Tucker Gleason,122475,QB,TOLEDO,12,77.5,302,325,9.1,2.74,5,18,5.2,64.3,209,0,112,10.7,346,25,0.14,120,316,50.3,90.5,90.4,65.9,4,9,364,4,50.3,8.0,97.9,2.6,9,12,2,12,21,10,2.7,2517,7.7
Haynes King,124329,QB,GA TECH,11,81.6,299,324,7.0,2.6,5,14,4.2,71.0,230,1,108,5.7,350,14,0.23,123,176,66.5,87.8,82.9,75.6,3,5,364,1,51.7,9.3,101.7,2.9,10,16,3,14,12,3,0.8,2686,8.3
Bear Bachmeier,203434,QB,BYU,12,74.9,303,324,9.0,2.7,4,11,3.2,64.2,208,0,111,8.4,367,19,0.18,124,128,48.2,80.2,73.2,76.8,4,4,390,0,48.8,12.6,98.1,3.8,14,26,2,11,14,16,4.1,2586,8.0
Jalon Daniels,122555,QB,KANSAS,12,72.3,303,321,10.1,2.88,4,18,5.4,61.7,198,0,118,9.6,370,21,0.15,132,198,29.8,77.1,72.0,72.3,2,7,385,1,48.9,16.1,100.1,5.1,19,30,1,11,22,15,3.9,2531,7.9
Conner Weigman,158683,QB,HOUSTON,12,71.5,298,319,9.1,2.74,4,15,4.3,63.9,204,1,125,4.2,362,9,0.1,125,182,34.6,70.8,59.5,79.4,5,9,394,2,46.4,15.2,97.9,5.2,19,21,0,12,21,17,4.3,2475,7.8
Baylor Hayes,192135,QB,TULSA,10,70.2,285,319,10.3,2.93,8,17,4.9,58.0,185,0,148,7.5,372,15,0.06,115,320,53.0,59.2,57.3,60.2,5,6,403,1,41.7,16.2,83.3,6.5,24,29,2,19,12,15,3.7,2161,6.8
Kyron Drones,144506,QB,VA TECH,12,67.4,291,317,9.4,3.17,2,15,4.5,55.8,177,0,154,9.7,387,19,-0.14,96,337,55.6,69.9,61.2,73.5,8,9,407,1,38.5,16.2,80.1,6.5,25,42,1,15,17,19,4.7,1937,6.1
Tayven Jackson,157615,QB,UCF,11,71.7,297,317,7.8,2.67,2,11,3.4,63.1,200,0,98,6.1,349,13,-0.06,91,323,49.2,59.4,55.1,70.0,3,8,358,6,44.7,16.3,83.1,4.6,16,13,0,15,10,17,4.7,2161,6.8
Evan Simon,129906,QB,TEMPLE,12,71.4,276,314,8.7,2.61,5,13,4.0,60.5,190,0,117,3.6,357,7,0.16,118,306,66.9,66.7,64.5,64.4,6,2,369,2,45.7,15.4,104.3,5.0,18,22,0,27,25,11,3.0,2100,6.7
Tommy Castellanos,158433,QB,FLORIDA ST,12,67.7,291,311,12.9,3.17,3,23,7.0,58.2,181,0,125,8.1,376,16,0.24,132,167,52.3,85.1,85.4,67.3,4,9,394,4,47.1,12.0,91.6,4.0,15,50,0,13,15,8,2.0,2765,8.9
Devon Dampier,171556,QB,UTAH,11,70.2,285,305,10.5,2.84,6,15,4.6,63.0,192,0,85,4.0,335,8,0.27,110,328,60.3,78.7,72.6,75.5,2,5,356,3,49.6,9.4,101.3,2.4,8,22,1,11,22,10,2.8,2161,7.1
Cutter Boley,184630,QB,KENTUCKY,11,72.1,290,305,7.9,2.72,2,7,2.2,64.9,198,0,108,5.3,364,11,0.04,123,202,39.9,59.4,59.2,56.5,1,12,387,3,45.6,23.1,85.9,6.9,25,30,2,10,15,19,4.9,2175,7.1
Blake Shapen,122282,QB,MISS STATE,11,77.3,278,303,9.3,2.69,9,15,4.7,64.4,195,0,121,9.3,368,20,0.02,101,227,40.4,68.5,74.5,47.0,5,8,389,2,41.8,28.9,94.6,9.5,35,30,0,11,15,10,2.6,2428,8.0
Jack Layne,158966,QB,NEW MEXICO,12,75.2,278,301,8.7,2.7,5,18,5.4,66.1,199,0,140,4.8,365,10,0.08,122,241,65.5,76.2,74.8,67.7,2,9,401,2,44.4,20.7,92.3,7.9,29,34,0,16,13,10,2.5,2399,8.0
CJ Carr,184093,QB,NOTRE DAME,12,73.2,280,299,10.6,2.55,4,21,6.5,65.2,195,0,76,4.9,317,10,0.36,137,258,67.1,85.1,83.5,65.9,3,6,340,4,54.9,10.5,113.0,2.5,8,9,2,10,24,11,3.2,2741,9.2
Bishop Davenport,163426,QB,S ALABAMA,12,74.8,286,298,6.3,2.46,3,9,2.7,67.8,202,0,87,5.6,341,12,0.0,102,288,46.8,66.6,56.7,76.6,2,6,372,5,44.9,24.1,92.6,6.2,21,21,0,7,12,18,4.8,2075,7.0
Fernando Mendoza,158323,QB,INDIANA,12,78.9,275,296,9.4,2.63,4,16,5.1,71.3,211,0,95,2.8,336,6,0.43,145,190,72.8,87.9,83.7,75.8,6,5,358,2,59.8,15.8,129.3,4.5,15,25,3,8,32,9,2.5,2758,9.3
LaNorris Sellers,174326,QB,S CAROLINA,12,70.3,269,296,9.5,3.15,6,15,4.7,59.8,177,0,163,6.3,384,12,0.0,106,289,52.1,73.4,66.9,72.4,6,8,410,5,40.1,24.5,89.5,10.4,40,47,2,13,13,14,3.4,2433,8.2
Bryce Underwood,198795,QB,MICHIGAN,12,73.0,282,293,8.6,2.74,7,12,3.9,61.1,179,0,108,13.1,347,27,0.1,120,222,50.3,72.1,70.0,63.9,1,6,362,0,47.8,17.6,86.4,5.5,19,33,0,3,9,11,3.0,2229,7.6
Parker Navarro,123758,QB,OHIO,12,70.7,266,293,10.9,3.24,5,14,4.5,60.4,177,0,137,5.9,363,11,0.08,130,259,28.5,68.0,59.7,74.6,1,10,387,8,48.8,13.9,85.9,5.2,19,51,1,20,14,18,4.7,2236,7.6
Colton Joseph,172283,QB,DOMINION,12,65.1,281,291,13.3,2.91,2,16,5.1,59.5,173,0,84,5.5,334,10,0.17,116,263,37.3,78.9,71.4,75.0,2,10,355,2,47.0,20.2,99.0,5.1,17,26,0,6,21,13,3.7,2629,9.0
Robby Ashford,131702,QB,WAKE,11,69.0,274,290,7.6,2.87,5,17,5.5,59.0,171,0,109,9.5,346,18,0.06,98,339,32.8,68.4,65.6,66.7,1,7,368,4,43.6,10.1,82.6,3.2,11,39,0,10,9,16,4.3,2166,7.5
Garrett Nussmeier,146757,QB,LSU,9,77.4,274,288,7.0,2.48,6,14,4.5,67.4,194,0,79,8.5,310,18,0.06,97,211,70.7,77.1,76.4,60.0,2,5,335,1,45.2,19.0,92.7,4.8,15,7,0,6,12,10,3.0,1922,6.7
Dylan Lonergan,172386,QB,BOSTON COL,10,74.3,268,284,7.7,2.6,8,12,4.1,66.9,190,0,71,4.5,318,9,-0.02,101,121,60.3,70.8,71.7,50.9,1,5,330,0,46.5,21.1,94.1,4.7,15,17,0,7,12,10,3.0,2015,7.1
Maalik Murphy,157302,QB,OREGON ST,10,67.8,267,280,9.1,2.52,6,6,2.1,58.2,163,0,91,9.9,295,18,-0.01,87,265,68.8,59.8,57.7,67.1,1,8,305,1,46.4,13.2,76.5,4.1,12,3,0,6,9,14,4.6,1818,6.5
Mason Heintschel,199088,QB,PITTSBURGH,9,72.4,261,277,8.6,3.07,4,12,3.9,63.2,175,0,131,7.4,340,14,0.12,108,268,48.8,61.7,59.3,63.6,2,7,368,2,45.3,21.4,93.7,8.2,28,33,0,10,15,16,4.3,2089,7.5
Kiael Kelly,145634,QB,BALL ST,12,66.5,257,275,8.1,3.0,6,6,2.1,56.7,156,0,158,8.8,375,15,-0.22,93,117,27.7,58.6,46.8,70.8,1,8,393,3,34.4,31.0,75.0,13.1,49,47,0,11,11,17,4.3,1614,5.9
Beau Pribula,164182,QB,MISSOURI,10,75.4,252,271,7.5,2.73,0,8,2.8,67.2,182,0,105,4.2,322,8,0.04,112,229,58.3,76.1,73.0,68.0,5,9,334,0,46.9,23.8,87.6,7.8,25,25,1,13,11,12,3.6,1941,7.2
Behren Morton,144747,QB,TEXAS TECH,10,77.2,254,270,8.4,2.59,3,18,6.4,67.0,181,0,70,7.7,293,15,0.32,99,315,60.8,80.5,80.9,54.0,2,4,305,1,50.5,21.4,113.9,5.1,15,8,1,10,20,11,3.6,2428,9.0
Ethan Vasko,163817,QB,LIBERTY,10,66.8,238,268,11.2,2.96,7,13,4.6,56.3,151,0,102,5.0,300,8,0.05,96,206,59.7,67.1,63.1,67.9,1,12,316,5,44.0,14.7,73.3,5.0,15,16,1,21,10,16,5.1,1961,7.3
Zane Flores,174288,QB,OKLA STATE,9,70.9,244,267,7.4,2.67,3,6,2.2,59.6,159,0,102,8.1,301,14,-0.2,80,262,53.5,58.6,54.1,67.7,4,7,312,0,40.2,17.6,67.8,6.0,18,16,1,15,3,13,4.2,1488,5.6
Zevi Eckhaus,148535,QB,WASH STATE,10,72.0,243,263,9.3,2.72,7,13,4.6,63.5,167,0,130,4.6,301,8,0.0,92,341,56.9,72.8,63.4,79.9,1,9,323,3,43.5,13.1,83.7,5.6,17,20,0,12,12,10,3.1,1752,6.7
Ben Gulbranson,131734,QB,STANFORD,9,67.7,235,261,8.5,2.72,6,11,4.0,56.3,147,0,105,7.5,292,12,-0.19,78,300,33.7,49.4,48.6,58.0,3,10,306,4,40.1,23.8,73.5,8.6,25,6,0,17,9,22,7.2,1811,6.9
Gio Lopez,172309,QB,N CAROLINA,11,74.1,243,261,9.2,2.98,3,11,3.9,65.1,170,0,130,5.6,310,10,-0.07,91,245,58.4,73.1,69.3,68.9,3,5,334,1,45.5,16.9,89.0,7.1,22,27,0,12,10,8,2.4,1746,6.7
Carlos Del Rio-Wilson,146687,QB,MARSHALL,11,73.4,244,257,7.7,2.65,6,10,3.6,66.5,171,0,96,4.5,295,8,0.19,109,214,74.4,74.1,69.3,69.3,2,5,317,1,47.5,9.4,104.7,3.1,9,28,0,5,17,8,2.5,2052,8.0
E.J. Warner,156185,QB,FRESNO ST,9,79.0,243,255,6.9,2.62,4,8,3.0,69.8,178,0,68,7.3,293,14,0.01,98,169,37.1,68.9,68.0,58.9,1,11,306,1,50.2,23.5,87.6,5.5,16,20,0,7,12,15,4.9,1811,7.1
Maddux Madsen,163379,QB,BOISE ST,9,71.7,240,255,8.6,2.86,6,8,3.0,59.6,152,0,87,11.6,298,20,0.19,101,120,59.0,66.9,65.3,61.1,0,7,315,3,47.7,17.2,92.5,5.0,15,28,0,9,15,13,4.1,1992,7.8
Maverick McIvor,99476,QB,W KENTUCKY,7,75.3,235,253,8.3,2.38,6,14,5.3,66.4,168,0,73,5.1,276,9,0.03,91,346,60.0,71.5,70.7,62.3,3,5,290,1,45.7,13.7,95.4,3.6,10,10,2,7,12,10,3.4,1844,7.3
Aidan Armenta,175731,QB,LA MONROE,11,66.5,239,253,11.8,2.83,2,17,6.3,57.7,146,0,76,8.2,293,13,-0.14,81,209,57.3,62.1,62.3,57.4,1,8,315,5,35.5,27.6,79.6,7.2,21,14,0,11,12,14,4.4,1628,6.4
Dylan Raiola,183581,QB,NEBRASKA,9,78.4,241,251,7.4,2.79,2,7,2.7,72.1,181,1,80,4.2,294,8,0.11,102,238,51.5,62.4,63.2,51.8,2,6,305,2,48.3,36.3,109.3,9.9,29,12,0,6,18,11,3.6,2000,8.0
Keyone Jenkins,170403,QB,FIU,9,70.8,233,250,8.8,2.88,4,5,1.9,62.8,157,0,100,4.8,287,8,0.07,93,166,38.8,59.3,59.3,58.2,3,5,301,3,48.8,15.0,86.3,5.2,15,21,1,9,9,12,4.0,1693,6.8
Dru DeShields,176094,QB,KENT STATE,11,65.5,223,244,10.9,2.86,6,15,5.8,55.7,136,1,119,6.8,283,10,0.1,86,201,42.0,60.6,62.0,54.4,3,3,300,7,40.6,13.4,102.7,5.7,16,22,1,11,18,12,4.0,2030,8.3
Jayden Denegal,158533,QB,S DIEGO ST,12,72.3,220,243,10.6,3.04,10,12,4.6,58.8,143,0,85,10.1,276,16,-0.18,77,284,59.7,66.5,62.7,65.3,1,8,296,0,39.9,20.0,80.8,6.2,17,15,0,12,9,13,4.4,1809,7.4
Mark Gronowski,138303,QB,IOWA,12,75.9,216,241,7.6,3.14,5,7,2.8,62.7,151,0,85,7.9,283,13,-0.09,89,192,48.1,80.5,70.7,78.7,2,6,297,2,41.7,17.6,81.5,5.3,15,27,0,18,8,7,2.4,1532,6.4
Sam Leavitt,175465,QB,ARIZONA ST,7,68.3,227,239,9.1,2.94,5,18,6.9,60.3,144,0,87,7.1,287,11,0.09,89,110,65.6,76.4,67.4,83.2,1,3,310,2,45.6,23.0,89.4,7.0,20,28,1,5,10,12,3.9,1628,6.8
Grayson Loftis,170054,QB,CHARLOTTE,11,66.3,205,234,10.0,2.81,3,15,6.2,54.7,128,0,103,5.9,267,8,-0.28,60,136,68.9,58.8,61.8,46.4,7,8,277,1,34.5,21.4,70.0,8.2,22,10,1,18,8,13,4.7,1415,6.0
Broc Lowry,173383,QB,W MICHIGAN,12,74.0,208,233,7.9,2.64,2,6,2.4,63.1,147,0,84,4.5,267,7,0.01,86,347,82.0,89.7,70.8,90.3,3,2,282,1,43.1,17.9,89.4,5.6,15,19,1,19,7,3,1.1,1584,6.8
Amari Odom,178686,QB,KENNESAW,10,72.0,214,224,10.2,2.85,1,19,7.9,64.7,145,0,80,5.8,266,9,0.27,94,200,54.1,77.2,77.1,64.6,1,6,285,1,47.0,15.0,110.0,4.5,12,28,0,8,17,12,4.2,2140,9.6
AJ Swann,157186,QB,APP STATE,7,72.1,208,221,9.9,2.51,3,11,4.7,58.8,130,0,69,13.3,237,20,-0.05,77,108,45.9,65.3,66.2,52.6,3,8,250,2,42.6,14.5,79.3,4.2,10,6,0,7,10,14,5.6,1494,6.8
AJ Hairston Jr.,184157,QB,UMASS,10,64.6,195,220,9.3,3.0,4,5,2.2,49.5,109,0,125,13.5,254,17,-0.24,54,216,50.8,56.3,58.5,51.1,9,4,269,4,35.4,12.0,60.6,5.9,15,19,0,12,4,7,2.6,988,4.5
JJ Kohl,174674,QB,APP STATE,8,72.8,202,217,8.7,2.55,5,12,5.3,61.3,133,0,73,9.5,237,14,0.14,80,108,55.0,67.5,66.0,63.5,7,2,248,3,47.3,12.3,95.9,3.8,9,11,0,3,12,10,4.0,1465,6.8
Jackson Arnold,173684,QB,AUBURN,10,73.5,200,215,7.3,2.84,3,5,2.2,63.3,136,0,94,7.5,279,11,-0.09,71,115,56.8,66.2,57.2,74.3,2,2,295,3,42.3,33.0,85.6,11.1,31,33,0,10,6,9,3.1,1309,6.1
Skyler Locklear,164027,QB,UTEP,9,69.8,189,213,10.7,3.1,3,11,4.9,55.4,118,0,102,10.6,256,14,-0.05,64,330,66.6,64.5,52.0,78.0,1,11,274,2,38.3,14.7,74.8,5.9,15,27,0,20,13,10,3.6,1415,6.6
Tad Hudson,170107,QB,COAST CAR,9,68.4,193,207,7.1,2.52,4,7,3.2,55.1,114,0,76,13.6,232,18,-0.28,56,141,33.5,55.7,54.5,61.5,2,5,248,5,33.6,17.1,63.3,5.6,13,12,0,8,4,13,5.2,942,4.6
Kaidon Salter,132046,QB,COLORADO,9,74.1,185,206,8.9,3.23,3,7,3.2,61.7,127,0,100,7.3,265,10,0.08,83,143,72.3,64.4,54.0,74.3,1,7,277,3,44.5,17.0,84.1,6.4,17,41,1,16,10,12,4.3,1414,6.9
Aidan Chiles,173727,QB,MICH STATE,8,70.5,190,204,9.2,3.13,0,6,2.8,62.3,127,0,89,5.2,246,7,0.05,71,223,29.7,63.4,56.6,73.0,1,3,261,2,45.9,21.3,92.6,7.7,19,20,0,13,10,8,3.1,1391,6.8
T.J. Finley,124093,QB,GA STATE,7,73.2,190,203,7.9,2.42,1,8,3.7,61.6,125,0,66,10.1,226,14,-0.11,59,175,65.8,63.8,64.7,51.7,6,7,241,1,40.7,19.7,74.4,5.8,13,9,2,4,6,10,4.1,1242,6.1
Jackson Brousseau,173480,QB,COLO STATE,9,78.2,174,202,7.3,2.93,4,6,2.8,63.9,129,0,108,5.1,250,7,-0.07,67,144,57.1,55.3,55.8,53.4,6,3,265,0,42.0,19.4,92.0,8.4,21,26,1,17,9,9,3.4,1360,6.7
Rodney Tisdale Jr.,188754,QB,W KENTUCKY,7,74.3,187,195,7.6,2.6,1,6,2.9,67.2,131,0,53,5.8,222,8,0.05,74,346,68.0,65.9,65.6,61.3,1,6,235,1,49.1,24.5,89.9,5.9,13,14,1,5,9,9,3.8,1371,7.0
Tucker Kilcrease,156863,QB,TROY,8,73.3,172,195,10.5,2.81,9,10,4.8,60.0,117,0,104,7.1,251,9,0.06,77,318,55.6,67.2,68.1,58.9,2,4,264,1,41.4,25.0,88.9,10.4,26,28,1,11,9,6,2.3,1405,7.2
Malachi Nelson,174203,QB,UTEP,6,65.9,176,189,8.9,2.53,2,10,5.0,54.0,102,0,64,12.1,211,14,-0.22,48,330,64.5,55.6,56.4,50.3,0,9,222,2,36.0,15.6,66.8,4.7,10,10,1,10,8,14,6.3,1154,6.1
Cameran Brown,184894,QB,GA STATE,10,74.1,174,186,8.2,2.71,4,9,4.5,64.5,120,0,71,7.0,209,9,0.19,74,175,51.3,79.1,78.0,68.4,4,1,227,4,48.3,8.5,105.9,2.9,6,17,0,4,13,5,2.2,1293,7.0
Joe Labas,144847,QB,C MICHIGAN,12,76.7,172,183,8.2,2.77,4,10,5.1,68.9,126,0,80,4.5,202,6,0.2,64,134,39.7,73.2,71.7,61.7,0,6,216,1,51.0,20.0,105.8,7.9,16,3,1,6,12,9,4.2,1676,9.2
Hunter Watson,183993,QB,SM HOUSTON,7,70.5,166,182,7.8,2.81,2,4,2.1,57.1,104,0,84,11.1,234,13,-0.19,60,281,39.5,60.7,62.4,58.5,4,4,246,5,38.0,25.0,74.9,9.0,21,29,0,10,5,6,2.4,1099,6.0
Lunch Winfield,176367,QB,LA LAFAYET,10,66.7,168,181,11.9,2.95,3,6,3.1,58.6,106,0,86,5.4,221,6,0.12,65,207,40.8,65.1,54.3,72.2,4,6,236,4,44.8,16.3,85.9,6.3,14,26,2,4,10,9,3.8,1323,7.3
Rickie Collins,172474,QB,SYRACUSE,7,63.8,174,181,10.1,2.86,5,6,3.1,53.6,97,0,84,12.6,225,14,-0.25,54,304,54.1,48.1,46.2,58.9,0,10,241,1,39.1,17.9,58.5,6.7,15,29,0,2,6,15,6.2,1032,5.7
Dequan Finn,97804,QB,MIAMI OH,8,69.8,162,180,12.0,3.23,4,10,5.2,58.3,105,0,75,7.1,212,8,0.08,71,221,73.7,71.8,67.4,69.7,1,6,228,4,48.6,14.7,87.1,5.2,11,20,0,13,9,9,3.9,1451,8.1
Carter Jones,198923,QB,NEVADA,9,69.6,168,173,8.0,2.36,3,2,1.1,64.2,111,0,53,5.1,194,6,-0.21,59,239,40.7,49.8,48.5,57.9,1,8,202,0,40.7,20.8,72.6,5.7,11,9,0,1,6,11,5.4,1029,5.9
Chase Jenkins,173242,QB,RICE,12,74.4,164,172,6.9,2.51,1,8,4.5,69.2,119,0,73,2.5,207,3,-0.04,60,275,42.1,67.2,67.7,60.3,1,2,214,0,41.5,17.8,97.4,6.3,13,20,0,6,9,3,1.4,1033,6.0
Alessio Milivojevic,183542,QB,MICH STATE,9,73.1,160,172,8.7,2.88,3,5,2.8,64.5,111,0,89,5.1,198,6,0.0,59,223,57.0,71.3,68.8,67.9,2,3,205,1,44.9,20.2,98.7,9.1,18,8,0,7,10,6,2.9,1267,7.4
Caden Creel,170414,QB,JVILLE ST,12,73.5,155,170,7.9,3.29,4,6,3.3,61.2,104,0,82,8.8,230,10,0.09,68,196,48.2,65.8,58.3,69.0,2,3,248,5,47.0,14.6,91.9,5.2,12,48,0,9,8,5,2.0,1245,7.3
Scotty Fox Jr.,199546,QB,W VIRGINIA,9,68.1,160,170,8.3,2.16,3,8,4.6,59.4,101,0,60,7.3,190,8,-0.08,50,343,49.3,55.0,55.2,55.7,1,6,196,0,37.4,25.0,81.9,7.9,15,5,0,6,7,7,3.6,1276,7.5
Drew Allar,164157,QB,PENN STATE,6,72.7,150,159,8.1,2.86,2,4,2.5,64.8,103,0,44,5.5,186,6,0.14,65,266,75.7,72.4,66.1,75.7,2,3,191,0,50.0,13.6,93.8,3.2,6,20,0,5,8,5,2.6,1100,6.9
Goose Crowder,144781,QB,TROY,6,74.0,146,156,8.0,2.64,3,8,5.1,62.2,97,0,65,10.2,192,11,-0.02,53,318,53.5,70.1,68.2,65.4,0,5,195,1,44.3,29.2,93.5,9.9,19,17,0,7,11,10,5.1,1104,7.1
Steve Angeli,156966,QB,SYRACUSE,4,75.4,142,156,10.0,2.44,7,9,5.5,62.8,98,0,54,8.4,174,9,0.23,61,304,50.3,78.0,74.8,71.7,3,2,183,0,48.9,22.2,105.6,6.9,12,6,0,4,10,5,2.7,1317,8.4
Blake Baker,170448,QB,LA TECH,8,76.6,141,155,8.0,2.53,2,4,2.4,65.8,102,0,54,5.6,185,6,0.06,59,208,60.4,73.9,65.7,74.8,6,3,198,0,46.5,14.8,92.4,4.3,8,22,1,5,5,6,3.0,1220,7.9
Grayson James,145214,QB,BOSTON COL,7,63.4,142,154,12.0,2.87,2,5,3.1,56.5,87,0,81,3.3,180,3,0.02,54,121,56.4,60.0,57.3,63.0,2,5,188,2,43.3,21.0,83.1,9.4,17,9,0,8,7,13,6.9,1196,7.8
Drew Pyne,122910,QB,BOWL GREEN,6,68.3,145,154,5.8,2.57,6,3,1.9,61.0,94,0,59,5.1,182,5,-0.21,45,122,75.5,55.9,54.5,64.2,1,5,187,4,38.5,27.1,71.9,8.8,16,11,2,0,4,5,2.7,882,5.7
Jeff Sims,122496,QB,ARIZONA ST,7,60.8,143,150,10.1,2.77,3,7,4.5,52.0,78,0,55,10.3,174,9,-0.05,45,110,24.6,63.5,58.0,66.1,0,5,182,0,36.2,18.2,71.7,5.7,10,14,0,4,7,8,4.4,886,5.9
Blake Horvath,162555,QB,NAVY,11,67.2,137,146,11.9,2.76,0,12,7.8,60.3,88,0,63,4.3,172,4,0.48,69,237,28.2,81.6,73.2,76.3,3,6,180,4,48.3,9.5,100.0,3.5,6,20,0,6,10,6,3.3,1472,10.1
Ethan Grunkemeyer,183606,QB,PENN STATE,9,79.1,134,145,7.2,2.81,3,4,2.6,69.0,100,0,63,5.7,172,6,0.13,59,266,29.6,63.5,63.0,56.9,0,4,181,2,47.1,20.6,92.9,7.6,13,13,0,8,6,5,2.8,1079,7.4
Landyn Locke,199937,QB,SM HOUSTON,6,62.5,128,143,11.0,2.7,2,4,2.7,49.7,71,0,41,11.3,154,9,-0.23,42,281,47.6,40.6,39.9,58.1,1,4,162,2,40.3,17.1,63.4,4.5,7,4,1,11,4,10,6.2,765,5.3
Max Cutforth,176220,QB,BOISE ST,8,72.5,131,140,8.9,2.68,4,3,2.0,57.1,80,0,38,15.8,153,15,-0.16,39,120,50.2,59.8,57.9,61.0,3,2,165,1,41.8,23.7,76.3,5.9,9,3,0,2,3,7,4.2,855,6.1
Roman Gagliano,183961,QB,MIDDLE TN,5,69.5,128,137,11.0,2.72,1,9,6.1,56.9,78,0,54,12.4,161,11,0.19,47,224,63.9,81.4,79.1,70.5,3,0,172,4,41.6,18.5,97.0,6.2,10,14,1,4,7,4,2.3,1000,7.3
Josh Holst,171312,QB,N ILLINOIS,7,67.2,119,130,7.9,2.88,1,5,3.7,59.2,77,0,62,3.8,167,3,-0.26,42,254,64.6,48.8,49.2,52.1,1,3,173,1,36.5,14.5,74.1,5.4,9,28,0,9,4,5,2.9,687,5.3
Joe Pesansky,149434,QB,FIU,8,72.6,113,129,10.9,3.04,7,8,5.8,60.5,78,0,57,4.9,150,4,0.06,47,166,51.5,82.0,80.0,69.1,3,6,161,3,46.7,12.3,85.9,4.7,7,14,0,6,9,5,3.1,915,7.1
Elijah Brown,183276,QB,STANFORD,6,66.7,117,128,8.9,2.49,3,5,3.7,57.8,74,0,56,5.1,144,4,-0.14,42,300,59.4,56.7,55.7,57.6,4,2,152,2,42.4,23.2,81.2,9.0,13,3,0,4,4,7,4.6,829,6.5
Dexter Williams II,129457,QB,KENNESAW,8,67.3,113,127,11.7,2.85,3,2,1.5,53.5,68,0,52,10.5,142,8,-0.01,42,200,77.0,60.9,54.1,69.9,4,3,147,1,38.7,7.7,78.8,2.8,4,11,1,6,6,7,4.8,798,6.3
Eli Holstein,172381,QB,PITTSBURGH,7,70.1,117,126,10.0,2.73,4,7,5.3,61.1,77,0,50,6.1,147,5,0.06,45,268,63.0,58.7,51.0,73.8,3,6,153,2,41.5,18.0,100.7,6.1,9,11,0,2,12,11,7.2,1081,8.6
Michael Van Buren Jr.,184764,QB,LSU,6,76.1,117,126,7.0,2.65,4,3,2.2,62.7,79,0,39,11.2,148,10,-0.1,42,211,55.4,64.2,64.8,56.8,1,2,158,1,41.9,25.6,85.6,6.8,10,12,0,4,5,6,3.8,745,5.9
Ashton Daniels,157259,QB,AUBURN,4,72.6,106,122,9.5,2.97,3,4,3.1,55.7,68,0,63,11.7,154,9,0.08,50,115,66.8,71.0,63.9,72.7,1,2,163,2,46.1,15.9,77.1,6.5,10,22,2,10,3,5,3.1,797,6.5
Liam Szarka,197814,QB,AIR FORCE,10,69.4,111,122,12.0,2.82,0,9,7.0,61.5,75,0,55,2.6,136,2,0.47,61,101,68.7,80.6,71.0,74.9,5,5,143,1,54.4,14.5,105.0,5.9,8,6,1,5,9,9,6.3,1294,10.6
Hunter Simmons,148254,QB,WISCONSIN,8,66.7,105,119,8.4,2.95,4,5,4.0,52.1,62,0,53,11.4,128,8,-0.46,32,349,27.2,45.2,46.1,46.6,2,7,133,1,38.3,7.5,49.8,3.1,4,4,0,8,2,10,7.5,664,5.6
Gavin Wimsatt,155757,QB,JVILLE ST,10,70.9,103,109,7.0,2.65,2,2,1.8,56.9,62,0,28,15.1,123,11,-0.02,36,196,55.0,74.7,67.9,73.1,1,2,128,2,40.7,17.9,82.1,4.1,5,9,0,3,4,3,2.3,732,6.7
Will Hammond,184898,QB,TEXAS TECH,7,73.3,105,109,8.6,2.54,0,6,5.3,62.4,68,0,26,11.7,124,9,0.11,34,315,62.2,78.8,68.0,80.0,2,3,129,0,45.2,11.5,89.7,2.4,3,11,1,1,7,5,3.9,673,6.2
Grant Jordan,151147,QB,UMASS,7,65.7,102,108,10.1,3.1,3,4,3.6,56.5,61,0,59,9.0,128,6,-0.22,31,216,77.1,64.8,57.5,72.1,0,2,130,0,39.1,20.3,72.5,9.4,12,8,0,3,3,3,2.3,564,5.2
Darius Curry,191052,QB,COLO STATE,5,75.5,102,108,6.8,2.61,1,3,2.6,64.8,70,0,45,9.1,121,7,-0.06,34,144,57.5,58.6,62.0,47.1,1,7,130,0,43.0,11.1,73.1,4.1,5,8,0,4,5,5,3.8,740,6.9
Adam Damante,170711,QB,NEW MEX ST,4,77.8,99,104,8.7,2.34,2,1,0.9,67.3,70,2,29,9.1,113,7,0.07,37,242,42.2,58.9,57.5,61.0,0,4,125,2,50.4,20.7,86.9,5.3,6,3,0,3,5,5,4.0,717,6.9
Luke Weaver,198494,QB,HAWAII,4,68.0,97,102,7.8,2.56,2,4,3.6,59.8,61,0,29,7.6,122,5,-0.07,33,180,58.8,53.4,52.6,58.0,1,3,133,0,36.1,20.7,80.5,4.9,6,14,0,2,5,7,5.3,600,5.9
Nicco Marchiol,157363,QB,W VIRGINIA,4,74.7,91,98,7.9,2.59,3,4,3.9,67.3,66,0,44,2.9,116,2,-0.15,31,343,76.6,69.9,68.5,62.1,2,2,120,1,43.1,27.3,86.6,10.3,12,6,0,2,2,3,2.5,707,7.2
Ryder Burton,175011,QB,UAB,7,70.5,95,98,10.6,3.25,1,8,7.7,63.3,62,0,40,7.5,118,5,0.13,38,321,47.0,72.2,71.4,61.6,0,5,125,0,50.0,25.0,87.5,8.5,10,9,0,2,7,3,2.4,708,7.2
Gabarri Johnson,175905,QB,OREGON ST,8,70.8,96,97,5.9,2.73,0,2,2.0,61.9,60,0,30,11.8,115,8,-0.33,27,265,45.7,49.1,45.8,57.7,0,3,123,0,37.4,26.7,69.0,7.0,8,10,0,1,2,4,3.3,497,5.1
Conner Harrell,156352,QB,CHARLOTTE,4,75.8,91,96,8.8,2.81,1,2,1.9,66.7,64,0,37,7.2,106,5,0.25,36,136,45.5,72.3,73.6,59.8,1,2,115,0,47.2,5.4,94.8,1.9,2,8,0,3,4,3,2.6,737,7.7
Julian Lewis,198304,QB,COLORADO,4,67.4,86,96,8.7,3.47,3,6,6.1,56.3,54,0,46,6.9,118,4,-0.24,24,143,73.6,72.1,71.4,61.5,2,0,121,1,33.1,26.1,88.7,10.2,12,10,0,5,4,2,1.7,595,6.2
Jaxon Potter,176687,QB,WASH STATE,3,75.8,91,96,6.2,2.16,1,3,3.0,69.8,67,0,20,2.9,100,2,-0.02,32,341,73.2,67.3,69.4,53.2,0,3,104,2,43.0,0.0,87.3,0.0,0,4,1,3,4,4,3.8,604,6.3
TJ Lateef,199810,QB,NEBRASKA,6,72.1,86,95,8.5,3.03,2,3,3.1,62.1,59,0,30,4.8,114,3,0.25,37,238,43.3,55.8,57.0,53.4,1,0,117,0,50.0,10.0,99.5,2.6,3,16,0,6,4,2,1.7,722,7.6
Carson Conklin,170765,QB,FRESNO ST,4,64.0,86,95,9.2,2.77,0,1,1.0,50.5,48,0,34,12.7,99,7,-0.38,18,169,60.3,47.8,52.3,44.4,2,2,105,2,34.3,8.8,54.5,3.0,3,1,0,7,1,4,3.8,355,3.7
Trey Kukuk,198675,QB,LA TECH,8,78.5,79,91,4.8,2.52,4,0,0.0,64.8,59,1,36,4.8,106,3,-0.16,27,208,83.2,72.3,51.6,78.1,2,3,111,3,39.6,16.7,74.3,5.7,6,9,2,4,2,3,2.7,538,5.9
Kirk Francis,173296,QB,TULSA,3,64.7,85,90,8.6,2.24,3,3,3.1,60.0,54,0,16,1.8,92,1,-0.1,24,320,73.0,58.0,57.1,58.7,0,4,98,1,42.4,6.3,67.6,1.1,1,1,0,2,3,3,3.1,495,5.5
Danny O'Neil,184200,QB,WISCONSIN,6,70.1,87,90,7.2,3.11,0,3,3.2,67.8,61,0,51,0.0,118,0,-0.21,35,349,76.6,51.3,43.9,66.8,1,5,123,1,41.5,31.4,83.3,13.6,16,12,0,2,5,6,4.9,635,7.1
Brady Davidson,199832,QB,N ILLINOIS,8,53.8,78,89,10.4,2.87,3,1,1.0,46.1,41,0,41,2.4,99,1,-0.42,16,254,53.9,37.6,35.8,57.9,3,3,108,1,30.3,14.6,55.7,6.1,6,4,0,5,3,6,5.6,386,4.3
Brandon Rose,158503,QB,UMASS,6,71.1,83,88,7.6,2.82,1,0,0.0,59.1,52,0,40,11.9,101,7,-0.28,24,216,28.4,53.1,53.8,54.4,0,3,105,0,37.6,17.5,61.0,6.9,7,6,0,4,1,6,5.7,424,4.8
Chubba Purdy,122412,QB,NEVADA,8,64.6,79,88,9.8,3.03,3,2,2.1,50.0,44,0,40,13.7,113,7,-0.29,30,239,62.6,61.6,47.0,65.2,2,8,122,0,38.9,12.5,44.5,4.4,5,20,2,2,3,11,9.0,576,6.5
Max Johnson,124099,QB,N CAROLINA,4,72.0,82,87,5.0,2.59,1,1,1.1,62.1,54,0,32,8.5,94,5,-0.05,26,245,52.6,51.8,50.6,63.3,1,0,100,1,40.4,6.3,82.2,2.1,2,5,0,3,2,3,3.0,432,5.0
Christian Veilleux,145086,QB,GA STATE,3,64.6,79,87,9.9,2.46,3,3,3.3,47.1,41,0,34,19.6,92,10,-0.2,26,175,73.0,53.2,49.1,68.8,1,3,97,0,35.9,2.9,62.9,1.1,1,4,1,3,3,4,4.1,509,5.9
Daniel Beale,197861,QB,LA LAFAYET,5,63.0,81,86,9.3,2.68,4,3,3.0,48.8,42,1,29,17.6,96,9,-0.31,24,207,53.6,57.5,54.8,64.8,0,4,111,1,34.4,17.2,46.4,5.2,5,5,0,1,1,2,1.8,395,4.6
Deshawn Purdie,184271,QB,WAKE,8,63.2,76,84,10.8,2.81,3,4,4.5,50.0,42,0,28,12.5,92,6,-0.06,27,339,26.8,43.0,48.5,35.9,3,3,97,0,38.0,14.3,83.6,4.3,4,4,1,1,6,5,5.2,623,7.4
Brayden Fowler-Nicolosi,157207,QB,COLO STATE,3,64.0,75,82,9.4,2.85,1,1,1.2,53.7,44,0,31,8.3,95,4,-0.16,29,144,52.8,50.7,47.2,65.7,1,2,99,0,34.7,19.4,65.5,6.3,6,6,0,5,1,4,4.0,488,6.0
Henry Hesson,145798,QB,MIAMI OH,4,49.3,69,81,13.7,2.86,1,4,4.9,39.5,32,1,37,5.9,95,2,-0.25,22,221,73.2,49.7,49.7,56.2,0,3,96,1,35.8,18.9,57.1,7.4,7,7,3,8,3,5,5.2,489,6.0
Samari Collier,144801,QB,COAST CAR,6,62.5,72,80,9.1,2.65,1,4,4.7,50.0,40,0,28,11.1,92,5,-0.04,23,141,57.2,64.9,51.5,73.4,2,2,99,1,35.9,14.3,88.3,4.3,4,8,0,5,7,3,3.0,496,6.2
Cale Hellums,170981,QB,ARMY,12,61.1,72,80,15.1,3.24,0,9,10.1,50.0,40,0,51,9.1,115,4,0.16,35,114,82.6,76.8,63.7,73.6,0,3,125,0,41.7,9.8,71.1,4.3,5,30,1,7,3,6,4.8,586,7.3
Austin Simmons,175891,QB,OLE MISS,6,69.9,73,75,11.5,2.42,0,6,7.8,60.0,45,0,18,11.8,84,6,0.01,32,226,37.7,74.5,74.2,64.5,1,5,87,0,52.4,22.2,83.4,4.8,4,5,0,1,4,5,5.7,744,9.9
Cam Fancher,145266,QB,UCF,3,66.7,66,72,8.8,3.44,2,1,1.3,56.9,41,0,30,6.8,91,3,-0.07,23,323,74.2,62.7,54.0,73.5,0,0,98,1,46.2,10.0,68.8,3.3,3,15,0,4,0,4,4.1,332,4.6
Christopher Vizzina,170032,QB,CLEMSON,4,71.4,70,71,6.8,2.37,0,2,2.7,63.4,45,0,26,10.0,79,5,-0.06,18,140,56.4,54.1,57.1,51.3,1,1,81,0,40.5,19.2,91.6,6.3,5,3,0,0,4,7,8.6,406,5.7
Matt Zollers,198887,QB,MISSOURI,6,66.1,59,70,10.4,2.47,1,1,1.3,50.0,35,0,17,10.3,77,4,-0.13,18,229,36.6,46.7,51.6,35.6,0,1,84,3,32.5,17.6,80.8,3.9,3,4,1,9,4,1,1.2,402,5.7
Hunter Najm,184223,QB,BOWL GREEN,5,60.3,58,68,7.8,2.66,5,2,2.8,48.5,33,0,15,5.7,82,2,-0.02,25,122,50.5,33.7,29.9,55.9,0,4,85,0,41.5,40.0,71.5,7.3,6,8,3,2,5,6,7.1,473,7.0
Sam Jackson V,144682,QB,OKLA STATE,8,64.9,57,67,6.5,3.63,3,2,2.8,52.2,35,0,30,5.4,82,2,-0.34,17,262,43.7,52.1,50.0,50.5,0,2,86,4,31.7,6.7,60.0,2.4,2,13,0,7,1,3,3.5,351,5.2
Malachi Singleton,172426,QB,PURDUE,8,70.2,57,64,11.4,3.09,2,2,2.9,59.4,38,0,34,5.0,71,2,0.04,23,273,79.5,69.9,65.7,67.2,2,2,75,0,47.9,8.8,92.6,4.2,3,4,0,3,5,3,4.0,431,6.7
Joseph Filardi,199227,QB,SYRACUSE,4,54.2,59,64,7.6,2.78,0,2,2.9,48.4,31,0,36,3.1,85,1,-0.63,14,304,26.7,29.6,26.9,68.8,0,3,92,2,27.1,30.6,42.8,12.9,11,9,0,5,1,8,8.7,226,3.5
Mabrey Mettauer,183668,QB,SM HOUSTON,6,68.4,57,62,5.6,3.0,1,1,1.4,58.1,36,1,27,7.7,86,3,-0.36,14,281,54.3,53.6,61.1,48.6,1,2,96,3,27.9,25.9,73.3,8.1,7,16,0,3,3,3,3.1,300,4.8
MJ Morris,157404,QB,COAST CAR,3,68.4,57,61,7.6,2.27,2,2,3.1,59.0,36,0,14,7.7,65,3,-0.23,17,141,72.6,46.2,43.6,59.3,0,4,68,0,33.8,14.3,51.2,3.1,2,2,0,2,1,6,8.8,319,5.2
Zion Turner,158636,QB,MARSHALL,4,73.7,57,59,9.0,2.72,2,2,3.3,67.8,40,0,21,4.8,63,2,0.0,18,214,24.6,67.0,67.2,60.0,0,1,65,1,42.9,9.5,85.6,3.2,2,2,0,0,1,4,6.2,403,6.8
Zach Calzada,98006,QB,KENTUCKY,3,57.1,56,58,11.9,2.98,1,2,3.2,48.3,28,0,23,12.5,63,4,-0.59,9,202,73.5,46.5,41.7,63.2,0,2,69,1,22.2,8.7,45.1,3.2,2,3,0,1,0,3,4.3,239,4.1
Ryan Staub,171906,QB,COLORADO,4,66.0,53,56,10.6,2.74,1,5,8.6,53.6,30,1,21,14.3,73,5,-0.12,17,143,27.1,45.7,46.7,54.6,1,4,76,3,34.2,33.3,66.6,9.6,7,10,1,0,3,7,9.2,427,7.6
Kamario Taylor,198868,QB,MISS STATE,7,65.4,52,56,13.2,3.39,0,3,5.1,53.6,30,0,36,11.8,76,4,0.28,29,227,69.9,85.2,59.2,90.3,1,1,81,1,46.1,13.9,92.0,6.6,5,14,0,3,4,1,1.2,388,6.9
KJ Jackson,184386,QB,ARKANSAS,5,67.9,53,54,8.4,2.81,0,2,3.5,61.1,33,0,22,8.3,63,3,0.32,22,111,47.2,78.7,72.3,76.7,0,0,67,0,46.0,9.1,105.6,3.2,2,6,0,1,3,3,4.5,441,8.2
Tristan Ti'a,204242,QB,OREGON ST,3,76.5,51,53,9.4,2.81,1,2,3.4,69.8,37,0,22,5.1,63,2,0.07,20,265,20.8,56.6,62.6,42.0,1,2,69,1,50.8,31.8,93.7,11.1,7,3,0,0,3,5,7.2,385,7.3
Zach Gibson,100201,QB,FAU,6,63.5,52,53,8.1,2.62,1,2,3.4,58.5,31,0,13,6.1,55,2,0.19,16,165,43.5,50.0,54.4,38.1,0,3,60,0,38.2,0.0,71.5,0.0,0,1,0,0,3,4,6.7,323,6.1
Gunnar Gray,171202,QB,BUFFALO,4,62.7,51,53,9.8,2.22,1,2,3.7,54.7,29,0,10,9.4,53,3,-0.28,10,126,70.3,51.6,49.6,60.0,1,2,54,0,37.7,0.0,62.5,0.0,0,0,0,0,2,3,5.6,228,4.3
Landry Lyddy,156581,QB,SO MISS,5,72.9,48,52,7.3,2.71,1,0,0.0,65.4,34,0,11,2.9,55,1,0.02,16,296,71.5,65.4,65.1,59.0,1,3,59,0,49.1,0.0,77.9,0.0,0,3,0,2,2,3,5.1,406,7.8
Tama Amisone,199154,QB,S JOSE ST,6,70.7,41,52,9.3,3.41,1,0,0.0,51.9,27,0,20,6.9,60,2,-0.1,15,285,77.0,65.6,59.2,67.2,0,3,62,1,43.3,15.0,38.1,5.0,3,5,0,10,0,2,3.2,210,4.0
Daniel Kaelin,183565,QB,VIRGINIA,4,69.4,49,52,7.4,2.73,0,0,0.0,57.7,30,0,17,11.8,56,4,-0.25,15,335,48.1,58.0,54.0,64.4,1,1,56,0,41.1,11.8,75.7,3.6,2,2,0,2,1,2,3.6,339,6.5
Zach Wilcke,156836,QB,CHARLOTTE,6,73.9,46,52,7.5,2.93,1,2,3.6,63.5,33,0,28,2.9,60,1,-0.37,17,136,73.3,56.5,58.5,53.1,0,3,63,1,41.7,10.7,67.5,5.0,3,5,0,5,2,4,6.3,296,5.7
Deuce Bailey,198907,QB,MO STATE,2,62.5,40,48,9.5,3.62,3,1,2.0,47.9,23,0,27,8.0,60,2,0.09,19,230,34.9,61.4,56.7,64.6,1,0,63,0,40.0,14.8,85.0,6.7,4,8,1,3,2,2,3.2,335,7.0
Thomas Gotkowski,184081,QB,MIAMI OH,2,59.1,44,47,15.7,2.48,2,3,6.4,53.2,25,0,13,3.8,53,1,0.28,17,221,53.1,66.9,55.4,75.3,1,0,54,0,43.4,15.4,111.2,3.8,2,4,0,0,4,1,1.9,411,8.7
Carter Smith,199578,QB,WISCONSIN,4,70.0,40,46,6.4,3.29,1,0,0.0,56.5,26,0,33,7.1,59,2,-0.28,12,349,42.6,42.4,37.3,54.7,1,1,60,0,35.6,27.3,72.8,15.3,9,4,0,4,2,2,3.3,201,4.4
AJ Bianco,158232,QB,NEVADA,6,69.0,42,46,7.2,2.93,1,1,2.0,58.7,27,0,19,6.9,57,2,-0.28,11,239,43.9,57.3,54.1,65.3,0,1,60,1,29.8,26.3,66.2,8.8,5,6,0,3,1,2,3.3,188,4.1
Evan Bullock,170452,QB,LA TECH,3,62.8,43,44,7.9,2.64,0,2,4.1,54.5,24,1,17,11.1,55,3,-0.31,14,208,71.5,45.6,42.0,66.9,1,2,60,2,38.2,35.3,51.5,10.9,6,3,0,0,0,4,6.7,242,5.5
Brady Jones,200039,QB,W MICHIGAN,5,56.4,39,43,10.6,2.72,2,1,2.3,44.2,19,0,20,13.6,50,3,-0.6,9,347,17.2,38.3,35.4,56.8,0,3,51,2,26.0,15.0,30.8,6.0,3,3,0,2,1,5,9.8,136,3.2
Michael Merdinger,183334,QB,LIBERTY,5,57.9,38,42,11.1,2.94,3,4,8.9,50.0,21,0,20,4.5,56,1,0.03,19,206,72.1,67.7,62.6,67.9,0,0,59,0,37.5,35.0,86.4,12.5,7,7,1,0,1,1,1.7,350,8.3
Lucian Anderson III,173364,QB,BOWL GREEN,3,76.3,38,41,8.0,2.7,1,1,2.1,63.4,26,0,10,10.3,50,3,-0.45,11,122,54.8,67.9,59.8,70.2,0,3,56,1,42.0,40.0,65.6,8.0,4,5,0,2,2,2,3.6,245,6.0
Walker Howard,157112,QB,LA LAFAYET,5,57.9,38,40,10.6,2.55,0,0,0.0,45.0,18,0,8,18.2,44,4,-0.52,7,207,73.0,42.7,34.5,66.0,0,3,49,1,29.5,12.5,24.5,2.3,1,3,0,2,0,3,6.1,155,3.9
Dewayne Coleman,163179,QB,ARMY,5,71.9,32,38,11.9,3.03,0,3,7.3,50.0,19,0,18,17.4,41,4,0.04,11,114,57.1,79.2,76.3,70.6,0,2,44,1,34.1,5.6,69.3,2.4,1,2,1,5,2,1,2.3,273,7.2
Landon Graves,181155,QB,LA MONROE,6,60.0,35,38,12.8,3.07,0,1,2.4,50.0,19,0,17,9.5,42,2,0.14,14,209,72.9,57.2,56.6,59.8,1,2,45,1,40.5,0.0,59.6,0.0,0,4,0,2,2,4,8.9,185,4.9
Mason Drube,200056,QB,WYOMING,3,59.5,37,37,10.4,3.29,0,0,0.0,54.1,20,0,17,9.1,44,2,-0.33,11,351,72.7,52.3,55.9,51.1,0,1,47,0,43.2,23.5,56.9,9.1,4,3,0,0,0,2,4.3,187,5.1
Mitch Griffis,123386,QB,TEXAS TECH,5,83.9,31,36,8.0,2.38,3,4,9.1,72.2,26,0,13,0.0,43,0,0.25,20,315,43.8,83.2,84.1,64.5,1,0,51,0,51.2,23.1,122.1,7.0,3,4,0,1,2,1,2.0,357,9.9
Byrd Ficklin,199457,QB,UTAH,7,64.7,34,36,9.1,2.8,1,2,5.4,58.3,21,0,13,4.5,43,1,0.48,19,328,30.7,90.9,75.2,88.0,0,0,44,1,48.8,7.7,113.3,2.3,1,6,1,0,3,0,0.0,301,8.4
Khalil Wilkins,189946,QB,W VIRGINIA,4,54.5,33,35,13.4,2.83,1,1,2.6,42.9,15,0,19,16.7,45,3,-0.43,8,343,24.2,48.3,35.1,62.1,0,2,49,1,33.3,15.8,46.0,6.7,3,7,0,1,1,4,8.2,189,5.4
Tramell Jones Jr.,200122,QB,FLORIDA,2,78.8,33,35,8.7,2.8,0,0,0.0,60.0,21,0,14,19.2,42,5,-0.1,14,163,69.7,65.0,71.1,48.1,0,0,43,0,40.5,7.1,93.9,2.4,1,6,0,2,2,1,2.3,191,5.5
Luke Duncan,173972,QB,UCLA,2,78.1,32,34,4.6,2.13,2,0,0.0,61.8,21,0,9,16.0,34,4,0.21,9,324,68.5,60.9,61.8,,0,0,34,1,50.0,0.0,102.0,0.0,0,0,0,0,2,1,2.9,235,6.9
Jacob Conover,70963,QB,UTAH ST,4,62.5,32,33,10.7,2.6,0,2,5.7,57.6,19,0,9,5.0,35,1,0.22,11,329,71.0,60.9,59.4,62.1,0,0,38,2,42.9,11.1,99.3,2.9,1,1,0,1,2,1,2.6,230,7.0
Gevani McCoy,147609,QB,TEMPLE,8,75.0,32,33,6.3,2.66,0,2,5.3,72.7,24,0,9,0.0,41,0,0.17,14,306,27.6,59.5,74.2,42.2,0,0,46,0,43.9,11.1,115.2,2.4,1,6,0,1,2,0,0.0,256,7.8
Noah Gillon,198101,QB,APP STATE,3,59.3,27,32,6.4,2.52,2,0,0.0,40.6,13,0,19,18.8,40,3,-0.58,4,108,70.4,39.8,40.0,57.2,3,0,41,1,25.0,21.1,50.4,10.0,4,4,0,0,0,3,7.3,111,3.5
Xavier Ward,146492,QB,S JOSE ST,3,53.3,30,32,9.8,2.78,1,1,2.8,37.5,12,0,12,25.0,36,4,-0.81,6,285,35.7,28.4,28.3,50.0,1,4,41,0,22.2,0.0,8.9,0.0,0,4,0,0,0,4,9.8,116,3.6
Brandon Tennison,174109,QB,UTSA,4,75.9,29,32,6.1,2.21,2,1,3.0,62.5,20,0,8,9.1,38,2,0.17,10,331,71.4,62.4,60.0,65.1,0,0,39,1,52.6,25.0,100.9,5.3,2,4,0,1,2,0,0.0,199,6.2
Brendan Sullivan,145034,QB,TULANE,11,78.6,28,31,9.5,3.84,0,4,11.1,64.5,20,0,21,9.1,46,2,0.11,14,319,75.8,60.8,74.7,49.7,2,2,52,0,50.0,14.3,81.8,6.5,3,12,0,1,2,2,3.8,233,7.5
Luke Doty,124230,QB,S CAROLINA,3,70.0,30,30,7.3,2.45,0,0,0.0,63.3,19,0,9,9.5,36,2,-0.39,11,289,33.3,61.6,61.4,59.2,0,1,37,0,38.9,11.1,61.5,2.8,1,5,0,0,0,1,2.7,148,4.9
Angel Flores,164493,QB,C MICHIGAN,8,76.0,25,29,7.0,2.37,1,3,10.3,65.5,19,0,14,0.0,36,0,-0.13,8,134,73.4,83.5,66.2,77.8,0,0,37,2,36.1,14.3,107.7,5.6,2,4,1,2,2,3,8.1,195,6.7
Aaron Philo,183222,QB,GA TECH,1,84.6,26,28,9.4,2.32,0,4,13.3,75.0,21,0,11,4.5,30,1,0.35,11,176,29.9,76.3,72.2,69.7,1,1,32,0,53.3,9.1,113.7,3.3,1,1,0,1,1,3,9.4,373,13.3
Josh Johnson,186429,QB,AIR FORCE,5,66.7,27,28,15.9,3.21,1,4,13.8,57.1,16,0,13,11.1,38,2,0.45,14,101,52.1,72.1,79.1,58.3,0,2,39,0,50.0,30.8,111.6,10.5,4,6,0,0,4,2,5.1,374,13.4
Michael Hawkins Jr.,184595,QB,OKLAHOMA,2,65.4,26,27,10.6,2.58,0,0,0.0,55.6,15,0,9,11.8,33,2,0.02,11,261,39.7,74.1,62.9,76.9,1,0,34,0,45.5,33.3,111.2,9.1,3,3,0,0,3,1,2.9,167,6.2
Ryan Puglisi,184571,QB,GEORGIA,6,80.8,26,27,8.2,2.35,1,1,3.7,59.3,16,0,7,23.8,30,5,-0.21,8,173,71.1,76.6,78.9,58.1,0,2,30,0,43.3,14.3,57.8,3.3,1,2,0,0,1,1,3.3,161,6.0
Kenny Minchey,171091,QB,NOTRE DAME,5,76.9,26,26,11.5,2.72,0,2,7.4,76.9,20,0,10,0.0,29,0,0.41,11,258,73.0,87.5,83.9,71.8,0,0,30,1,55.2,0.0,97.6,0.0,0,3,0,0,0,0,0.0,196,7.5
Turner Helton,163044,QB,GA SOUTHRN,3,65.2,23,26,6.0,2.8,0,1,3.6,53.8,14,0,9,6.7,28,1,-0.22,6,174,68.2,61.5,64.2,52.6,1,0,30,0,32.1,0.0,72.3,0.0,0,2,0,2,1,0,0.0,74,2.8
AJ Hill,198754,QB,MEMPHIS,1,61.9,21,25,9.6,3.22,1,1,3.7,52.0,13,0,7,0.0,25,0,0.16,9,218,67.9,51.8,53.7,,0,1,27,1,52.0,0.0,71.3,0.0,0,0,0,3,1,2,7.4,175,7.0
Deuce Knight,198161,QB,AUBURN,2,72.0,25,25,10.3,2.88,0,1,3.8,68.0,17,0,8,5.6,34,1,0.78,16,115,22.4,69.8,42.2,93.2,0,0,35,0,52.9,37.5,128.6,8.8,3,6,0,0,2,4,11.4,259,10.4
John Alan Richter,156999,QB,TOLEDO,3,80.0,25,25,11.7,2.74,0,1,4.0,68.0,17,0,5,15.0,29,3,0.38,13,316,68.2,73.8,78.7,55.8,0,1,30,1,62.1,20.0,107.2,3.4,1,3,0,0,3,0,0.0,153,6.1
Jake Merklinger,184888,QB,TENNESSEE,3,81.0,21,24,10.6,3.24,0,1,4.2,54.2,13,0,10,23.5,28,4,0.12,12,307,68.6,81.6,80.8,64.4,2,0,28,0,46.4,10.0,105.0,3.6,1,3,0,1,2,0,0.0,173,7.2
Alberto Mendoza,188673,QB,INDIANA,6,83.3,24,24,8.0,2.0,0,0,0.0,75.0,18,0,2,10.0,25,2,0.88,13,190,73.3,84.9,69.6,83.8,0,1,25,1,68.0,0.0,136.5,0.0,0,1,0,0,5,2,8.0,286,11.9
Kalieb Osborne,184132,QB,TOLEDO,6,63.6,22,23,11.8,2.93,0,2,8.0,60.9,14,0,14,0.0,35,0,0.26,12,316,29.7,66.2,51.9,70.5,1,0,37,0,48.6,21.4,125.1,8.6,3,8,0,0,2,2,5.4,239,10.4
Michael Johnson Jr.,97796,QB,AKRON,7,65.0,20,23,8.2,2.83,2,0,0.0,52.2,12,0,10,7.7,33,1,-0.43,6,102,48.0,60.3,60.3,59.5,1,0,35,1,36.4,40.0,72.6,12.1,4,6,0,0,1,0,0.0,62,2.7
Cole Ballard,173062,QB,KANSAS,5,57.1,21,22,12.0,2.53,0,1,4.5,45.5,10,0,6,16.7,24,2,-0.19,7,198,40.4,68.2,59.3,69.6,1,1,24,0,37.5,16.7,56.6,4.2,1,1,0,0,1,0,0.0,108,4.9
Baron May,76359,QB,BOWL GREEN,1,66.7,18,22,9.4,2.51,2,3,12.5,54.5,12,0,10,0.0,27,0,0.04,8,122,34.8,64.9,58.0,71.0,2,0,29,1,29.6,30.0,89.6,11.1,3,2,0,0,1,1,3.4,142,6.5
Cole Gonzales,159939,QB,PITTSBURGH,3,61.9,21,22,8.8,2.27,0,1,4.5,50.0,11,0,9,15.4,24,2,-0.16,3,268,67.6,51.0,52.6,56.7,1,1,24,0,29.2,11.1,62.3,4.2,1,1,0,0,1,2,8.3,118,5.4
Drew Devillier,190639,QB,RICE,6,66.7,21,22,7.1,2.3,1,1,4.2,50.0,11,0,5,21.4,26,3,0.07,6,275,32.3,54.7,64.6,46.6,0,0,28,0,34.6,0.0,84.8,0.0,0,4,0,0,1,1,3.6,137,6.2
Deuce Adams,190581,QB,LOUISVILLE,3,84.2,19,21,6.1,2.68,2,2,9.5,71.4,15,0,9,6.3,25,1,-0.4,5,210,34.5,64.9,73.1,53.5,0,0,25,0,40.0,22.2,83.8,8.0,2,2,0,0,0,0,0.0,112,5.3
Hank Brown,172439,QB,IOWA,3,68.4,19,21,6.1,2.58,0,0,0.0,52.4,11,0,6,15.4,21,2,0.0,6,192,26.9,54.4,62.1,42.7,2,1,21,0,38.1,0.0,63.0,0.0,0,0,0,0,1,0,0.0,107,5.1
Jalen Macon,153929,QB,N ILLINOIS,3,50.0,20,21,11.9,3.24,0,0,0.0,42.9,9,0,12,10.0,29,1,-0.02,8,254,79.1,71.3,45.6,75.9,0,0,30,0,41.4,8.3,74.5,3.4,1,7,0,1,1,0,0.0,105,5.0
Zeon Chriss-Gremillion,156733,QB,HOUSTON,4,55.0,20,21,9.5,2.71,1,1,4.2,47.6,10,0,12,9.1,24,1,-0.53,4,182,36.2,55.4,42.2,70.5,0,1,27,0,29.2,8.3,59.2,4.2,1,2,0,0,1,3,11.1,108,5.1
Gaston Moore,123756,QB,USF,6,88.9,18,20,3.4,2.46,0,1,4.5,70.0,14,0,4,12.5,23,2,-0.16,5,327,37.5,67.7,65.3,63.3,2,0,25,0,30.4,25.0,89.6,4.3,1,2,0,0,1,1,4.0,54,2.7
CJ Montes,146114,QB,KENT STATE,2,64.7,17,19,5.0,2.83,2,0,0.0,52.6,10,0,13,9.1,26,1,-0.32,6,201,69.5,58.1,52.1,66.5,0,1,26,0,30.8,38.5,72.3,19.2,5,2,0,0,1,0,0.0,140,7.4
Shaker Reisig,199615,QB,BOSTON COL,3,55.6,18,19,12.3,2.85,1,2,10.5,52.6,10,0,9,0.0,26,0,-0.24,7,121,33.1,48.7,45.3,62.5,0,2,26,0,34.6,33.3,54.8,11.5,3,4,0,0,1,2,7.7,141,7.4
Emory Williams,170099,QB,MIAMI FL,4,68.4,19,19,8.0,2.38,0,0,0.0,68.4,13,0,4,0.0,21,0,0.2,7,220,25.9,64.5,59.5,67.7,0,0,21,0,57.1,50.0,93.3,9.5,2,0,0,0,0,1,4.8,156,8.2
Braden Streeter,185330,QB,DELAWARE,2,72.2,18,19,10.1,2.72,1,1,5.3,63.2,12,0,5,7.7,20,1,-0.03,5,151,68.5,70.5,72.0,57.2,0,1,20,0,45.0,0.0,71.8,0.0,0,1,0,0,1,1,5.0,98,5.2
Braxton Woodson,175276,QB,NAVY,4,61.1,18,19,11.3,2.88,0,2,10.5,47.4,9,0,15,18.2,25,2,0.05,8,237,57.4,92.3,74.2,88.9,0,0,25,0,36.0,20.0,65.7,12.0,3,3,0,1,0,1,4.0,110,5.8
JacQai Long,184703,QB,MARSHALL,5,53.8,13,18,8.5,3.11,0,0,0.0,33.3,6,0,12,14.3,22,1,-1.07,1,214,22.4,41.4,27.3,71.1,2,0,22,0,9.1,33.3,42.4,18.2,4,0,0,3,0,3,13.6,31,1.7
Kevin Sperry,198436,QB,FLORIDA ST,3,70.6,17,18,14.6,3.31,0,0,0.0,66.7,12,0,8,0.0,23,0,0.33,9,167,68.8,65.4,64.9,60.9,0,0,24,1,47.8,25.0,139.6,8.7,2,3,0,1,2,0,0.0,194,10.8
Jaylen Henderson,146054,QB,W VIRGINIA,5,50.0,18,18,9.4,2.53,0,1,5.0,38.9,7,0,12,22.2,24,2,-0.68,2,343,49.6,54.3,27.2,78.1,0,0,26,0,20.8,33.3,47.0,16.7,4,2,0,0,0,3,11.5,50,2.8
Khristian Martin,188254,QB,MARYLAND,5,82.4,17,17,8.9,2.11,0,2,11.1,64.7,11,0,6,21.4,19,3,-0.62,4,215,69.1,82.1,81.5,64.1,0,0,20,0,21.1,16.7,81.7,5.3,1,1,0,0,0,0,0.0,105,6.2
Brayden Roggow,184145,QB,AKRON,3,73.3,15,17,6.3,2.34,0,0,0.0,64.7,11,0,3,0.0,17,0,-0.01,5,102,68.9,65.6,60.9,66.7,0,0,17,0,52.9,0.0,78.3,0.0,0,0,0,2,0,0,0.0,91,5.4
Blaze Berlowitz,171066,QB,VANDERBILT,6,62.5,16,17,10.3,2.91,0,1,5.6,52.9,9,0,8,10.0,20,1,0.5,7,333,73.6,57.2,44.9,68.5,0,0,21,0,50.0,0.0,97.9,0.0,0,2,0,1,1,1,4.8,131,7.7
Austin Mack,171934,QB,ALABAMA,3,81.3,16,16,4.9,2.88,0,0,0.0,81.3,13,0,4,0.0,19,0,0.48,10,103,67.8,60.2,60.9,61.8,0,0,20,1,63.2,0.0,138.8,0.0,0,3,0,0,2,0,0.0,125,7.8
Brock Thomas,176601,QB,OREGON,5,92.3,13,16,7.6,2.86,2,0,0.0,75.0,12,0,4,0.0,20,0,0.23,7,264,36.6,58.2,59.3,56.3,1,0,22,0,45.0,25.0,119.3,5.0,1,3,0,0,1,1,4.5,130,8.1
Billy Edwards Jr.,144185,QB,WISCONSIN,2,53.8,13,16,14.8,2.48,1,0,0.0,43.8,7,0,6,0.0,16,0,0.08,6,349,66.7,50.6,49.6,,0,0,17,0,37.5,0.0,68.0,0.0,0,0,0,2,0,0,0.0,113,7.1
Braedyn Locke,157141,QB,ARIZONA,3,46.7,15,16,8.7,2.54,0,0,0.0,37.5,6,0,6,14.3,19,1,-1.28,3,109,69.8,33.3,29.5,61.5,1,1,22,0,21.1,50.0,25.3,15.8,3,0,0,0,0,2,9.1,69,4.3
Devin Kargman,156913,QB,KENT STATE,2,53.3,15,16,10.1,2.18,0,0,0.0,43.8,7,0,10,12.5,19,1,-0.94,3,201,66.8,51.6,50.4,,0,1,19,0,21.1,30.0,30.2,15.8,3,0,0,1,0,1,5.3,68,4.3
Jared Hollins,184343,QB,S ALABAMA,4,80.0,15,16,3.7,2.61,1,2,10.0,75.0,12,0,5,0.0,17,0,0.1,5,288,67.2,67.8,70.1,,0,0,21,1,47.1,20.0,111.7,5.9,1,0,0,0,1,0,0.0,101,6.3
Keelon Russell,198077,QB,ALABAMA,2,80.0,15,15,7.4,2.86,0,1,6.3,73.3,11,0,4,8.3,17,1,0.71,10,103,67.6,77.5,73.5,68.2,0,0,18,0,70.6,0.0,142.5,0.0,0,2,0,0,2,1,5.6,143,9.5
Quinn Henicle,190064,QB,DOMINION,4,50.0,14,15,10.9,2.92,0,0,0.0,40.0,6,0,6,14.3,18,1,-0.57,4,263,25.7,64.0,50.0,69.9,1,0,20,1,27.8,33.3,51.3,11.1,2,1,0,0,0,1,5.0,57,3.8
Nick Evers,158082,QB,UCONN,2,73.3,15,15,7.5,2.22,0,0,0.0,66.7,10,0,1,9.1,15,1,0.28,5,146,67.3,62.6,63.0,59.7,0,0,15,0,46.7,0.0,109.0,0.0,0,0,0,0,1,0,0.0,105,7.0
Husan Longstreet,199411,QB,USC,2,92.9,14,15,2.8,3.05,0,0,0.0,86.7,13,0,4,0.0,21,0,0.29,9,326,28.6,66.1,51.3,72.5,0,0,22,0,57.1,25.0,117.5,4.8,1,5,0,1,1,1,4.5,103,6.9
James Laubstein,190465,QB,NEW MEXICO,4,85.7,14,14,6.9,2.93,0,0,0.0,71.4,10,0,4,16.7,16,2,0.63,7,241,59.2,87.8,74.7,75.9,0,0,17,0,62.5,0.0,129.8,0.0,0,2,0,0,2,0,0.0,96,6.9
Miles O'Neill,191260,QB,TEXAS A&M,3,61.5,13,14,18.8,3.47,1,2,13.3,50.0,7,0,10,12.5,21,1,-0.4,3,312,69.3,58.9,56.6,60.5,0,2,22,0,33.3,20.0,63.7,9.5,2,5,0,0,1,2,9.1,120,8.6
Lincoln Kienholz,170256,QB,OHIO STATE,4,84.6,13,14,7.2,2.95,0,0,0.0,78.6,11,0,5,0.0,16,0,0.63,10,260,73.7,86.8,81.6,73.1,0,0,17,0,68.8,0.0,131.8,0.0,0,2,0,1,1,0,0.0,139,9.9
Kemper Hodges,186426,QB,AIR FORCE,3,46.2,13,14,13.4,3.26,0,0,0.0,42.9,6,0,9,0.0,18,0,-0.45,4,101,58.9,74.8,42.8,78.2,0,0,19,0,33.3,33.3,59.8,16.7,3,1,0,1,0,1,5.3,74,5.3
Noah Walters,164315,QB,OKLA STATE,2,50.0,14,14,9.4,2.52,0,0,0.0,42.9,6,0,2,14.3,17,1,-0.03,4,262,71.2,47.7,45.7,57.1,0,0,18,0,35.3,50.0,83.0,5.9,1,1,0,0,1,1,5.6,72,5.1
Brady Allen,156493,QB,LOUISVILLE,3,83.3,12,12,10.3,2.58,0,3,21.4,66.7,8,0,1,20.0,13,2,-0.51,3,210,66.4,61.7,63.6,57.3,0,2,15,0,38.5,0.0,71.9,0.0,0,1,0,0,1,2,13.3,75,6.3
Cutter Woods,199951,QB,S CAROLINA,2,81.8,11,11,10.2,2.71,0,0,0.0,72.7,8,0,5,11.1,13,1,-0.11,6,289,66.8,88.3,90.3,60.2,0,1,13,0,61.5,0.0,50.9,0.0,0,2,0,0,0,0,0.0,69,6.3
Brady Hart,199994,QB,TEXAS A&M,2,55.6,9,11,4.6,2.38,0,0,0.0,45.5,5,0,4,0.0,12,0,-0.07,3,312,68.5,57.7,51.5,66.2,1,0,12,0,41.7,0.0,63.4,0.0,0,1,1,0,0,0,0.0,62,5.6
Matthew Caldwell,150302,QB,TEXAS,4,72.7,11,11,12.5,2.16,0,0,0.0,72.7,8,0,1,0.0,11,0,0.45,6,311,69.2,90.2,83.3,75.9,0,0,11,0,54.5,0.0,125.2,0.0,0,0,0,0,1,0,0.0,85,7.7
Matthew Sluka,143059,QB,JAMES MAD,4,72.7,11,11,13.3,2.58,0,2,15.4,72.7,8,0,4,0.0,15,0,0.33,5,197,79.7,88.3,60.9,85.7,0,2,17,3,46.7,50.0,100.6,13.3,2,2,0,0,3,2,11.8,100,9.1
Robert McDaniel,199153,QB,S JOSE ST,3,30.0,10,11,7.5,2.93,1,0,0.0,27.3,3,0,7,0.0,16,0,-1.02,2,285,66.7,40.8,38.2,60.6,0,1,17,0,25.0,42.9,1.7,18.8,3,2,0,0,0,1,5.9,19,1.7
Ui Ale,173036,QB,TROY,1,70.0,10,11,11.5,2.64,0,0,0.0,45.5,5,0,4,28.6,16,2,-0.09,4,318,67.5,62.2,57.3,66.8,0,0,17,0,37.5,75.0,60.4,18.8,3,2,1,0,0,0,0.0,54,4.9
Kai Horton,144418,QB,WASHINGTON,3,70.0,10,10,14.7,3.3,0,0,0.0,60.0,6,0,5,14.3,15,1,-0.05,7,340,69.4,71.7,58.8,74.7,0,0,15,0,46.7,40.0,88.8,13.3,2,3,0,0,0,1,6.7,88,8.8
Brock Glenn,170335,QB,FLORIDA ST,4,77.8,9,10,5.6,2.38,1,0,0.0,60.0,6,0,3,14.3,12,1,-0.27,4,167,69.9,73.7,62.8,71.9,0,0,13,0,58.3,33.3,120.4,8.3,1,1,0,0,2,0,0.0,69,6.9
Jadyn Glasser,184670,QB,C MICHIGAN,1,87.5,8,10,5.0,2.76,0,0,0.0,70.0,7,0,10,0.0,13,0,0.67,5,134,71.6,80.1,71.2,72.6,1,0,14,0,46.2,20.0,92.9,15.4,2,1,1,0,0,0,0.0,78,7.8
Hauss Hejny,183824,QB,OKLA STATE,1,60.0,10,10,17.2,2.53,0,1,8.3,50.0,5,0,3,16.7,11,1,0.51,5,262,68.6,74.8,73.1,64.5,0,0,13,0,45.5,0.0,117.1,0.0,0,1,0,0,1,0,0.0,96,9.6
Nolan Good,198637,QB,KENT STATE,2,55.6,9,10,4.0,2.73,1,0,0.0,50.0,5,0,2,0.0,12,0,-0.28,2,201,27.1,39.2,48.4,44.9,0,0,12,0,25.0,50.0,57.5,8.3,1,1,0,0,0,0,0.0,33,3.3
AJ Surace,184666,QB,RUTGERS,2,55.6,9,9,16.4,2.57,0,0,0.0,44.4,4,0,2,20.0,11,1,0.45,3,278,65.8,66.5,65.4,,0,0,12,0,27.3,100.0,105.6,18.2,2,0,0,0,2,0,0.0,58,6.4
Bert Emanuel Jr.,158581,QB,S DIEGO ST,5,71.4,7,9,2.3,2.89,0,0,0.0,55.6,5,0,3,0.0,10,0,-0.53,2,284,48.3,63.7,49.4,67.4,0,0,12,1,30.0,33.3,65.5,10.0,1,0,0,2,0,0,0.0,37,4.1
George MacIntyre,199971,QB,TENNESSEE,2,77.8,9,9,9.8,2.8,0,0,0.0,77.8,7,0,2,0.0,9,0,0.44,5,307,65.1,58.8,58.0,,0,0,9,0,77.8,0.0,94.4,0.0,0,0,0,0,0,0,0.0,60,6.7
Weston Bryan,207846,QB,GA SOUTHRN,7,88.9,9,9,15.4,1.77,0,2,20.0,77.8,7,0,0,12.5,10,1,0.68,3,174,78.4,87.0,83.8,74.2,0,0,11,0,40.0,,145.1,0.0,0,0,0,0,3,0,0.0,84,9.3
Jordan Magwood,199666,QB,FAU,2,87.5,8,9,8.5,2.95,0,0,0.0,77.8,7,0,3,0.0,11,0,0.16,4,165,66.7,71.7,75.4,57.8,1,0,11,0,63.6,0.0,95.8,0.0,0,2,0,0,0,0,0.0,63,7.0
Cole Feuerbacher,171447,QB,MO STATE,2,87.5,8,8,4.9,2.5,0,0,0.0,75.0,6,0,2,14.3,8,1,-0.75,1,230,21.2,45.5,62.2,38.5,0,0,9,0,25.0,0.0,79.2,0.0,0,0,0,0,0,0,0.0,28,3.5
Landon Sims,200048,QB,WYOMING,4,100.0,7,8,4.3,2.77,0,0,0.0,75.0,6,0,4,14.3,10,1,0.32,4,351,73.8,86.6,80.7,73.4,1,0,10,0,60.0,25.0,124.0,10.0,1,1,0,0,1,0,0.0,38,4.8
Zach Marker,173615,QB,DELAWARE,1,62.5,8,8,5.6,2.18,0,0,0.0,37.5,3,0,1,40.0,9,2,-0.2,2,151,66.3,69.5,61.6,68.9,0,0,9,0,33.3,0.0,45.8,0.0,0,1,0,0,0,0,0.0,21,2.6
Nick Poulos,188474,QB,OHIO,1,57.1,7,8,7.7,2.66,0,0,0.0,50.0,4,0,6,0.0,12,0,-0.06,3,259,71.6,52.5,39.8,65.0,1,0,13,0,41.7,33.3,56.3,16.7,2,2,0,0,0,0,0.0,19,2.4
Shay Smith,188323,QB,UTEP,5,37.5,8,8,7.9,2.5,0,0,0.0,37.5,3,0,1,0.0,9,0,-0.61,0,330,74.5,46.5,29.1,65.7,0,0,12,0,22.2,0.0,45.8,0.0,0,0,0,0,0,2,16.7,11,1.4
Arrington Maiden,184715,QB,MEMPHIS,3,62.5,8,8,11.4,3.0,0,1,11.1,62.5,5,0,2,0.0,10,0,0.12,3,218,72.5,83.9,80.6,70.3,0,0,11,0,60.0,50.0,84.9,10.0,1,1,0,0,0,1,9.1,59,7.4
Malachi Toney,200155,WR,MIAMI FL,6,57.1,7,7,14.1,3.09,0,1,12.5,57.1,4,1,3,0.0,8,0,0.66,4,220,74.8,88.5,83.8,72.8,0,0,9,4,50.0,0.0,138.1,0.0,0,1,0,0,2,0,0.0,82,11.7
Reese Poffenbarger,145346,QB,N TEXAS,2,85.7,7,7,8.6,2.74,0,0,0.0,71.4,5,0,1,16.7,8,1,0.19,3,251,69.0,53.9,44.2,64.3,0,0,8,0,75.0,0.0,83.0,0.0,0,1,0,0,0,1,12.5,36,5.1
Anthony Garcia,174863,WR,UTAH ST,6,85.7,7,7,13.1,3.49,0,1,12.5,85.7,6,0,1,0.0,8,0,1.49,6,329,74.3,63.4,91.3,79.8,0,0,9,1,75.0,0.0,153.3,0.0,0,1,0,0,4,0,0.0,79,11.3
Patrick Crayton Jr.,204285,QB,RICE,2,80.0,5,7,-1.8,1.97,1,0,0.0,57.1,4,0,5,0.0,9,0,-2.13,1,275,23.3,42.8,33.7,59.0,1,1,9,0,11.1,40.0,22.6,22.2,2,0,0,0,0,1,11.1,20,2.9
Chaston Ditta,198345,QB,E CAROLINA,3,83.3,6,7,6.3,1.99,1,0,0.0,57.1,4,0,2,20.0,9,1,-0.19,2,156,69.8,61.7,54.1,65.7,0,0,9,0,33.3,100.0,111.9,22.2,2,0,0,0,1,0,0.0,38,5.4
Billy Wiles,144144,QB,APP STATE,2,85.7,7,7,7.1,2.81,0,0,0.0,85.7,6,0,5,0.0,12,0,-0.07,4,108,20.3,51.1,49.1,60.6,0,1,13,0,50.0,60.0,96.4,25.0,3,2,0,0,1,2,15.4,50,7.1
Nate Bennett,184815,QB,BAYLOR,1,71.4,7,7,6.6,2.57,0,0,0.0,71.4,5,0,1,0.0,7,0,-0.26,2,118,64.6,69.6,68.8,,0,0,7,0,42.9,0.0,81.8,0.0,0,0,0,0,0,0,0.0,34,4.9
Hunter Herring,147138,QB,LA MONROE,6,42.9,7,7,15.0,3.26,0,0,0.0,42.9,3,0,3,0.0,8,0,-0.19,4,209,41.1,58.9,36.3,65.0,0,2,9,1,50.0,0.0,78.3,0.0,0,1,0,0,1,2,22.2,68,9.7
Mike Wright Jr.,124366,QB,E CAROLINA,3,66.7,6,7,8.0,2.76,0,0,0.0,42.9,3,0,3,25.0,7,1,-0.73,0,156,77.2,69.8,57.7,71.8,0,0,7,0,14.3,0.0,50.3,0.0,0,0,0,1,0,0,0.0,13,1.9
Devin Brown,156479,QB,CAL,4,57.1,7,7,11.3,3.6,0,0,0.0,57.1,4,0,4,0.0,9,0,-0.38,3,130,66.3,41.6,39.4,59.7,0,1,9,0,33.3,50.0,78.3,22.2,2,0,0,0,1,1,11.1,48,6.9
Luke Carney,199218,QB,SYRACUSE,3,71.4,7,7,5.6,2.98,0,0,0.0,71.4,5,0,4,0.0,12,0,-0.5,2,304,70.5,59.8,58.6,59.9,0,0,12,0,25.0,50.0,74.7,16.7,2,3,0,0,0,0,0.0,22,3.1
Davi Belfort,184926,QB,UCF,3,66.7,6,6,12.0,3.88,0,0,0.0,66.7,4,0,3,0.0,10,0,0.07,4,323,30.0,58.3,26.8,75.3,0,1,10,1,30.0,66.7,54.9,20.0,2,2,0,0,0,2,20.0,53,8.8
Brady Lichtenberg,144226,QB,CINCINNATI,1,66.7,6,6,6.3,2.51,0,1,16.7,66.7,4,0,2,0.0,7,0,0.73,4,138,65.9,79.7,72.9,68.8,0,0,7,0,57.1,0.0,136.1,0.0,0,1,0,0,1,0,0.0,56,9.3
Ethan Houck,198664,QB,LIBERTY,2,20.0,5,6,17.4,2.69,1,1,16.7,16.7,1,0,1,0.0,7,0,-0.9,1,206,71.6,40.9,27.2,69.5,0,1,7,1,14.3,100.0,0.0,14.3,1,0,0,0,0,2,28.6,17,2.8
Jackson Proctor,148851,QB,N ILLINOIS,1,60.0,5,6,1.8,1.85,1,0,0.0,33.3,2,0,1,33.3,6,1,-0.67,0,254,67.0,51.9,47.8,60.5,0,0,6,0,16.7,0.0,42.4,0.0,0,0,0,0,0,0,0.0,8,1.3
Ken Seals,124359,QB,TCU,2,66.7,6,6,6.5,2.23,0,0,0.0,66.7,4,0,2,0.0,6,0,-0.73,1,305,65.7,49.0,41.0,60.0,0,1,6,0,33.3,0.0,34.7,0.0,0,0,0,0,0,1,16.7,24,4.0
Brennen Ward,200146,QB,KENTUCKY,1,100.0,5,6,5.2,2.6,1,0,0.0,50.0,3,0,2,40.0,6,2,-0.39,1,202,64.6,80.9,80.5,,0,0,7,0,33.3,0.0,61.1,0.0,0,0,0,0,0,0,0.0,25,4.2
Lex Thomas,170381,QB,NC STATE,1,50.0,4,6,13.0,3.78,0,0,0.0,33.3,2,0,3,0.0,6,0,-0.89,1,248,10.3,37.0,35.4,,0,0,6,0,16.7,0.0,42.4,0.0,0,0,0,2,0,1,16.7,18,3.0
Au'Tori Newkirk,205242,QB,N CAROLINA,2,50.0,6,6,12.2,2.35,0,0,0.0,50.0,3,0,2,0.0,6,0,-0.39,2,245,67.1,43.8,37.2,64.8,0,1,7,0,50.0,0.0,59.7,0.0,0,0,0,0,1,1,14.3,23,3.8
Josh Flowers,184255,QB,ARK STATE,2,50.0,6,6,9.5,1.95,0,0,0.0,33.3,2,0,1,33.3,6,1,-0.71,2,113,72.2,68.7,52.9,70.4,0,1,6,0,33.3,0.0,42.4,0.0,0,0,0,0,1,1,16.7,13,2.2
Alex Manske,198567,QB,IOWA STATE,1,80.0,5,5,3.4,2.5,0,0,0.0,80.0,4,0,0,0.0,7,0,0.47,3,193,69.8,64.6,58.3,64.2,0,0,8,0,57.1,,90.0,0.0,0,2,0,0,0,0,0.0,28,5.6
McCae Hillstead,174761,QB,BYU,1,80.0,5,5,-2.0,1.7,0,0,0.0,80.0,4,0,0,0.0,5,0,0.35,1,128,70.4,65.2,58.8,64.3,0,0,5,0,60.0,,94.2,0.0,0,0,0,0,0,0,0.0,33,6.6
Jalyn Gramstad,180656,QB,NEBRASKA,2,100.0,5,5,1.0,1.5,0,0,0.0,100.0,5,0,0,0.0,5,0,-0.29,0,238,63.8,65.2,64.4,,0,0,5,0,20.0,,80.0,0.0,0,0,0,0,0,0,0.0,16,3.2
Banks Bowen,204187,QB,OKLA STATE,2,60.0,5,5,2.8,2.96,0,0,0.0,60.0,3,0,3,0.0,7,0,-0.48,1,262,7.9,24.7,19.0,72.2,0,0,8,0,28.6,33.3,64.6,14.3,1,1,0,0,0,3,37.5,4,0.8
Jacurri Brown,156344,QB,UCF,2,60.0,5,5,12.2,3.02,0,0,0.0,60.0,3,0,3,0.0,9,0,0.74,3,323,18.7,46.5,37.4,56.7,0,1,9,0,55.6,0.0,104.2,0.0,0,3,0,0,1,1,11.1,97,19.4
Will Wilson,198972,QB,NC STATE,3,60.0,5,5,8.0,2.5,0,0,0.0,60.0,3,0,3,0.0,7,0,-0.38,3,248,80.1,86.0,29.1,84.4,0,1,7,0,42.9,0.0,25.8,0.0,0,2,0,0,0,1,14.3,16,3.2
Max Shikenjanski,173421,QB,MINNESOTA,1,100.0,5,5,8.6,2.47,0,1,20.0,80.0,4,0,2,20.0,6,1,0.51,2,225,67.0,77.9,79.7,61.4,0,0,6,0,50.0,50.0,158.3,16.7,1,0,0,0,1,0,0.0,80,16.0
Jacob Zeno,98014,QB,TEXAS A&M,1,66.7,3,5,3.3,2.52,1,0,0.0,40.0,2,0,1,0.0,5,0,0.0,1,312,63.8,62.0,61.1,,1,0,5,0,40.0,0.0,57.9,0.0,0,0,0,0,0,0,0.0,27,5.4
Lloyd Jones III,199313,QB,TEXAS TECH,1,80.0,5,5,13.0,2.88,0,0,0.0,80.0,4,0,3,0.0,6,0,1.88,4,315,69.7,65.6,72.8,59.9,0,0,6,1,66.7,0.0,158.3,0.0,0,1,0,0,2,0,0.0,74,14.8
Bryson Graves,175806,WR,COAST CAR,6,100.0,5,5,15.0,3.97,0,0,0.0,80.0,4,0,3,20.0,7,1,0.48,2,141,61.0,58.5,65.5,,0,0,7,2,42.9,66.7,158.3,28.6,2,0,0,0,1,1,14.3,147,29.4
Henry Belin IV,162693,QB,DUKE,1,40.0,5,5,25.0,3.92,0,0,0.0,40.0,2,0,1,0.0,5,0,-0.62,1,154,71.1,64.8,52.3,68.6,0,0,5,0,40.0,0.0,53.8,0.0,0,0,0,0,0,0,0.0,22,4.4
Trent Pearman,156233,QB,CLEMSON,2,50.0,4,5,19.8,2.8,0,1,20.0,40.0,2,0,3,0.0,5,0,0.32,1,140,16.1,61.0,79.1,44.7,0,0,5,0,20.0,0.0,64.6,0.0,0,0,0,1,0,0,0.0,35,7.0
Tommy Ulatowski,163150,QB,KENNESAW,2,75.0,4,5,4.0,2.2,0,0,0.0,60.0,3,0,2,0.0,5,0,-0.57,0,200,68.9,51.7,51.1,58.1,0,0,5,0,20.0,0.0,64.6,0.0,0,0,0,1,0,0,0.0,9,1.8
Luke Moga,184857,QB,OREGON,2,60.0,5,5,5.6,2.23,0,0,0.0,60.0,3,0,0,0.0,6,0,0.44,2,264,68.1,72.2,56.0,75.1,0,0,7,0,50.0,,100.4,0.0,0,1,0,0,0,0,0.0,58,11.6
Ethan Hampton,145858,QB,ILLINOIS,2,75.0,4,4,10.0,2.05,0,0,0.0,75.0,3,0,1,0.0,4,0,-0.14,1,187,70.4,64.4,62.1,62.0,0,1,4,0,75.0,0.0,53.1,0.0,0,0,0,0,0,0,0.0,27,6.8
William Watson III,174771,QB,VA TECH,3,50.0,4,4,15.8,3.3,0,1,25.0,50.0,2,0,5,0.0,8,0,-0.09,2,337,22.8,55.0,58.3,60.3,0,0,8,1,25.0,60.0,95.8,37.5,3,1,0,0,0,0,0.0,77,19.3
Whitt Newbauer,188566,QB,OKLAHOMA,2,50.0,4,4,6.0,2.08,0,0,0.0,50.0,2,0,1,0.0,5,0,-0.55,1,261,67.0,62.4,50.3,70.1,0,0,6,0,20.0,100.0,56.3,20.0,1,0,0,0,0,0,0.0,6,1.5
Parker Kingston,163251,WR,BYU,4,0.0,3,4,27.0,4.22,0,0,0.0,0.0,0,0,2,,5,0,-0.72,0,128,54.5,72.3,45.7,65.7,0,0,5,5,0.0,0.0,39.6,0.0,0,1,0,1,0,0,0.0,0,0.0
Deante Ruffin,198632,QB,KENT STATE,1,75.0,4,4,12.5,3.1,0,0,0.0,75.0,3,0,6,0.0,9,0,-0.26,1,201,66.5,47.8,54.0,51.2,0,0,10,0,33.3,33.3,116.7,22.2,2,3,0,0,0,0,0.0,50,12.5
Charlie Fiser,158265,QB,SMU,2,100.0,4,4,-4.0,0.93,0,0,0.0,100.0,4,0,0,0.0,4,0,0.19,1,287,66.6,71.5,64.7,64.8,0,0,4,0,50.0,,97.9,0.0,0,0,0,0,0,0,0.0,30,7.5
Luke Kromenhoek,183305,QB,MISS STATE,2,100.0,3,4,8.3,2.66,1,0,0.0,50.0,2,0,1,33.3,5,1,0.17,2,227,67.9,82.2,69.6,72.9,0,0,5,0,60.0,0.0,64.6,0.0,0,1,0,0,0,0,0.0,20,5.0
Lucas Scheerhorn,190304,QB,RICE,2,100.0,4,4,6.8,3.27,0,0,0.0,75.0,3,0,2,25.0,7,1,0.14,2,275,22.8,48.1,72.1,44.8,0,0,7,0,42.9,0.0,89.6,0.0,0,3,0,0,0,0,0.0,24,6.0
Marcus Beamon,198245,QB,C MICHIGAN,3,66.7,3,4,17.0,2.94,1,1,20.0,50.0,2,0,2,0.0,5,0,0.56,1,134,79.5,67.3,71.9,62.4,0,0,6,0,20.0,0.0,119.8,0.0,0,1,0,0,1,0,0.0,35,8.8
Chris Denson,199629,QB,CLEMSON,1,100.0,4,4,-0.3,2.34,0,0,0.0,100.0,4,0,1,0.0,5,0,0.3,3,140,70.4,85.8,58.1,80.2,0,0,5,0,40.0,0.0,129.2,0.0,0,1,0,0,1,0,0.0,22,5.5
Charlie Mirer,157260,QB,STANFORD,1,100.0,2,3,8.0,2.96,1,0,0.0,66.7,2,0,2,0.0,5,0,0.94,2,300,63.8,79.4,64.4,69.4,0,0,5,0,60.0,50.0,127.8,20.0,1,1,0,0,1,0,0.0,22,7.3
Dylan Wittke,174804,QB,MINNESOTA,1,33.3,3,3,14.3,2.37,0,0,0.0,33.3,1,0,1,0.0,3,0,-1.0,0,225,63.3,39.9,38.0,,0,1,4,0,33.3,0.0,2.8,0.0,0,0,0,0,0,1,25.0,7,2.3
Keldric Luster,175287,QB,TEXAS ST,2,66.7,3,3,10.3,2.57,0,0,0.0,33.3,1,0,1,50.0,3,1,-0.04,1,314,67.7,76.3,76.4,63.2,0,0,3,0,33.3,0.0,49.3,0.0,0,0,0,0,0,0,0.0,14,4.7
Ethan Lane,171235,QB,C MICHIGAN,1,66.7,3,3,0.3,1.83,0,0,0.0,33.3,1,0,0,50.0,3,1,-2.5,0,134,64.8,52.8,49.5,60.0,0,0,3,0,0.0,,42.4,0.0,0,0,0,0,0,0,0.0,8,2.7
D.J. McKinney,175620,HB,NEW MEXICO,3,50.0,2,3,4.5,3.3,0,0,0.0,33.3,1,1,3,0.0,4,0,0.02,1,241,88.8,69.8,63.3,72.8,1,0,4,1,25.0,33.3,81.9,25.0,1,0,0,0,1,0,0.0,9,3.0
Donovan Faupel,175668,WR,NEW MEX ST,3,66.7,3,3,18.3,4.17,0,0,0.0,66.7,2,0,0,0.0,3,0,2.17,2,242,51.8,71.6,74.3,,0,0,3,2,66.7,,149.3,0.0,0,0,0,0,1,0,0.0,57,19.0
Tucker McDonald,171056,QB,UCONN,2,66.7,3,3,12.0,2.2,0,1,33.3,33.3,1,0,0,50.0,3,1,0.27,1,146,64.8,80.0,79.9,60.0,0,0,3,0,33.3,,81.9,0.0,0,0,0,0,0,0,0.0,45,15.0
Demaricus Davis,190930,QB,HAWAII,1,50.0,2,3,18.0,2.87,0,0,0.0,33.3,1,0,1,0.0,3,0,-0.08,1,180,74.1,87.3,62.2,83.0,0,0,3,1,33.3,0.0,43.8,0.0,0,0,0,1,0,0,0.0,10,3.3
Ryan Boe,190878,QB,NWESTERN,3,33.3,3,3,5.3,3.05,0,0,0.0,33.3,1,0,1,0.0,4,0,-0.34,1,256,72.7,78.6,42.3,80.8,0,0,5,0,50.0,0.0,42.4,0.0,0,1,0,0,0,0,0.0,7,2.3
Cade Cunningham,145264,QB,JVILLE ST,2,66.7,3,3,6.3,2.5,0,0,0.0,33.3,1,0,1,50.0,3,1,-1.09,0,196,63.3,75.3,68.1,64.4,0,0,4,0,0.0,0.0,42.4,0.0,0,0,0,0,0,0,0.0,-1,-0.3
DJ Bailey,189891,QB,SM HOUSTON,1,66.7,3,3,12.0,2.78,0,0,0.0,66.7,2,0,2,0.0,5,0,-0.89,2,281,65.2,55.8,57.8,58.1,0,0,5,0,40.0,100.0,109.7,40.0,2,0,0,0,0,0,0.0,42,14.0
Julian Dugger,183269,QB,WASH STATE,3,0.0,3,3,2.0,3.86,0,0,0.0,0.0,0,0,6,,9,0,-0.85,0,341,28.2,56.3,44.9,57.9,0,0,9,0,0.0,66.7,39.6,44.4,4,2,0,0,0,0,0.0,0,0.0
Cameron Flowers,188745,WR,W KENTUCKY,3,66.7,3,3,10.7,4.3,0,0,0.0,66.7,2,1,2,0.0,3,0,0.45,1,346,74.7,63.2,69.3,53.7,0,0,3,1,33.3,0.0,109.7,0.0,0,0,0,0,0,0,0.0,41,13.7
Zavion Thomas,163697,WR,LSU,3,66.7,3,3,15.0,3.53,0,0,0.0,66.7,2,0,0,0.0,3,0,0.64,2,211,71.5,66.3,68.6,54.9,0,0,3,2,66.7,,103.5,0.0,0,0,0,0,0,0,0.0,33,11.0
Whit Muschamp,188521,QB,VANDERBILT,1,100.0,3,3,2.7,2.0,0,0,0.0,66.7,2,0,0,33.3,3,1,0.71,1,333,66.4,66.0,58.8,64.7,0,0,3,0,66.7,,109.7,0.0,0,0,0,0,0,0,0.0,40,13.3
Air Noland,183705,QB,S CAROLINA,1,66.7,3,3,1.7,1.8,0,0,0.0,66.7,2,0,0,0.0,3,0,0.22,1,289,65.2,44.0,43.3,58.2,0,0,4,0,66.7,,75.7,0.0,0,0,0,0,0,0,0.0,13,4.3
Ty Robinson,146317,WR,BALL ST,2,66.7,3,3,17.3,3.03,0,1,33.3,66.7,2,0,3,0.0,3,0,0.77,2,117,68.4,58.2,80.2,,0,0,3,0,66.7,0.0,109.7,0.0,0,0,0,0,0,0,0.0,77,25.7
Isaiah Marshall,183809,QB,KANSAS,2,100.0,3,3,7.3,3.35,0,0,0.0,100.0,3,0,1,0.0,4,0,0.92,2,198,30.7,90.2,67.5,81.5,0,0,5,0,100.0,0.0,105.6,0.0,0,1,0,0,0,0,0.0,28,9.3
Parker Awad,183974,QB,NEW MEX ST,1,0.0,2,3,13.5,5.6,0,0,0.0,0.0,0,0,4,,4,0,-0.49,0,242,65.2,52.6,54.9,57.6,0,0,4,0,0.0,0.0,39.6,0.0,0,1,0,1,0,0,0.0,0,0.0
Stephen Kittleman,126906,QB,TULSA,1,66.7,3,3,9.0,1.3,0,0,0.0,66.7,2,0,0,0.0,3,0,0.36,1,320,71.7,71.2,71.1,62.8,0,0,4,0,66.7,,82.6,0.0,0,0,0,0,0,0,0.0,18,6.0
Alex Orji,158545,QB,UNLV,1,100.0,3,3,2.7,2.28,0,0,0.0,100.0,3,0,1,0.0,4,0,1.21,3,325,25.4,67.8,61.4,66.0,0,0,5,0,100.0,0.0,118.1,0.0,0,1,0,0,0,0,0.0,37,12.3
Brock Hansel,158437,QB,UCF,1,66.7,3,3,-0.3,1.5,0,0,0.0,33.3,1,0,0,50.0,3,1,-2.17,1,323,64.8,28.7,28.1,60.0,0,1,3,0,33.3,,5.6,0.0,0,0,0,0,0,1,33.3,11,3.7
Max Brown,157756,QB,W VIRGINIA,1,50.0,2,3,20.5,3.35,0,0,0.0,33.3,1,0,1,0.0,4,0,-1.32,1,343,67.9,54.0,35.1,67.2,0,1,5,0,25.0,0.0,2.8,0.0,0,1,0,1,0,1,20.0,7,2.3
Jadyn Davis,183683,QB,MICHIGAN,1,0.0,2,2,16.5,2.43,0,0,0.0,0.0,0,0,1,,3,0,-0.69,0,222,9.4,27.5,25.0,,0,1,3,0,0.0,100.0,0.0,33.3,1,0,0,0,0,2,66.7,0,0.0
Ryan Wingo,184520,WR,TEXAS,2,0.0,2,2,28.0,3.4,0,0,0.0,0.0,0,0,1,,2,0,-0.81,0,311,75.7,70.2,49.3,68.5,0,0,2,2,0.0,0.0,39.6,0.0,0,0,0,0,0,0,0.0,0,0.0
Chris Jimerson Jr.,198991,QB,N TEXAS,3,50.0,2,2,23.5,5.0,0,1,33.3,50.0,1,0,2,0.0,3,0,1.02,1,251,71.1,89.1,91.5,67.8,0,0,4,0,33.3,0.0,135.4,0.0,0,1,0,0,1,0,0.0,37,18.5
Marcus Bellon,104082,WR,NEVADA,2,0.0,1,2,18.0,3.7,0,0,0.0,0.0,0,0,1,,2,0,-0.98,0,239,58.4,59.7,52.4,67.0,0,0,2,0,0.0,0.0,39.6,0.0,0,0,0,1,0,0,0.0,0,0.0
Samaj Jones,183797,QB,CINCINNATI,1,100.0,2,2,3.0,1.4,0,0,0.0,100.0,2,0,0,0.0,2,0,2.38,1,138,67.6,79.5,61.7,73.1,0,0,2,0,100.0,,158.3,0.0,0,0,0,0,1,0,0.0,53,26.5
Germie Bernard,158374,WR,ALABAMA,3,100.0,2,2,-2.5,4.6,0,0,0.0,100.0,2,0,2,0.0,4,0,-0.09,2,103,77.6,71.0,52.5,73.7,0,0,4,3,50.0,50.0,97.9,25.0,1,1,0,0,0,0,0.0,15,7.5
Cam Vaughn,170441,WR,W VIRGINIA,2,50.0,2,2,27.5,3.85,0,0,0.0,50.0,1,0,0,0.0,2,0,0.77,1,343,39.1,66.7,65.8,59.7,0,0,2,1,50.0,,95.8,0.0,0,0,0,0,0,0,0.0,29,14.5
Noah Short,163220,HB,ARMY,2,100.0,2,2,32.5,3.83,0,1,50.0,100.0,2,0,2,0.0,3,0,1.67,2,114,86.8,74.2,79.7,72.8,0,0,3,3,66.7,50.0,118.8,33.3,1,0,0,0,0,0,0.0,84,42.0
Devin Mockobee,145111,HB,PURDUE,2,50.0,2,2,7.5,3.0,0,0,0.0,50.0,1,0,1,0.0,2,0,-1.3,1,273,66.1,73.7,35.4,75.8,0,1,2,0,50.0,0.0,72.9,0.0,0,0,0,0,1,1,50.0,14,7.0
Hank Beatty,158198,WR,ILLINOIS,2,100.0,2,2,13.5,3.3,0,0,0.0,100.0,2,0,2,0.0,2,0,2.02,1,187,82.8,83.5,82.9,74.5,0,0,2,0,100.0,0.0,158.3,0.0,0,0,0,0,1,0,0.0,31,15.5
Jimmy Calloway,124274,WR,TULANE,2,50.0,2,2,35.5,4.35,0,1,33.3,50.0,1,0,0,0.0,2,0,1.8,1,319,68.7,54.9,86.5,61.0,0,0,3,1,50.0,,135.4,0.0,0,0,0,0,1,0,0.0,42,21.0
Tucker Parks,184002,QB,W KENTUCKY,1,,0,2,,5.8,0,0,0.0,0.0,0,0,1,,2,0,-1.07,0,346,69.6,64.0,55.4,64.8,0,0,2,0,0.0,0.0,39.6,0.0,0,0,0,2,0,0,0.0,0,0.0
Easton Messer,163051,WR,FAU,2,100.0,2,2,20.0,3.15,0,1,50.0,100.0,2,0,1,0.0,2,0,2.28,1,165,57.1,75.4,86.6,75.4,0,0,2,0,100.0,0.0,158.3,0.0,0,0,0,0,1,0,0.0,55,27.5
Nate Rogers,190774,QB,UAB,5,50.0,2,2,13.5,4.08,0,0,0.0,50.0,1,0,2,0.0,4,0,0.44,1,321,16.2,46.2,51.8,52.1,0,0,5,0,50.0,0.0,56.3,0.0,0,2,0,0,0,0,0.0,0,0.0
Oscar Doyle,192649,P,BOISE ST,2,100.0,2,2,4.5,3.1,0,0,0.0,100.0,2,0,1,0.0,2,0,3.24,2,120,61.8,85.9,92.1,,0,0,2,0,100.0,0.0,150.0,0.0,0,0,0,0,1,0,0.0,21,10.5
John Neider,171057,WR,UCONN,2,50.0,2,2,25.5,3.45,0,0,0.0,50.0,1,0,1,0.0,2,0,0.86,1,146,71.1,69.1,62.8,,0,0,2,1,50.0,0.0,114.6,0.0,0,0,0,0,1,0,0.0,15,7.5
Tavien St. Clair,199863,QB,OHIO STATE,1,50.0,2,2,7.0,2.7,0,0,0.0,0.0,0,0,0,100.0,2,1,-1.28,0,260,61.8,50.7,49.0,,0,0,2,0,0.0,,39.6,0.0,0,0,0,0,0,0,0.0,0,0.0
Mason Mini,175102,TE,CAL,2,100.0,2,2,20.5,3.75,0,0,0.0,100.0,2,1,2,0.0,2,0,2.66,2,130,73.2,57.4,88.0,64.5,0,0,2,4,100.0,0.0,158.3,0.0,0,0,0,0,1,0,0.0,59,29.5
Tama Uiliata,184180,WR,HAWAII,2,50.0,2,2,19.0,3.8,0,0,0.0,50.0,1,0,1,0.0,2,0,0.9,1,180,84.4,60.8,61.9,63.3,0,0,2,3,50.0,0.0,95.8,0.0,0,0,0,0,0,0,0.0,34,17.0
Omari Kelly,157048,WR,MICH STATE,1,50.0,2,2,5.0,3.4,0,0,0.0,50.0,1,0,2,0.0,2,0,0.09,1,223,48.8,66.8,65.8,52.6,0,0,2,0,50.0,0.0,70.8,0.0,0,0,0,0,0,0,0.0,13,6.5
Treyson Bourguet,158154,QB,BYU,1,50.0,2,2,25.0,2.35,0,0,0.0,50.0,1,0,1,0.0,2,0,-0.38,0,128,64.4,67.6,59.8,63.5,0,0,2,0,50.0,0.0,60.4,0.0,0,0,0,0,0,0,0.0,8,4.0
Trent Howland,144833,HB,OKLA STATE,3,50.0,2,2,17.5,3.1,0,0,0.0,50.0,1,0,3,0.0,3,0,-1.74,1,262,29.2,64.9,50.2,67.8,0,1,3,1,33.3,33.3,31.3,33.3,1,0,0,0,0,1,33.3,13,6.5
Michael Buckley,156001,WR,NEW MEXICO,2,50.0,2,2,35.0,3.35,0,2,100.0,50.0,1,0,1,0.0,2,0,1.23,1,241,74.4,61.3,94.7,,0,0,2,0,50.0,0.0,135.4,0.0,0,0,0,0,1,0,0.0,41,20.5
JC Evans,184302,QB,JAMES MAD,2,0.0,2,2,24.0,2.6,0,0,0.0,0.0,0,0,1,,2,0,-0.87,0,197,71.8,69.0,47.6,71.2,0,0,2,0,0.0,0.0,39.6,0.0,0,0,0,0,0,0,0.0,0,0.0
Jacob De Jesus,174068,WR,CAL,1,50.0,2,2,22.5,5.0,0,1,50.0,50.0,1,0,1,0.0,3,0,0.33,1,130,64.8,71.0,82.3,50.4,0,0,3,0,33.3,0.0,95.8,0.0,0,1,0,0,0,0,0.0,27,13.5
Austin Novosad,174133,QB,OREGON,1,50.0,2,2,18.5,2.75,0,0,0.0,50.0,1,0,0,0.0,2,0,1.06,1,264,61.8,69.7,69.1,,0,0,2,0,50.0,,95.8,0.0,0,0,0,0,0,0,0.0,40,20.0
David Amador II,174085,WR,UTSA,5,100.0,2,2,19.0,3.82,0,0,0.0,100.0,2,0,2,0.0,5,0,0.75,2,331,61.4,71.4,79.1,53.9,0,0,5,1,60.0,50.0,158.3,20.0,1,1,0,0,2,0,0.0,25,12.5
Da'Realyst Clark,198624,WR,KENT STATE,2,100.0,2,2,16.0,4.2,0,0,0.0,100.0,2,0,1,0.0,2,0,2.93,2,201,74.5,67.0,86.2,55.9,0,0,2,0,100.0,0.0,158.3,0.0,0,0,0,0,1,0,0.0,39,19.5
Trent Walker,146340,WR,OREGON ST,2,50.0,2,2,18.0,3.35,0,0,0.0,50.0,1,0,1,0.0,2,0,0.08,1,265,56.9,69.4,63.1,,0,0,2,0,50.0,0.0,79.2,0.0,0,0,0,0,0,0,0.0,17,8.5
Mason Bray,189620,QB,ARIZONA,1,50.0,2,2,4.0,1.75,0,0,0.0,50.0,1,0,0,0.0,2,0,0.62,1,109,66.2,78.1,54.3,75.7,0,0,2,0,50.0,,89.6,0.0,0,0,0,0,0,0,0.0,22,11.0
Jackson Gutierrez,189488,HB,NAVY,2,0.0,2,2,9.0,2.33,0,0,0.0,0.0,0,0,2,,3,0,-1.48,0,237,78.2,79.2,29.4,78.8,0,0,4,0,0.0,50.0,39.6,33.3,1,0,0,0,0,1,25.0,0,0.0
Jeremy Hecklinski,183388,QB,IOWA,2,100.0,2,2,1.5,2.27,0,0,0.0,100.0,2,0,0,0.0,3,0,0.23,1,192,64.8,70.8,62.3,65.3,0,0,3,0,66.7,,83.3,0.0,0,1,0,0,0,0,0.0,8,4.0
Joseph Manjack IV,146413,WR,TCU,2,100.0,1,2,15.0,3.35,0,0,0.0,50.0,1,0,0,0.0,2,0,-0.34,1,305,27.1,70.5,62.6,,0,0,2,3,50.0,,79.2,0.0,0,0,0,1,0,0,0.0,17,8.5
Drew Dickey,163710,QB,VANDERBILT,1,50.0,2,2,21.5,3.1,0,1,50.0,50.0,1,0,0,0.0,2,0,1.34,1,333,69.6,85.5,82.1,68.0,0,0,2,0,50.0,,95.8,0.0,0,0,0,0,0,0,0.0,28,14.0
Mason Love,184495,K,S CAROLINA,2,50.0,2,2,4.5,1.6,0,0,0.0,50.0,1,0,0,0.0,2,0,-2.78,0,289,61.8,43.8,34.3,,0,1,2,0,0.0,,25.0,0.0,0,0,0,0,0,1,50.0,10,5.0
Cole Geer,200287,QB,VIRGINIA,1,100.0,2,2,2.0,1.55,0,0,0.0,100.0,2,0,0,0.0,2,0,0.24,1,335,68.7,76.3,73.0,63.9,0,0,2,0,50.0,,83.3,0.0,0,0,0,0,0,0,0.0,8,4.0
Cameron Friel,146195,QB,UNLV,1,0.0,1,2,2.0,3.67,0,0,0.0,0.0,0,0,1,,3,0,-0.14,1,325,71.1,64.2,50.8,68.9,0,0,3,1,33.3,0.0,39.6,0.0,0,1,0,1,0,0,0.0,0,0.0
Omari Arnold,158336,HB,GA SOUTHRN,2,100.0,2,2,23.0,2.9,0,0,0.0,100.0,2,0,0,0.0,2,0,3.95,2,174,67.3,84.9,86.8,86.8,0,0,2,0,100.0,,158.3,0.0,0,0,0,0,2,0,0.0,85,42.5
Carson Cruver,169906,QB,FAU,1,0.0,1,2,9.0,2.4,1,0,0.0,0.0,0,0,0,,2,0,-0.94,0,165,61.8,27.4,27.7,,0,0,2,0,0.0,,39.6,0.0,0,0,0,0,0,1,50.0,0,0.0
Karle Lacey Jr.,208850,QB,TEXAS,1,100.0,1,1,7.0,2.0,0,0,0.0,100.0,1,0,0,0.0,1,0,-0.58,0,311,60.3,62.2,61.6,,0,0,1,0,0.0,,95.8,0.0,0,0,0,0,0,0,0.0,7,7.0
Tay Lanier,78216,WR,COLO STATE,2,100.0,1,1,7.0,3.1,0,0,0.0,100.0,1,0,0,0.0,1,0,0.64,0,144,72.6,60.4,57.9,,0,0,2,0,100.0,,104.2,0.0,0,0,0,0,0,0,0.0,9,9.0
Caullin Lacy,121426,WR,LOUISVILLE,1,100.0,1,1,3.0,3.0,0,0,0.0,100.0,1,0,0,0.0,1,0,0.89,1,210,84.9,63.1,73.7,62.3,0,0,1,1,100.0,,118.8,0.0,0,0,0,0,1,0,0.0,2,2.0
Isaiah Alston,121550,WR,JAMES MAD,1,0.0,1,1,33.0,3.3,0,0,0.0,0.0,0,0,0,,1,0,-0.89,0,197,67.3,64.5,58.0,,0,0,1,3,0.0,,39.6,0.0,0,0,0,0,0,0,0.0,0,0.0
Tyler White,127307,P,TEXAS A&M,1,0.0,1,1,17.0,2.1,0,0,0.0,0.0,0,0,0,,1,0,-3.2,0,312,60.3,58.6,57.7,,0,0,1,0,0.0,,39.6,0.0,0,0,0,0,0,0,0.0,0,0.0
Nick DeGennaro,129503,WR,JAMES MAD,1,100.0,1,1,27.0,3.7,0,0,0.0,100.0,1,0,0,0.0,2,0,2.78,1,197,72.2,64.4,77.7,57.3,0,0,2,2,100.0,,118.8,0.0,0,1,0,0,0,0,0.0,50,50.0
Sebastian Brown,129607,WR,KENT STATE,2,0.0,1,1,29.0,3.6,0,0,0.0,0.0,0,0,0,,1,0,-3.4,0,201,68.6,55.9,29.4,,0,1,2,0,0.0,,0.0,0.0,0,0,0,0,0,1,50.0,0,0.0
Terry Lockett Jr.,129625,WR,E MICHIGAN,1,0.0,1,1,19.0,3.6,0,0,0.0,0.0,0,0,1,,1,0,-0.72,0,160,70.1,64.9,46.8,,0,0,1,0,0.0,0.0,39.6,0.0,0,0,0,0,0,0,0.0,0,0.0
Qian Magwood,130339,WR,BALL ST,1,100.0,1,1,12.0,3.1,0,0,0.0,100.0,1,0,0,0.0,1,0,4.48,1,117,73.3,59.4,75.4,63.4,0,0,1,1,100.0,,158.3,0.0,0,0,0,0,1,0,0.0,19,19.0
Jay Ducker,130550,HB,TEMPLE,1,100.0,1,1,16.0,2.6,0,0,0.0,100.0,1,0,0,0.0,1,0,2.93,1,306,90.3,83.0,74.3,84.7,0,0,1,0,100.0,,158.3,0.0,0,0,0,0,1,0,0.0,16,16.0
Johntay Cook II,131255,WR,SYRACUSE,1,0.0,1,1,25.0,3.7,0,0,0.0,0.0,0,1,0,,1,0,-0.67,0,304,19.7,62.2,50.4,63.2,0,0,1,3,0.0,,39.6,0.0,0,0,0,0,0,0,0.0,0,0.0
Ryan Leavy,139035,P,E CAROLINA,1,100.0,1,1,4.0,2.0,0,0,0.0,100.0,1,0,0,0.0,1,0,3.12,1,156,60.3,60.9,60.6,,0,0,1,0,100.0,,118.8,0.0,0,0,0,0,0,0,0.0,17,17.0
Grant Wilson,143041,QB,INDIANA,1,100.0,1,1,5.0,1.5,0,0,0.0,100.0,1,0,0,0.0,1,0,0.3,1,190,67.5,63.7,56.1,63.8,0,0,1,0,100.0,,87.5,0.0,0,0,0,0,0,0,0.0,5,5.0
Romello Brinson,143936,WR,SMU,1,0.0,1,1,4.0,5.7,0,0,0.0,0.0,0,0,1,,1,0,-0.54,0,287,42.4,59.0,55.3,,0,0,1,7,0.0,0.0,39.6,0.0,0,0,0,0,0,0,0.0,0,0.0
Jaden Bradley,144016,WR,UNLV,1,100.0,1,1,20.0,3.2,0,0,0.0,100.0,1,0,0,0.0,1,0,1.8,1,325,74.3,74.2,76.2,63.2,0,0,1,6,100.0,,158.3,0.0,0,0,0,0,1,0,0.0,16,16.0
Tahj Bullock,144070,QB,COLO STATE,2,0.0,1,1,19.0,3.7,0,0,0.0,0.0,0,0,2,,2,0,-1.95,0,144,77.0,70.4,49.0,70.7,0,0,4,0,0.0,50.0,39.6,50.0,1,0,0,0,0,0,0.0,0,0.0
Christian Moss,144095,WR,KENNESAW,1,100.0,1,1,22.0,3.0,0,0,0.0,100.0,1,1,1,0.0,1,0,1.76,1,200,72.6,64.4,76.2,,0,0,1,4,100.0,0.0,158.3,0.0,0,0,0,0,1,0,0.0,13,13.0
RJ Garcia II,144591,WR,BOWL GREEN,1,100.0,1,1,26.0,4.0,0,1,100.0,100.0,1,0,0,0.0,1,0,6.35,1,122,72.4,66.9,88.1,75.2,0,0,1,2,100.0,,158.3,0.0,0,0,0,0,1,0,0.0,73,73.0
Donaven McCulley,144829,WR,MICHIGAN,1,0.0,1,1,17.0,4.1,0,0,0.0,0.0,0,0,0,,1,0,-0.71,0,222,73.1,68.2,33.8,60.5,0,0,1,1,0.0,,39.6,0.0,0,0,0,0,0,1,100.0,0,0.0
Liam Clifford,145089,WR,PENN STATE,2,0.0,1,1,18.0,4.4,0,0,0.0,0.0,0,0,2,,2,0,-0.76,0,266,65.0,50.4,46.8,57.0,0,0,2,1,0.0,0.0,39.6,0.0,0,1,0,0,0,0,0.0,0,0.0
Sam Huard,146463,QB,USC,1,100.0,1,1,9.0,2.3,0,0,0.0,100.0,1,0,0,0.0,1,0,2.25,1,326,63.7,72.7,71.5,60.0,0,0,1,0,100.0,,108.3,0.0,0,0,0,0,0,0,0.0,10,10.0
RaRa Thomas,146850,WR,TROY,1,0.0,1,1,27.0,4.7,0,0,0.0,0.0,0,0,1,,1,0,-3.66,0,318,38.5,68.9,24.4,70.3,0,1,1,1,0.0,0.0,0.0,0.0,0,0,0,0,0,1,100.0,0,0.0
Marshall Nichols,146864,P,GA TECH,1,100.0,1,1,5.0,1.9,0,0,0.0,100.0,1,0,0,0.0,1,0,-2.66,0,176,60.3,55.3,54.4,,0,0,1,0,0.0,,87.5,0.0,0,0,0,0,0,0,0.0,5,5.0
Tommy Lock,146875,QB,MISSOURI,1,0.0,1,1,6.0,1.7,0,0,0.0,0.0,0,0,0,,1,0,-1.3,0,229,60.3,54.7,53.7,,0,0,1,0,0.0,,39.6,0.0,0,0,0,0,0,0,0.0,0,0.0
Jarris Williams,147249,HB,TROY,1,0.0,1,1,4.0,1.5,0,0,0.0,0.0,0,0,0,,1,0,-0.33,0,318,76.4,51.8,55.6,59.2,0,0,1,0,0.0,,39.6,0.0,0,0,0,0,0,0,0.0,0,0.0
Javin Whatley,149832,WR,ARIZONA,1,0.0,1,1,20.0,4.7,0,0,0.0,0.0,0,0,0,,1,0,-3.34,0,109,75.9,65.6,37.9,61.6,0,1,1,1,0.0,,0.0,0.0,0,0,0,0,0,1,100.0,0,0.0
Reggie Branch II,150071,HB,MO STATE,1,100.0,1,1,1.0,3.9,0,0,0.0,100.0,1,0,1,0.0,1,0,3.52,1,230,69.9,62.0,60.6,62.3,0,0,1,0,100.0,0.0,118.8,0.0,0,0,0,0,0,0,0.0,29,29.0
Myles Butler,150199,WR,MIDDLE TN,2,,0,1,,3.8,0,0,0.0,0.0,0,0,2,,2,0,-1.93,0,224,27.3,66.8,55.4,,0,0,2,1,0.0,50.0,39.6,50.0,1,0,0,1,0,0,0.0,0,0.0
J'Mari Taylor,150482,HB,VIRGINIA,1,100.0,1,1,7.0,2.2,0,0,0.0,100.0,1,0,0,0.0,1,0,0.7,1,335,86.1,76.8,74.4,79.2,0,0,1,1,100.0,,118.8,0.0,0,0,0,0,1,0,0.0,1,1.0
Johnny Chaney Jr.,150871,LB,FIU,1,100.0,1,1,-5.0,0.7,0,0,0.0,100.0,1,0,0,0.0,1,0,2.61,1,166,60.3,60.5,60.6,,0,0,1,0,100.0,,116.7,0.0,0,0,0,0,0,0,0.0,12,12.0
Jacob Rodriguez,151095,LB,TEXAS TECH,1,0.0,1,1,9.0,1.5,0,0,0.0,0.0,0,0,0,,1,0,-6.91,0,315,65.9,38.0,27.2,68.8,0,1,1,0,0.0,,0.0,0.0,0,0,0,0,0,1,100.0,0,0.0
Antonio Williams,156241,WR,CLEMSON,3,100.0,1,1,32.0,4.8,0,1,100.0,100.0,1,0,1,0.0,3,0,2.33,1,140,80.7,80.3,87.3,60.9,0,0,3,0,66.7,0.0,158.3,0.0,0,2,0,0,1,0,0.0,75,75.0
Omari Hayes,156520,WR,TULANE,1,,0,1,,3.3,1,0,0.0,0.0,0,0,1,,1,0,-0.85,0,319,83.6,84.1,60.0,,0,0,1,2,0.0,0.0,39.6,0.0,0,0,0,0,0,0,0.0,0,0.0
Evan Crenshaw,156684,P,TROY,2,100.0,1,1,-1.0,2.55,0,0,0.0,100.0,1,0,1,0.0,2,0,-1.0,1,318,61.8,58.2,58.3,,0,0,2,0,50.0,100.0,112.5,50.0,1,0,0,0,0,0,0.0,11,11.0
Josh Burnham,156977,ED,NOTRE DAME,1,100.0,1,1,8.0,1.4,0,0,0.0,100.0,1,0,0,0.0,1,0,9.07,1,258,64.7,72.3,78.6,,0,0,1,1,100.0,,158.3,0.0,0,0,0,0,1,0,0.0,84,84.0
Kendrick Law,157004,WR,KENTUCKY,1,0.0,1,1,39.0,2.7,0,0,0.0,0.0,0,1,0,,1,0,-0.67,0,202,79.5,71.6,49.9,67.3,0,0,1,4,0.0,,39.6,0.0,0,0,0,0,0,0,0.0,0,0.0
Holden Geriner,157045,QB,TEXAS ST,1,0.0,1,1,13.0,2.4,0,0,0.0,0.0,0,0,1,,1,0,-1.21,0,314,68.7,57.1,48.5,63.8,0,0,1,0,0.0,0.0,39.6,0.0,0,0,0,0,0,0,0.0,0,0.0
CJ Smith,157076,WR,MEMPHIS,1,0.0,1,1,23.0,2.9,0,0,0.0,0.0,0,0,1,,1,0,-2.61,0,218,63.7,43.7,37.5,57.5,0,1,1,0,0.0,0.0,0.0,0.0,0,0,0,0,0,1,100.0,0,0.0
DJ Burks,157550,S,APP STATE,1,0.0,1,1,3.0,2.5,0,0,0.0,0.0,0,0,0,,1,0,-2.17,0,108,60.3,52.2,54.4,,0,0,1,1,0.0,,39.6,0.0,0,0,0,0,0,0,0.0,0,0.0
Evan Svoboda,157664,TE,WYOMING,1,0.0,1,1,8.0,1.8,0,0,0.0,0.0,0,0,0,,1,0,-5.83,0,351,71.4,47.2,33.1,72.1,0,1,1,4,0.0,,0.0,0.0,0,0,0,0,0,1,100.0,0,0.0
Jordyn Tyson,157690,WR,ARIZONA ST,1,0.0,1,1,27.0,3.0,0,0,0.0,0.0,0,1,0,,1,0,-0.4,0,110,52.7,82.9,51.9,61.3,0,0,1,2,0.0,,39.6,0.0,0,0,0,0,0,0,0.0,0,0.0
Colton Allen,157725,QB,COLORADO,1,100.0,1,1,-1.0,1.6,0,0,0.0,100.0,1,0,0,0.0,1,0,0.0,0,143,60.3,61.1,61.0,,0,0,1,0,0.0,,83.3,0.0,0,0,0,0,0,0,0.0,4,4.0
Ashton Logan,157726,P,MIDDLE TN,1,0.0,1,1,-4.0,1.9,0,0,0.0,0.0,0,0,0,,1,0,-3.52,0,224,9.1,32.7,54.4,60.0,0,0,1,0,0.0,,39.6,0.0,0,0,0,0,0,0,0.0,0,0.0
Gavin Freeman,158078,WR,OKLA STATE,1,0.0,1,1,-4.0,3.3,0,0,0.0,0.0,0,0,1,,1,0,-1.17,0,262,55.0,66.0,56.8,70.6,0,0,1,3,0.0,0.0,39.6,0.0,0,0,0,0,0,0,0.0,0,0.0
Dalen Cobb,158341,WR,GA SOUTHRN,2,100.0,1,1,33.0,3.75,0,0,0.0,100.0,1,0,1,0.0,2,0,0.77,1,174,37.8,62.4,73.3,64.1,0,0,2,0,50.0,100.0,118.8,50.0,1,0,0,0,0,0,0.0,44,44.0
Tyrell Henry,158385,WR,WISCONSIN,1,0.0,1,1,22.0,3.1,0,0,0.0,0.0,0,0,0,,1,0,-0.87,0,349,83.8,62.6,50.8,59.8,0,0,1,0,0.0,,39.6,0.0,0,0,0,0,0,0,0.0,0,0.0
AJ Jones,158729,WR,MIDDLE TN,1,0.0,1,1,37.0,3.4,0,0,0.0,0.0,0,0,0,,1,0,-0.66,0,224,71.5,53.5,37.0,,0,0,1,1,0.0,,39.6,0.0,0,0,0,0,0,1,100.0,0,0.0
Jacquon Gibson,158762,WR,UMASS,1,100.0,1,1,5.0,3.0,0,0,0.0,100.0,1,0,0,0.0,1,0,-0.03,0,216,79.2,71.0,60.4,59.7,0,0,1,1,0.0,,87.5,0.0,0,0,0,0,0,0,0.0,5,5.0
Denzel Boston,162481,WR,WASHINGTON,1,100.0,1,1,15.0,3.1,0,0,0.0,100.0,1,0,0,0.0,1,0,2.39,1,340,79.9,87.7,72.6,59.6,0,0,1,0,100.0,,156.3,0.0,0,0,0,0,1,0,0.0,12,12.0
Grady Gross,162487,K,WASHINGTON,1,0.0,1,1,9.0,2.1,0,0,0.0,0.0,0,0,1,,1,0,-2.11,0,340,60.3,63.7,62.2,,0,0,1,0,0.0,0.0,39.6,0.0,0,0,0,0,0,0,0.0,0,0.0
Eli Heidenreich,162554,FB,NAVY,1,100.0,1,1,25.0,2.7,0,1,100.0,0.0,0,0,1,100.0,1,1,-0.76,0,237,84.5,93.0,87.7,84.2,0,0,1,1,0.0,0.0,39.6,0.0,0,0,0,0,0,0,0.0,0,0.0
Octavian Smith Jr.,162805,WR,MARYLAND,1,0.0,1,1,23.0,2.9,0,0,0.0,0.0,0,1,1,,1,0,-0.58,0,215,48.8,55.3,50.4,63.1,0,0,1,1,0.0,0.0,39.6,0.0,0,0,0,0,0,0,0.0,0,0.0
Muaaz Byard,162971,LB,MIDDLE TN,1,100.0,1,1,-3.0,1.6,0,0,0.0,100.0,1,0,0,0.0,1,0,3.93,1,224,60.3,60.7,60.6,,0,0,1,0,100.0,,118.8,0.0,0,0,0,0,0,0,0.0,27,27.0
Iverson Hooks,163020,WR,UAB,2,100.0,1,1,9.0,7.45,0,0,0.0,100.0,1,0,2,0.0,2,0,0.27,1,321,62.1,82.3,77.2,57.3,0,0,2,1,50.0,0.0,118.8,0.0,0,1,0,0,0,0,0.0,17,17.0
Aidan Leffler,163088,QB,BALL ST,1,0.0,1,1,6.0,1.9,0,0,0.0,0.0,0,0,0,,1,0,-2.07,0,117,60.3,46.1,46.1,,0,0,1,0,0.0,,39.6,0.0,0,0,0,0,0,0,0.0,0,0.0
Mark Konecny,163162,QB,W MICHIGAN,1,,0,1,,3.2,0,0,0.0,0.0,0,0,0,,1,0,-1.95,0,347,9.1,35.7,60.0,53.7,0,0,1,0,0.0,,39.6,0.0,0,0,0,1,0,0,0.0,0,0.0
Bryan Hansen,163324,K,COLO STATE,1,0.0,1,1,21.0,5.3,0,0,0.0,0.0,0,0,1,,1,0,0.0,0,144,,30.5,40.6,,0,0,1,0,0.0,0.0,39.6,0.0,0,0,0,0,0,1,100.0,0,0.0
Dillon Bell,163734,WR,GEORGIA,1,0.0,1,1,13.0,3.8,0,0,0.0,0.0,0,0,0,,1,0,-0.74,0,173,42.4,57.6,46.8,63.3,0,0,1,1,0.0,,39.6,0.0,0,0,0,0,0,0,0.0,0,0.0
Cade Backe,163937,P,JVILLE ST,1,100.0,1,1,2.0,3.2,0,0,0.0,100.0,1,0,0,0.0,1,0,4.9,0,196,60.3,61.0,60.6,,0,0,1,0,100.0,,87.5,0.0,0,0,0,0,0,0,0.0,5,5.0
Jmariyae Robinson,164812,WR,MO STATE,1,0.0,1,1,-7.0,3.2,0,0,0.0,0.0,0,0,0,,1,0,-0.37,0,230,75.4,65.4,53.4,55.4,0,0,1,5,0.0,,39.6,0.0,0,0,0,0,0,1,100.0,0,0.0
Que'Sean Brown,170041,WR,DUKE,2,0.0,1,1,18.0,5.1,0,0,0.0,0.0,0,0,1,,2,0,-2.61,0,154,79.9,71.7,46.2,,0,0,2,1,0.0,100.0,39.6,50.0,1,0,0,0,0,0,0.0,0,0.0
Eric Singleton Jr.,170078,WR,AUBURN,1,0.0,1,1,37.0,3.1,0,0,0.0,0.0,0,0,1,,1,0,-0.75,0,115,56.3,64.5,51.3,57.4,0,0,1,3,0.0,0.0,39.6,0.0,0,0,0,0,0,0,0.0,0,0.0
Robby Washington,170096,WR,COAST CAR,1,100.0,1,1,19.0,3.2,0,0,0.0,100.0,1,0,0,0.0,1,0,2.11,1,141,73.1,61.6,72.6,52.6,0,0,1,2,100.0,,156.3,0.0,0,0,0,0,1,0,0.0,12,12.0
Michael Grant,170336,QB,FLORIDA ST,1,100.0,1,1,-1.0,2.1,0,0,0.0,100.0,1,0,2,0.0,2,0,-1.98,1,167,9.2,29.6,28.8,,0,0,2,0,50.0,50.0,118.8,50.0,1,0,0,0,0,1,50.0,14,14.0
Jaylen King,170801,QB,FLORIDA ST,1,,0,1,,3.2,0,0,0.0,0.0,0,0,0,,1,0,-0.68,0,167,67.5,70.7,60.0,67.6,0,0,1,0,0.0,,39.6,0.0,0,0,0,1,0,0,0.0,0,0.0
Jordan Faison,171081,WR,NOTRE DAME,1,100.0,1,1,13.0,3.8,0,0,0.0,100.0,1,0,0,0.0,1,0,5.34,1,258,83.3,75.7,75.4,60.0,0,0,1,1,100.0,,118.8,0.0,0,0,0,0,0,0,0.0,40,40.0
Lynel Billups-Williams,171271,WR,MIAMI OH,1,0.0,1,1,21.0,3.2,0,0,0.0,0.0,0,0,1,,1,0,-0.46,0,221,86.1,52.8,58.4,58.6,0,0,1,0,0.0,0.0,39.6,0.0,0,0,0,0,0,0,0.0,0,0.0
Hollywood Smothers,173719,HB,NC STATE,1,100.0,1,1,-5.0,2.5,0,0,0.0,100.0,1,0,0,0.0,1,0,-1.54,0,248,90.4,78.7,60.4,79.4,0,0,1,0,0.0,,79.2,0.0,0,0,0,0,0,0,0.0,-4,-4.0
Quin Smith,173880,WR,AIR FORCE,2,100.0,1,1,15.0,3.2,0,0,0.0,0.0,0,1,1,100.0,2,1,-2.8,0,101,69.3,80.1,73.0,,0,0,2,2,0.0,100.0,39.6,50.0,1,0,0,0,0,0,0.0,0,0.0
Semaj Morgan,174043,WR,MICHIGAN,1,0.0,1,1,27.0,3.0,0,0,0.0,0.0,0,0,0,,1,0,-0.67,0,222,31.4,57.0,50.4,60.8,0,0,1,1,0.0,,39.6,0.0,0,0,0,0,0,0,0.0,0,0.0
Frank Covey IV,174054,WR,NWESTERN,1,0.0,1,1,30.0,3.1,0,0,0.0,0.0,0,0,0,,1,0,-0.77,0,256,63.7,48.8,49.9,,0,0,1,0,0.0,,39.6,0.0,0,0,0,0,0,0,0.0,0,0.0
Makai Lemon,174150,WR,USC,2,100.0,1,1,24.0,5.4,0,0,0.0,100.0,1,0,2,0.0,2,0,-1.65,1,326,71.0,90.8,41.7,62.5,0,0,2,1,50.0,50.0,158.3,50.0,1,0,0,0,1,1,50.0,24,24.0
Mikey Matthews,174168,WR,UCLA,1,0.0,1,1,9.0,6.6,0,0,0.0,0.0,0,0,1,,1,0,-2.76,0,324,57.4,58.0,45.7,57.5,0,0,1,2,0.0,0.0,39.6,0.0,0,0,0,0,0,0,0.0,0,0.0
Dominiq Ponder,174401,QB,COLORADO,1,0.0,1,1,5.0,3.3,0,0,0.0,0.0,0,0,1,,2,0,-0.41,0,143,64.4,47.2,50.8,58.3,0,0,2,0,0.0,100.0,39.6,50.0,1,0,0,0,0,0,0.0,0,0.0
Benjamin Brahmer,174660,TE,IOWA STATE,2,100.0,1,1,38.0,3.2,0,1,100.0,100.0,1,0,0,0.0,1,0,3.92,1,193,73.2,65.7,85.3,58.9,0,0,2,4,100.0,,118.8,0.0,0,0,0,0,0,0,0.0,45,45.0
Landon Rehkow,175039,P,UTAH ST,3,100.0,1,1,0.0,2.85,0,0,0.0,100.0,1,0,1,0.0,2,0,-2.39,0,329,62.7,57.1,56.7,,0,0,3,0,0.0,100.0,91.7,50.0,1,0,0,0,0,0,0.0,6,6.0
Jaxton Eck,175078,LB,NEW MEXICO,1,100.0,1,1,13.0,1.7,0,0,0.0,100.0,1,0,0,0.0,1,0,4.71,1,241,60.3,70.7,75.4,,0,0,1,0,100.0,,118.8,0.0,0,0,0,0,0,0,0.0,30,30.0
Mark Fletcher Jr.,175374,HB,MIAMI FL,1,0.0,1,1,-3.0,2.9,0,0,0.0,0.0,0,0,1,,1,0,-0.93,0,220,90.3,85.4,56.8,91.3,0,0,1,3,0.0,0.0,39.6,0.0,0,0,0,0,0,0,0.0,0,0.0
Suderian Harrison,175436,WR,VIRGINIA,1,0.0,1,1,32.0,5.1,0,0,0.0,0.0,0,0,0,,1,0,-0.76,0,335,63.7,70.1,49.9,,0,0,1,0,0.0,,39.6,0.0,0,0,0,0,0,0,0.0,0,0.0
Zachary Waters,175574,QB,FIU,1,100.0,1,1,-4.0,0.5,0,0,0.0,100.0,1,0,0,0.0,1,0,-1.04,0,166,67.5,63.4,61.0,60.8,0,0,1,0,0.0,,100.0,0.0,0,0,0,0,0,0,0.0,8,8.0
Jordan Napier,175759,WR,S DIEGO ST,1,0.0,1,1,33.0,5.1,0,0,0.0,0.0,0,0,0,,1,0,-0.65,0,284,71.8,77.4,27.5,58.7,0,0,1,1,0.0,,39.6,0.0,0,0,0,0,0,1,100.0,0,0.0
Duane Thomas Jr.,175797,WR,UCF,1,0.0,1,1,8.0,4.3,0,0,0.0,0.0,0,0,0,,1,0,-3.49,0,323,77.9,69.0,28.7,66.7,0,1,1,1,0.0,,0.0,0.0,0,0,0,0,0,1,100.0,0,0.0
Ian Ratliff,176183,P,APP STATE,2,100.0,1,1,11.0,2.5,0,0,0.0,100.0,1,0,0,0.0,1,0,4.44,1,108,61.8,70.6,72.4,,0,0,2,0,100.0,,118.8,0.0,0,0,0,0,0,0,0.0,23,23.0
Randy Pittman Jr.,176195,TE,FLORIDA ST,1,100.0,1,1,8.0,2.1,0,0,0.0,100.0,1,0,1,0.0,1,0,1.59,1,167,73.8,62.2,71.7,80.0,0,0,1,3,100.0,0.0,122.9,0.0,0,0,0,0,1,0,0.0,4,4.0
Adrian Norton,176301,WR,MARSHALL,1,100.0,1,1,25.0,3.3,0,1,100.0,0.0,0,0,0,100.0,1,1,-0.84,0,214,71.5,66.3,88.1,,0,0,1,1,0.0,,39.6,0.0,0,0,0,0,0,0,0.0,0,0.0
Nathan Totten,176386,K,MARSHALL,1,100.0,1,1,12.0,2.1,0,0,0.0,100.0,1,0,0,0.0,1,0,2.99,1,214,60.3,70.5,75.4,,0,0,1,0,100.0,,116.7,0.0,0,0,0,0,0,0,0.0,12,12.0
Orion Phillips,177614,P,UTAH,1,100.0,1,1,-3.0,2.0,0,0,0.0,100.0,1,0,0,0.0,1,0,3.74,1,328,60.3,60.6,60.6,,0,0,1,0,100.0,,118.8,0.0,0,0,0,0,0,0,0.0,25,25.0
Graham Knowles,183218,QB,GA TECH,1,100.0,1,1,-5.0,1.0,0,0,0.0,100.0,1,0,0,0.0,1,0,6.25,1,176,60.3,60.6,60.4,,0,0,1,0,100.0,,158.3,0.0,0,0,0,0,1,0,0.0,84,84.0
Trever Jackson,183303,QB,ARKANSAS,1,100.0,1,1,4.0,2.7,0,0,0.0,0.0,0,0,0,100.0,1,1,-1.34,0,111,60.3,59.5,61.0,60.0,0,0,1,0,0.0,,39.6,0.0,0,0,0,0,0,0,0.0,0,0.0
Jojo Stone,183321,WR,FIU,1,0.0,1,1,10.0,3.6,0,0,0.0,0.0,0,0,1,,1,0,-0.63,0,166,73.0,81.8,54.8,57.4,0,0,1,0,0.0,0.0,39.6,0.0,0,0,0,0,0,0,0.0,0,0.0
Jordan Shipp,183338,WR,N CAROLINA,1,0.0,1,1,28.0,3.1,0,0,0.0,0.0,0,0,0,,1,0,-0.68,0,245,75.4,73.1,50.8,60.6,0,0,1,2,0.0,,39.6,0.0,0,0,0,0,0,0,0.0,0,0.0
Nico Ottomanelli,183576,K,SM HOUSTON,1,0.0,1,1,2.0,5.3,0,0,0.0,0.0,0,0,0,,1,0,-2.67,0,281,24.0,26.8,36.1,,0,0,1,0,0.0,,39.6,0.0,0,0,0,0,0,1,100.0,0,0.0
Kanyon Floyd,183740,P,ARIZONA ST,1,100.0,1,1,12.0,1.5,0,0,0.0,100.0,1,0,0,0.0,1,0,3.95,1,110,60.3,75.3,75.4,,0,0,1,0,100.0,,118.8,0.0,0,0,0,0,0,0,0.0,19,19.0
Isaac Wilson,183872,QB,UTAH,1,0.0,1,1,6.0,2.55,0,0,0.0,0.0,0,0,0,,2,0,-0.74,0,328,67.6,29.5,28.6,54.5,0,0,2,0,0.0,,39.6,0.0,0,1,0,0,0,1,50.0,0,0.0
Ju'Juan Johnson,184458,HB,LSU,2,100.0,1,1,10.0,3.7,0,0,0.0,100.0,1,0,1,0.0,2,0,-0.28,1,211,35.5,60.2,70.7,62.1,0,0,2,0,50.0,100.0,118.8,50.0,1,0,0,0,0,0,0.0,14,14.0
Parker Livingstone,184512,WR,TEXAS,1,100.0,1,1,6.0,3.1,0,0,0.0,100.0,1,0,0,0.0,1,0,1.38,1,311,71.9,69.2,71.7,,0,0,1,1,100.0,,122.9,0.0,0,0,0,0,1,0,0.0,4,4.0
Jayden Bradford,184684,QB,LIBERTY,1,100.0,1,1,6.0,2.4,0,0,0.0,100.0,1,0,0,0.0,1,0,2.91,1,206,65.9,68.8,71.5,59.7,0,0,1,0,100.0,,118.8,0.0,0,0,0,0,0,0,0.0,18,18.0
Brady Kluse,184714,WR,MEMPHIS,1,100.0,1,1,-6.0,2.7,0,0,0.0,100.0,1,0,0,0.0,1,0,1.4,1,218,70.8,64.4,60.6,,0,0,1,1,100.0,,118.8,0.0,0,0,0,0,0,0,0.0,14,14.0
AJ Maddox,184744,QB,OLE MISS,1,100.0,1,1,3.0,1.5,0,0,0.0,100.0,1,0,0,0.0,1,0,1.1,1,226,63.7,60.6,60.4,59.3,0,0,1,0,100.0,,118.8,0.0,0,0,0,0,0,0,0.0,19,19.0
John White,184784,QB,SO MISS,1,100.0,1,1,-4.0,1.4,0,0,0.0,100.0,1,0,0,0.0,1,0,-1.57,0,296,60.3,60.6,60.4,,0,0,1,0,0.0,,79.2,0.0,0,0,0,0,0,0,0.0,-1,-1.0
Connor Moberly,184835,QB,IOWA STATE,1,,0,1,,3.3,0,0,0.0,0.0,0,0,1,,1,0,-1.28,0,193,69.7,76.7,60.0,71.5,0,0,1,0,0.0,0.0,39.6,0.0,0,0,0,1,0,0,0.0,0,0.0
Emile Sebafundi,186490,P,COAST CAR,1,100.0,1,1,1.0,2.3,0,0,0.0,100.0,1,0,0,0.0,1,0,-2.51,0,141,60.3,59.5,60.6,,0,0,1,0,0.0,,79.2,0.0,0,0,0,0,0,0,0.0,2,2.0
Terrence Smith Jr.,188214,WR,UCONN,1,0.0,1,1,31.0,3.3,0,0,0.0,0.0,0,0,0,,1,0,-0.45,0,146,76.1,61.9,49.9,61.5,0,0,1,0,0.0,,39.6,0.0,0,0,0,0,0,0,0.0,0,0.0
Carter Holden,188279,K,MIAMI OH,1,0.0,1,1,6.0,2.3,0,0,0.0,0.0,0,0,1,,1,0,0.0,0,221,60.3,61.6,60.9,,0,1,1,0,0.0,0.0,0.0,0.0,0,0,0,0,0,0,0.0,0,0.0
Micah Ford,188865,HB,STANFORD,1,0.0,1,1,17.0,2.5,0,0,0.0,0.0,0,0,0,,1,0,-0.6,0,300,68.9,81.8,33.8,83.9,0,0,1,0,0.0,,39.6,0.0,0,0,0,0,0,1,100.0,0,0.0
Michael Valentino,189408,QB,FAU,1,0.0,1,1,27.0,1.9,0,0,0.0,0.0,0,0,0,,1,0,-0.62,0,165,60.3,50.3,50.4,,0,0,1,0,0.0,,39.6,0.0,0,0,0,0,0,0,0.0,0,0.0
Nykahi Davenport,189601,HB,USF,2,100.0,1,1,33.0,4.1,0,0,0.0,100.0,1,0,1,0.0,2,0,1.08,1,327,75.8,85.2,73.4,87.1,0,0,2,0,50.0,100.0,158.3,50.0,1,0,0,0,1,0,0.0,29,29.0
Reece Vander Zee,189694,WR,IOWA,1,100.0,1,1,5.0,3.1,0,0,0.0,100.0,1,0,0,0.0,1,0,1.62,1,192,68.3,79.2,73.3,,0,0,1,0,100.0,,127.1,0.0,0,0,0,0,1,0,0.0,5,5.0
Sean West,189741,K,WISCONSIN,1,100.0,1,1,8.0,2.1,0,0,0.0,100.0,1,0,0,0.0,1,0,3.65,1,349,63.7,72.4,62.2,68.0,0,0,1,0,100.0,,118.8,0.0,0,0,0,0,0,0,0.0,24,24.0
John Hoyet Chance,189821,P,LA TECH,1,0.0,1,1,10.0,1.9,0,0,0.0,0.0,0,0,0,,1,0,-3.0,0,208,60.3,33.5,57.7,60.0,0,0,1,0,0.0,,39.6,0.0,0,0,0,0,0,0,0.0,0,0.0
Na'eem Abdul-Rahim Gladding,190053,WR,DOMINION,1,100.0,1,1,-4.0,2.8,0,0,0.0,100.0,1,0,1,0.0,1,0,0.38,0,263,76.2,75.8,61.0,,0,0,1,1,100.0,0.0,87.5,0.0,0,0,0,0,0,0,0.0,5,5.0
Joseph Williams,190753,WR,COLORADO,1,0.0,1,1,-5.0,5.7,0,0,0.0,0.0,0,0,1,,1,0,-0.75,0,143,37.9,67.7,60.4,,0,0,1,5,0.0,0.0,39.6,0.0,0,0,0,0,0,0,0.0,0,0.0
Shamar Rigby,190922,WR,OKLA STATE,1,100.0,1,1,25.0,3.3,0,0,0.0,100.0,1,0,0,0.0,1,0,5.1,1,262,71.1,63.7,76.6,,0,0,1,1,100.0,,158.3,0.0,0,0,0,0,1,0,0.0,63,63.0
Cam Bates,190986,WR,BOISE ST,1,100.0,1,1,15.0,2.6,0,0,0.0,100.0,1,0,0,0.0,1,0,0.91,1,120,76.4,57.6,54.8,78.2,0,0,1,0,100.0,,118.8,0.0,0,0,0,0,0,0,0.0,15,15.0
JV Gibson,193295,WR,OKLAHOMA,1,100.0,1,1,7.0,4.6,0,0,0.0,100.0,1,0,1,0.0,1,0,0.89,0,261,70.3,57.1,77.7,,0,0,1,1,100.0,0.0,100.0,0.0,0,0,0,0,0,0,0.0,8,8.0
K'saan Farrar,198321,QB,UCONN,1,0.0,1,1,20.0,4.33,0,0,0.0,0.0,0,0,3,,3,0,-0.29,1,146,62.7,66.6,57.5,64.0,0,0,3,0,33.3,33.3,39.6,33.3,1,1,0,0,0,0,0.0,0,0.0
Ryan Montgomery,198473,QB,GEORGIA,1,100.0,1,1,-4.0,0.6,0,0,0.0,100.0,1,0,0,0.0,1,0,1.18,1,173,60.3,61.9,60.6,,0,0,1,0,100.0,,116.7,0.0,0,0,0,0,0,0,0.0,12,12.0
Clay Thevenin,198671,HB,LA TECH,1,100.0,1,1,-4.0,3.0,0,0,0.0,0.0,0,2,0,100.0,1,1,-1.93,0,208,67.5,78.0,61.0,81.2,0,0,1,4,0.0,,39.6,0.0,0,0,0,0,0,0,0.0,0,0.0
Luke Watkins,198688,WR,LA TECH,1,100.0,1,1,-6.0,2.5,0,0,0.0,100.0,1,0,1,0.0,1,0,-2.83,0,208,63.7,57.9,61.0,,0,0,1,0,0.0,0.0,79.2,0.0,0,0,0,0,0,0,0.0,-5,-5.0
Stanley Anderson-Lofton,198834,QB,MIDDLE TN,1,100.0,1,1,4.0,3.0,0,0,0.0,100.0,1,0,1,0.0,2,0,-0.87,0,224,66.2,60.6,50.8,65.3,0,0,2,0,50.0,100.0,112.5,50.0,1,0,0,0,0,0,0.0,11,11.0
Teddy Hoffmann,198966,WR,NC STATE,2,100.0,1,1,21.0,5.05,0,0,0.0,100.0,1,0,1,0.0,2,0,2.24,1,248,78.3,70.2,65.7,,0,0,2,0,50.0,100.0,158.3,50.0,1,0,0,0,1,0,0.0,59,59.0
Bryce Yates,199090,WR,PITTSBURGH,1,0.0,1,1,19.0,3.3,0,0,0.0,0.0,0,0,0,,1,0,-0.93,0,268,68.0,70.8,47.3,,0,0,1,2,0.0,,39.6,0.0,0,0,0,0,0,0,0.0,0,0.0
Sean Ashenfelder,199125,QB,RUTGERS,1,100.0,1,1,2.0,2.3,0,0,0.0,100.0,1,0,0,0.0,1,0,0.41,1,278,63.7,57.8,60.6,58.7,0,0,1,0,100.0,,112.5,0.0,0,0,0,0,0,0,0.0,11,11.0
Ty Hawkins,199163,QB,SMU,2,100.0,1,1,9.0,3.6,0,0,0.0,100.0,1,0,0,0.0,1,0,0.45,0,287,64.4,67.0,59.8,63.5,0,0,2,0,100.0,,104.2,0.0,0,0,0,0,0,0,0.0,9,9.0
Holden Phillips,199309,QB,TEXAS TECH,1,100.0,1,1,8.0,2.4,0,0,0.0,100.0,1,0,0,0.0,1,0,0.97,1,315,67.5,68.0,71.9,58.3,0,0,1,0,100.0,,100.0,0.0,0,0,0,0,0,0,0.0,8,8.0
Agyeman Addae,199393,HB,UCF,1,100.0,1,1,1.0,1.4,0,0,0.0,100.0,1,0,0,0.0,1,0,1.59,1,323,74.6,60.1,60.6,59.0,0,0,1,0,100.0,,122.9,0.0,0,0,0,0,1,0,0.0,4,4.0
Locklan Hewlett,199429,QB,USF,1,100.0,1,1,27.0,2.3,0,0,0.0,100.0,1,0,0,0.0,1,0,5.38,1,327,60.3,71.9,78.3,,0,0,1,0,100.0,,158.3,0.0,0,0,0,0,1,0,0.0,45,45.0
Steele Pizzella,199501,QB,WAKE,1,0.0,1,1,26.0,2.0,0,0,0.0,0.0,0,0,0,,1,0,-0.54,0,339,65.9,73.0,50.8,72.8,0,0,1,0,0.0,,39.6,0.0,0,0,0,0,0,0,0.0,0,0.0
Marvis Parrish,199564,HB,W KENTUCKY,1,100.0,1,1,4.0,1.3,0,0,0.0,0.0,0,0,0,100.0,1,1,-0.63,0,346,74.4,71.4,60.6,78.0,0,0,1,0,0.0,,39.6,0.0,0,0,0,0,0,0,0.0,0,0.0
Brian Rowe Jr.,199945,WR,S CAROLINA,1,100.0,1,1,12.0,3.6,0,0,0.0,100.0,1,0,0,0.0,1,0,1.63,1,289,73.1,60.7,72.6,59.9,0,0,1,1,100.0,,118.8,0.0,0,0,0,0,0,0,0.0,21,21.0
Luke Nickel,200166,QB,MIAMI FL,1,0.0,1,1,35.0,2.8,0,0,0.0,0.0,0,0,0,,1,0,-0.36,0,220,60.3,50.2,49.9,,0,0,1,0,0.0,,39.6,0.0,0,0,0,0,0,0,0.0,0,0.0
Linkon Cure,204094,WR,KANSAS ST,1,0.0,1,1,26.0,3.3,0,0,0.0,0.0,0,0,1,,1,0,-3.49,0,199,66.4,52.0,37.5,,0,1,1,1,0.0,0.0,0.0,0.0,0,0,0,0,0,1,100.0,0,0.0
Gabe Glover,204935,WR,JVILLE ST,1,100.0,1,1,16.0,4.3,0,0,0.0,100.0,1,0,0,0.0,1,0,1.58,0,196,75.6,54.7,76.6,,0,0,1,0,100.0,,118.8,0.0,0,0,0,0,0,0,0.0,18,18.0
Andrew Burnette,205005,HB,LA TECH,1,0.0,1,1,31.0,2.6,0,0,0.0,0.0,0,0,0,,1,0,-4.9,0,208,68.0,76.2,37.1,76.3,0,1,1,0,0.0,,0.0,0.0,0,0,0,0,0,1,100.0,0,0.0
Christian Neptune,206238,WR,USF,1,100.0,1,1,27.0,3.0,0,1,100.0,100.0,1,0,0,0.0,1,0,4.02,1,327,79.3,63.6,88.1,70.6,0,0,1,1,100.0,,158.3,0.0,0,0,0,0,1,0,0.0,29,29.0
