season,week,slate_date,category,pick,line,game,units_risked,book_price,model_number,result,actual,units_pl,note
2026,2,2026-09-12,spread,Kennesaw State,-8.5,Georgia State @ Kennesaw State,1.10,-110,-20.5,LOSS,Georgia State 31-17,-1.10,lost outright as a 8.5-pt favorite
2026,2,2026-09-12,spread,Buffalo,+10.0,Buffalo @ Florida International,1.10,-110,+0.6,LOSS,Florida International 33-20,-1.10,lost by 13
2026,2,2026-09-12,spread,Marshall,-13.5,Middle Tennessee @ Marshall,1.10,-110,-24.0,LOSS,Marshall 28-26,-1.10,won by 2
2026,2,2026-09-12,spread,Ohio State,+1.5,Ohio State @ Texas,1.10,-110,+4.7,WIN,Texas 24-23,1.00,lost by 1 on a late TD
2026,2,2026-09-12,spread,Michigan,+5.0,Oklahoma @ Michigan,1.10,-110,-1.4,WIN,Michigan 17-10,1.00,won outright
2026,2,2026-09-12,total,Over,46.0,South Florida @ Army,1.10,-110,48.9,WIN,52 (USF 28-24),1.00,
2026,2,2026-09-12,total,Under,56.5,California @ Syracuse,1.10,-110,44.7,WIN,39 (Cal 21-18),1.00,
2026,2,2026-09-12,total,Under,55.5,Louisiana Tech @ LSU,1.10,-110,49.6,LOSS,59 (LSU 45-14),-1.10,35-pt favorite blowout
2026,2,2026-09-12,total,Under,55.0,San Diego State @ UCLA,1.10,-110,41.4,WIN,38 (UCLA 28-10),1.00,
2026,2,2026-09-12,total,Under,50.5,Bowling Green @ Nebraska,1.10,-110,42.0,LOSS,63 (Nebraska 56-7),-1.10,30.5-pt favorite blowout
2026,2,2026-09-12,prop,Malik Washington Over pass yds,239.5,Maryland @ UConn,1.15,-115,352.3,WIN,347 (41 att 8.46 ypa),1.00,
2026,2,2026-09-12,prop,John Mateer Over pass yds,229.5,Oklahoma @ Michigan,1.15,-115,306.9,LOSS,189 (33 att 5.73 ypa),-1.15,volume fine efficiency missed
2026,2,2026-09-12,prop,Nick Minicucci Over pass yds,219.5,Delaware @ Vanderbilt,1.15,-115,290.4,LOSS,182 (27 att 6.74 ypa),-1.15,volume fine efficiency missed
2026,2,2026-09-12,prop,Ryan Browne Under pass yds,234.5,Wake Forest @ Purdue,1.15,-115,141.7,LOSS,329 (43 att 7.65 ypa),-1.15,his wk1 317-yd game contradicted the Under and was ignored
2026,2,2026-09-12,prop,Jayden Denegal Over pass yds,146.5,San Diego State @ UCLA,1.15,-115,202.3,LOSS,45 (17 att 2.65 ypa),-1.15,low volume and 2.65 ypa
2026,3,2026-09-19,spread,UCF,-17.5,Georgia State @ UCF,1.10,-110,-29.3,LOSS,30-44,-1.10,2026 SP+ 5.6 (53rd) vs -21.6 (134th); GSU 2-0 vs weak slate
2026,3,2026-09-19,spread,Nevada,-3.5,Nevada @ Middle Tennessee,1.10,-110,+11.7,LOSS,20-27,-1.10,MTSU 0 sacks / 15 pressures in 2 gm; Kelley 8.4 ypc
2026,3,2026-09-19,spread,South Carolina,-3.5,Mississippi State @ South Carolina,1.10,-110,-9.7,LOSS,41-34,-1.10,SC def 10th SR vs MSU 38th; both 2-0
2026,3,2026-09-19,spread,Louisiana,-7.5,UAB @ Louisiana,1.10,-110,-13.3,LOSS,14-21,-1.10,UAB OL 7.5% pressure rate (4th worst FBS); def 131st SR
2026,3,2026-09-19,spread,Louisiana Tech,+20.0,Louisiana Tech @ Baylor,1.10,-110,-14.9,WIN,19-36,1.00,LT 2nd in explosiveness + 6th havoc; Baylor slowest tempo
2026,3,2026-09-19,total,Over,48.0,Colorado @ Northwestern,1.10,-110,57.1,PUSH,48,0.00,NW 100th SR allowed + 16 pressures; Lewis 9.8 ypa
2026,3,2026-09-19,total,Under,62.5,North Texas @ Texas State,1.10,-110,53.4,LOSS,84,-1.10,TSU 120th finishing drives; both offenses bottom-third
2026,3,2026-09-19,total,Over,53.5,Virginia Tech @ Maryland,1.10,-110,62.1,WIN,61,1.00,MD 8th SR but 125th finishing drives allowed; 0 INTs both QBs
2026,3,2026-09-19,total,Over,45.5,New Mexico @ Oklahoma,1.10,-110,53.8,LOSS,20,-1.10,both offenses converting opportunities; two slow strong defenses is the risk
2026,3,2026-09-19,total,Over,53.5,Florida @ Auburn,1.10,-110,61.8,WIN,83,1.00,FLA 1st in pts per opportunity; AUB 3rd fastest tempo
2026,3,2026-09-19,prop,Noah Kim Over pass yds,130.5,Eastern Michigan @ Wisconsin,1.15,-115,227.5,WIN,140,1.00,192.0 yds/gm on 36 att/gm; 5.3 ypa but volume clears it
2026,3,2026-09-19,prop,Micah Hudson Under receptions,2.5,Houston @ Texas Tech,1.15,-115,1.1,WIN,0,1.00,26 rts/gm but 3.0 tgt/gm; 4th on team at 10.2% share
2026,3,2026-09-19,prop,Keshaun Singleton Over rec yds,44.5,Florida @ Auburn,1.15,-115,67.8,WIN,99,1.00,65.5 yds/gm on 8.0 tgt/gm; team-leading 23.5% share; 5 books
2026,3,2026-09-19,prop,Kenny Johnson Over receptions,3.5,Houston @ Texas Tech,1.15,-115,5.3,WIN,4,1.00,4.5 rec/gm on 6.0 tgt/gm at 75% catch rate
2026,3,2026-09-19,prop,George Pettaway Under rush yds,70.5,James Madison @ San Diego State,1.15,-115,34.6,LOSS,85,-1.15,43.5 yds/gm at 3.6 ypc; Herman 12.4 ypc taking work
2026,4,2026-09-26,spread,Troy,+3.0,Troy @ Utah State,1.10,-110,-7.7,LOSS,Troy 10-21 Utah State,-1.10,covered by -8.0
2026,4,2026-09-26,spread,Penn State,-10.0,Wisconsin @ Penn State,1.10,-110,-17.2,LOSS,Wisconsin 24-20 Penn State,-1.10,covered by -14.0
2026,4,2026-09-26,spread,Georgia Tech,+3.5,Georgia Tech @ Stanford,1.10,-110,-10.2,LOSS,Georgia Tech 27-34 Stanford,-1.10,covered by -3.5
2026,4,2026-09-26,spread,Iowa,+5.5,Iowa @ Michigan,1.10,-110,+0.3,WIN,Iowa 20-19 Michigan,1.00,covered by +6.5
2026,4,2026-09-26,spread,Nebraska,-5.5,Nebraska @ Michigan State,1.10,-110,-10.3,WIN,Nebraska 31-13 Michigan State,1.00,covered by +12.5
2026,4,2026-09-26,total,Over,57.0,Wake Forest @ Louisville,1.10,-110,58.5,PUSH,57 (30-27),0.00,landed +0.0 vs the number
2026,4,2026-09-26,total,Under,56.5,Houston @ Georgia Southern,1.10,-110,56.8,LOSS,70 (42-28),-1.10,landed +13.5 vs the number
2026,4,2026-09-26,total,Under,52.5,UNLV @ Akron,1.10,-110,51.2,WIN,48 (38-10),1.00,landed -4.5 vs the number
2026,4,2026-09-26,total,Over,47.0,Virginia Tech @ Boston College,1.10,-110,56.4,LOSS,35 (21-14),-1.10,landed -12.0 vs the number
2026,4,2026-09-26,prop,Jadan Baugh Over rush yds,119.0,Ole Miss @ Florida,1.14,-114.0,149.8,WIN,142 rush yds,1.00,week 4 delta from the PFF drop: 438 in 3g -> 580 in 4g
2026,4,2026-09-26,prop,Jamal Rule Over rush yds,66.5,Nebraska @ Michigan State,1.14,-114.0,106.9,LOSS,4 rush yds,-1.14,329 in 3g -> 333 in 4g; the 55.9% breakaway share flagged as the risk is what failed
2026,4,2026-09-26,prop,Hollywood Smothers Over rush yds,52.0,Texas @ Tennessee,1.13,-113.0,101.8,VOID,DNP,0.00,"did not play: Texas played a 4th game, Smothers stayed at 3 with identical attempts and yards. Availability was not checked before posting"
2026,4,2026-09-26,prop,Iverson Howard Under rush yds,59.5,UCLA @ Maryland,1.14,-114.0,30.9,WIN,34 rush yds,1.00,138 in 3g -> 172 in 4g
2026,4,2026-09-26,prop,Jaron Tibbs Over receptions,3.5,Kansas State @ Cincinnati,1.42,-141.5,5.1,LOSS,1 reception,-1.42,15 in 3g -> 16 in 4g
2026,5,2026-10-03,spread,Miami Ohio,-13.5,Bowling Green @ Miami Ohio,1.10,-110,-25.3,,,,"largest de-meaned gap on the board (11.4); points check -16.2 agrees, 2.7 clear of the line"
2026,5,2026-10-03,spread,New Mexico,-22.5,UTEP @ New Mexico,1.10,-110,-33.5,,,,"de-meaned gap 10.6; points check -24.4 agrees but only 1.9 clear; NM 4-0 ATS, tempo 134th"
2026,5,2026-10-03,spread,Fresno State,+1.5,Fresno State @ Washington State,1.10,-110,-5.9,,,,"de-meaned gap 7.8; points check -2.8, the largest point-based edge on the card at 4.3"
2026,5,2026-10-03,spread,Illinois,-10.0,Purdue @ Illinois,1.10,-110,-17.6,,,,"de-meaned gap 7.2; points check -10.2, i.e. the line itself. Weakest-supported spread on the card"
2026,5,2026-10-03,spread,Ohio,-3.5,Ohio @ Kent State,1.10,-110,-10.1,,,,"de-meaned gap 7.0; points check -7.7 agrees, 4.2 clear. Road favorite under a touchdown"
2026,5,2026-10-03,total,Over,45.5,Ohio State @ Iowa,1.10,-110,59.5,,,,"residual +7.1, largest on the board; points check 49.0 agrees. Same profile left off in wk4 (Iowa-Michigan 39 vs 38.5)"
2026,5,2026-10-03,total,Over,47.5,Miami @ Clemson,1.10,-110,57.5,,,,residual +6.2; points check 51.9 agrees. One-offense Over; 16.5-pt blowout risk
2026,5,2026-10-03,total,Under,62.5,Purdue @ Illinois,1.10,-110,53.4,,,,residual -5.4; points check 66.0 and both teams 4-0 to the Over disagree. Taken on the residual per wk4 lesson; flagged most likely wrong
2026,5,2026-10-03,total,Under,58.5,Washington @ USC,1.10,-110,56.2,,,,residual -5.2; points check 55.5 agrees. Only Under on the card where both reads agree
2026,5,2026-10-03,total,Under,56.0,Marshall @ James Madison,1.10,-110,53.7,,,,"residual -4.7; feed consensus was 56.25, logged at the bettable 56.0. Points check 56.5, neutral"
2026,5,2026-10-03,prop,Jadan Baugh Over rush yds,118.0,Florida @ Missouri,1.13,-112.5,155.6,,,,"580 yds in 4g (145.0/gm); 21.0 car/gm, 48.6% of Florida carries; 52.4% breakaway is the risk"
2026,5,2026-10-03,prop,Adam Mohammed Over rush yds,64.5,California @ UNLV,1.15,-114.5,80.8,,,,"336 yds in 4g (84.0/gm); 63.5% of Cal carries, next man 16 all season; 302 of 336 after contact"
2026,5,2026-10-03,prop,Kari Ashley Over rec yds,32.5,BYU @ TCU,1.15,-114.5,44.9,,,,266 yds in 4g (66.5/gm) vs a 32.5 line; 2.96 yprr on 90 routes. Risk is TCU's 20.8 implied total (0.813 pace adj)
2026,5,2026-10-03,prop,Mazeo Bennett Jr. Under rec yds,37.5,Kentucky @ South Carolina,1.15,-114.5,21.7,,,,"109 yds in 4g (27.3/gm); 1.11 yprr, 4 drops on 21 targets, no catch over 18 yds"
2026,5,2026-10-03,prop,Chas Nimrod Over rec yds,47.5,Auburn @ Tennessee,1.15,-114.5,57.2,,,,"240 yds in 4g on 8.0 tgt/gm and 147 routes; usage bet, 60.7 route grade. Taken over Waseem (larger edge) to avoid a third position in Purdue-Illinois"
