Queue,Player,XRank,,,,,,,,,,,,,,
ADP,Bye,Proj Pts,Pass Yds,Pass TD,Int,Rush Att,Rush Yds,Rush TD,Rec,Rec Yds,Rec TD,Ret TD,2-PT,Fum Lost,,
,,,,,,,,,,,,,,,,
[J. Smith],,,,,,,,,,,,,,,,
J. Smith,,,,,,,,,,,,,,,,
,,,,,,,,,,,,,,,,
WR,,,,,,,,,,,,,,,,
OSU,,,,,,,,,,,,,,,,
Bye 8,,,,,,,,,,,,,,,,
,,,,,,,,,,,,,,,,
,1,1.2,8,216.84,0,0,0,2,14.9,0.1,77.7,1041,11.9,0,0.7,0.3
,,,,,,,,,,,,,,,,
[M. Toney],,,,,,,,,,,,,,,,
M. Toney,,,,,,,,,,,,,,,,
,,,,,,,,,,,,,,,,
WR,,,,,,,,,,,,,,,,
MIA,,,,,,,,,,,,,,,,
Bye 6,,,,,,,,,,,,,,,,
,,,,,,,,,,,,,,,,
,2,2.6,6,209.83,0,0,0,16.9,77.6,0.8,86.5,1011,8.5,0.3,0.5,0.4
,,,,,,,,,,,,,,,,
[K. Lacy],,,,,,,,,,,,,,,,
K. Lacy,,,,,,,,,,,,,,,,
,,,,,,,,,,,,,,,,
RB,,,,,,,,,,,,,,,,
MISS,,,,,,,,,,,,,,,,
Bye 5,,,,,,,,,,,,,,,,
,,,,,,,,,,,,,,,,
,3,2.8,5,246.58,0,0,0,236,1147,17.5,25.5,155,0,0,1,1.7
,,,,,,,,,,,,,,,,
[C. Hawkins],,,,,,,,,,,,,,,,
C. Hawkins,,,,,,,,,,,,,,,,
,,,,,,,,,,,,,,,,
RB,,,,,,,,,,,,,,,,
OKST,,,,,,,,,,,,,,,,
Bye 5,,,,,,,,,,,,,,,,
,,,,,,,,,,,,,,,,
,4,4.2,5,246.37,0,0,0,199,1057,13,30.6,320,2.8,0,0.9,1.5
,,,,,,,,,,,,,,,,
[L. Martin],,,,,,,,,,,,,,,,
L. Martin,,,,,,,,,,,,,,,,
,,,,,,,,,,,,,,,,
RB,,,,,,,,,,,,,,,,
BYU,,,,,,,,,,,,,,,,
Bye 4,,,,,,,,,,,,,,,,
,,,,,,,,,,,,,,,,
,5,5.8,4,217.84,0,0,0,209,1172,10,32.8,260,0,0,0.6,1.6
,,,,,,,,,,,,,,,,
[J. Baugh],,,,,,,,,,,,,,,,
J. Baugh,,,,,,,,,,,,,,,,
,,,,,,,,,,,,,,,,
RB,,,,,,,,,,,,,,,,
FLA,,,,,,,,,,,,,,,,
Bye 8,,,,,,,,,,,,,,,,
,,,,,,,,,,,,,,,,
,6,7,8,214.88,0,0,0,190,999,13.1,27.3,171,1.1,0,0.8,1.4
,,,,,,,,,,,,,,,,
[D. Bishop],,,,,,,,,,,,,,,,
D. Bishop,,,,,,,,,,,,,,,,
,,,,,,,,,,,,,,,,
RB,,,,,,,,,,,,,,,,
TENN,,,,,,,,,,,,,,,,
Bye 9,,,,,,,,,,,,,,,,
,,,,,,,,,,,,,,,,
,7,8.3,9,235.32,0,0,0,207,1199,14.9,13.2,141,1.1,0,0.9,1.5
,,,,,,,,,,,,,,,,
[I. Brown],,,,,,,,,,,,,,,,
I. Brown,,,,,,,,,,,,,,,,
,,,,,,,,,,,,,,,,
RB,,,,,,,,,,,,,,,,
LOU,,,,,,,,,,,,,,,,
Bye 8,,,,,,,,,,,,,,,,
,,,,,,,,,,,,,,,,
,11,11,8,214.77,0,0,0,177,1347,11.1,16.4,66.3,0,0,0.7,1.3
,,,,,,,,,,,,,,,,
[D. Taylor],,,,,,,,,,,,,,,,
D. Taylor,,,,,,,,,,,,,,,,
,,,,,,,,,,,,,,,,
RB,,,,,,,,,,,,,,,,
MINN,,,,,,,,,,,,,,,,
Bye 7,,,,,,,,,,,,,,,,
,,,,,,,,,,,,,,,,
,8,11.1,7,196.16,0,0,0,202,940,7.3,44.7,328,1,0,0.5,1.6
,,,,,,,,,,,,,,,,
[N. Sheppard],,,,,,,,,,,,,,,,
N. Sheppard,,,,,,,,,,,,,,,,
,,,,,,,,,,,,,,,,
RB,,,,,,,,,,,,,,,,
DUKE,,,,,,,,,,,,,,,,
Bye 5,,,,,,,,,,,,,,,,
,,,,,,,,,,,,,,,,
,9,11.4,5,201.99,0,0,0,206,1010,9.7,31.5,238,0.8,0.1,0.6,1.6
,,,,,,,,,,,,,,,,
[C. Cook],,,,,,,,,,,,,,,,
C. Cook,,,,,,,,,,,,,,,,
,,,,,,,,,,,,,,,,
RB,,,,,,,,,,,,,,,,
WVU,,,,,,,,,,,,,,,,
Bye 9,,,,,,,,,,,,,,,,
,,,,,,,,,,,,,,,,
,10,11.6,9,226.21,0,0,0,214,1092,12.8,24,266,0.5,0,0.8,1.6
,,,,,,,,,,,,,,,,
[A. Raymond],,,,,,,,,,,,,,,,
A. Raymond,,,,,,,,,,,,,,,,
,,,,,,,,,,,,,,,,
RB,,,,,,,,,,,,,,,,
RUTG,,,,,,,,,,,,,,,,
Bye 6,,,,,,,,,,,,,,,,
,,,,,,,,,,,,,,,,
,13,12.1,6,240.9,0,0,0,245,1237,12.3,19.6,236,2,0,0.8,1.7
,,,,,,,,,,,,,,,,
[B. Jackson],,,,,,,,,,,,,,,,
B. Jackson,,,,,,,,,,,,,,,,
,,,,,,,,,,,,,,,,
RB,,,,,,,,,,,,,,,,
OSU,,,,,,,,,,,,,,,,
Bye 8,,,,,,,,,,,,,,,,
,,,,,,,,,,,,,,,,
,16,15.7,8,185.24,0,0,0,169,1016,8.1,18.8,204,1.1,0,0.5,1.2
,,,,,,,,,,,,,,,,
[A. Manning],,,,,,,,,,,,,,,,
A. Manning,,,,,,,,,,,,,,,,
,,,,,,,,,,,,,,,,
QB,,,,,,,,,,,,,,,,
TEX,,,,,,,,,,,,,,,,
Bye 5,,,,,,,,,,,,,,,,
,,,,,,,,,,,,,,,,
,25,16,5,314.54,3148,28.4,7.6,84.1,319,8,0,0,0,0,2.1,0.9
,,,,,,,,,,,,,,,,
[A. Williams],,,,,,,,,,,,,,,,
A. Williams,,,,,,,,,,,,,,,,
,,,,,,,,,,,,,,,,
RB,,,,,,,,,,,,,,,,
ND,,,,,,,,,,,,,,,,
Bye 8,,,,,,,,,,,,,,,,
,,,,,,,,,,,,,,,,
,12,16,8,214.59,0,0,0,184,1030,12.3,19.9,187,1.6,0.1,0.8,1.3
,,,,,,,,,,,,,,,,
[J. Haynes],,,,,,,,,,,,,,,,
J. Haynes,,,,,,,,,,,,,,,,
,,,,,,,,,,,,,,,,
RB,,,,,,,,,,,,,,,,
GT,,,,,,,,,,,,,,,,
Bye 5,,,,,,,,,,,,,,,,
,,,,,,,,,,,,,,,,
,15,17,5,205.9,0,0,0,189,1077,11.5,25.8,176,0,0,0.7,1.4
,,,,,,,,,,,,,,,,
[J. Marshall],,,,,,,,,,,,,,,,
J. Marshall,,,,,,,,,,,,,,,,
,,,,,,,,,,,,,,,,
RB,,,,,,,,,,,,,,,,
MICH,,,,,,,,,,,,,,,,
Bye 6,,,,,,,,,,,,,,,,
,,,,,,,,,,,,,,,,
,19,18.1,6,209.13,0,0,0,179,1130,11.5,11.8,134,1.5,0,0.8,1.3
,,,,,,,,,,,,,,,,
[J. Turner],,,,,,,,,,,,,,,,
J. Turner,,,,,,,,,,,,,,,,
,,,,,,,,,,,,,,,,
RB,,,,,,,,,,,,,,,,
PITT,,,,,,,,,,,,,,,,
Bye 10,,,,,,,,,,,,,,,,
,,,,,,,,,,,,,,,,
,14,18.9,10,193.92,0,0,0,184,957,8.8,36.2,227,1,0,0.6,1.5
,,,,,,,,,,,,,,,,
[C. Coleman],,,,,,,,,,,,,,,,
C. Coleman,,,,,,,,,,,,,,,,
,,,,,,,,,,,,,,,,
WR,,,,,,,,,,,,,,,,
TEX,,,,,,,,,,,,,,,,
Bye 5,,,,,,,,,,,,,,,,
,,,,,,,,,,,,,,,,
,22,19.2,5,163.69,0,0,0,1,3.5,0,49.2,865,8.6,0,0.5,0.2
,,,,,,,,,,,,,,,,
[A. Thomas],,,,,,,,,,,,,,,,
A. Thomas,,,,,,,,,,,,,,,,
,,,,,,,,,,,,,,,,
WR,,,,,,,,,,,,,,,,
HOU,,,,,,,,,,,,,,,,
Bye 9,,,,,,,,,,,,,,,,
,,,,,,,,,,,,,,,,
,21,22,9,192.61,0,0,0,4,11.3,0.2,63.7,962,10.3,0,0.6,0.3
,,,,,,,,,,,,,,,,
[N. Marsh],,,,,,,,,,,,,,,,
N. Marsh,,,,,,,,,,,,,,,,
,,,,,,,,,,,,,,,,
WR,,,,,,,,,,,,,,,,
IND,,,,,,,,,,,,,,,,
Bye 10,,,,,,,,,,,,,,,,
,,,,,,,,,,,,,,,,
,20,22.4,10,173.96,0,0,0,0,0,0,55.8,739,11.9,0,0.7,0.2
,,,,,,,,,,,,,,,,
[K. Raphael],,,,,,,,,,,,,,,,
K. Raphael,,,,,,,,,,,,,,,,
,,,,,,,,,,,,,,,,
RB,,,,,,,,,,,,,,,,
SMU,,,,,,,,,,,,,,,,
Bye 6,,,,,,,,,,,,,,,,
,,,,,,,,,,,,,,,,
,18,23.5,6,149.5,0,0,0,148,712,8.4,20,127,1.1,0,0.6,1.1
,,,,,,,,,,,,,,,,
[A. Mohammed],,,,,,,,,,,,,,,,
A. Mohammed,,,,,,,,,,,,,,,,
,,,,,,,,,,,,,,,,
RB,,,,,,,,,,,,,,,,
CAL,,,,,,,,,,,,,,,,
Bye 10,,,,,,,,,,,,,,,,
,,,,,,,,,,,,,,,,
,17,23.9,10,181.47,0,0,0,199,836,11.5,22,121,1,0.1,0.7,1.5
,,,,,,,,,,,,,,,,
[M. Fletcher Jr.],,,,,,,,,,,,,,,,
M. Fletcher Jr.,,,,,,,,,,,,,,,,
,,,,,,,,,,,,,,,,
RB,,,,,,,,,,,,,,,,
MIA,,,,,,,,,,,,,,,,
Bye 6,,,,,,,,,,,,,,,,
,,,,,,,,,,,,,,,,
,28,24.8,6,195.03,0,0,0,188,957,11.8,15.6,124,1.6,0,0.8,1.3
,,,,,,,,,,,,,,,,
[W. Young],,,,,,,,,,,,,,,,
W. Young,,,,,,,,,,,,,,,,
,,,,,,,,,,,,,,,,
WR,,,,,,,,,,,,,,,,
OKST,,,,,,,,,,,,,,,,
Bye 5,,,,,,,,,,,,,,,,
,,,,,,,,,,,,,,,,
,24,25.1,5,195.03,0,0,0,2.9,12.9,0.1,74.2,1066,8.2,0,0.5,0.3
,,,,,,,,,,,,,,,,
[K. Duff],,,,,,,,,,,,,,,,
K. Duff,,,,,,,,,,,,,,,,
,,,,,,,,,,,,,,,,
WR,,,,,,,,,,,,,,,,
RUTG,,,,,,,,,,,,,,,,
Bye 6,,,,,,,,,,,,,,,,
,,,,,,,,,,,,,,,,
,32,27.2,6,200.23,0,0,0,0,0,0,67,1202,7.7,0,0.5,0.3
,,,,,,,,,,,,,,,,
[I. Sategna III],,,,,,,,,,,,,,,,
I. Sategna III,,,,,,,,,,,,,,,,
,,,,,,,,,,,,,,,,
WR,,,,,,,,,,,,,,,,
OU,,,,,,,,,,,,,,,,
Bye 5,,,,,,,,,,,,,,,,
,,,,,,,,,,,,,,,,
,26,28.2,5,183.79,0,0,0,4.1,23.2,0.2,70.8,1038,6.6,0.3,0.4,0.3
,,,,,,,,,,,,,,,,
[M. Hughes],,,,,,,,,,,,,,,,
M. Hughes,,,,,,,,,,,,,,,,
,,,,,,,,,,,,,,,,
RB,,,,,,,,,,,,,,,,
HOU,,,,,,,,,,,,,,,,
Bye 9,,,,,,,,,,,,,,,,
,,,,,,,,,,,,,,,,
,27,29.3,9,184.56,0,0,0,196,961,6.9,24.9,208,2.6,0,0.6,1.5
,,,,,,,,,,,,,,,,
[T. Chambliss],,,,,,,,,,,,,,,,
T. Chambliss,,,,,,,,,,,,,,,,
,,,,,,,,,,,,,,,,
QB,,,,,,,,,,,,,,,,
MISS,,,,,,,,,,,,,,,,
Bye 5,,,,,,,,,,,,,,,,
,,,,,,,,,,,,,,,,
,48,33,5,299.3,3388,19.8,4.1,94,338,8.9,0,0,0,0,1.7,1.1
,,,,,,,,,,,,,,,,
[T. Green],,,,,,,,,,,,,,,,
T. Green,,,,,,,,,,,,,,,,
,,,,,,,,,,,,,,,,
TE,,,,,,,,,,,,,,,,
LSU,,,,,,,,,,,,,,,,
Bye 9,,,,,,,,,,,,,,,,
,,,,,,,,,,,,,,,,
,33,34.4,9,111.7,0,0,0,0,0,0,36.4,548,6.4,0,0.4,0.2
,,,,,,,,,,,,,,,,
[J. Jackson],,,,,,,,,,,,,,,,
J. Jackson,,,,,,,,,,,,,,,,
,,,,,,,,,,,,,,,,
RB,,,,,,,,,,,,,,,,
KSU,,,,,,,,,,,,,,,,
Bye 5,,,,,,,,,,,,,,,,
,,,,,,,,,,,,,,,,
,31,34.9,5,184.83,0,0,0,173,901,9.5,24,187,1.4,0,0.6,1.3
,,,,,,,,,,,,,,,,
[C. Becker],,,,,,,,,,,,,,,,
C. Becker,,,,,,,,,,,,,,,,
,,,,,,,,,,,,,,,,
WR,,,,,,,,,,,,,,,,
IND,,,,,,,,,,,,,,,,
Bye 10,,,,,,,,,,,,,,,,
,,,,,,,,,,,,,,,,
,38,37.4,10,146.94,0,0,0,0,0,0,47,700,8.8,0,0.5,0.2
,,,,,,,,,,,,,,,,
[D. Hill Jr.],,,,,,,,,,,,,,,,
D. Hill Jr.,,,,,,,,,,,,,,,,
,,,,,,,,,,,,,,,,
RB,,,,,,,,,,,,,,,,
ORE,,,,,,,,,,,,,,,,
Bye 5,,,,,,,,,,,,,,,,
,,,,,,,,,,,,,,,,
,34,38.2,5,162.61,0,0,0,133,837,8.5,16.6,108,1.6,0.1,0.6,1
,,,,,,,,,,,,,,,,
[R. Coleman-Williams],,,,,,,,,,,,,,,,
R. Coleman-Williams,,,,,,,,,,,,,,,,
,,,,,,,,,,,,,,,,
WR,,,,,,,,,,,,,,,,
ALA,,,,,,,,,,,,,,,,
Bye 9,,,,,,,,,,,,,,,,
,,,,,,,,,,,,,,,,
,40,38.3,9,146.41,0,0,0,1.9,12.1,0.1,47.2,736,7.6,0.2,0.5,0.2
,,,,,,,,,,,,,,,,
[W. Jordan],,,,,,,,,,,,,,,,
W. Jordan,,,,,,,,,,,,,,,,
,,,,,,,,,,,,,,,,
RB,,,,,,,,,,,,,,,,
USC,,,,,,,,,,,,,,,,
Bye 7,,,,,,,,,,,,,,,,
,,,,,,,,,,,,,,,,
,29,39.5,7,160.74,0,0,0,149,952,8.3,11.3,86.4,0.5,0,0.5,1.1
,,,,,,,,,,,,,,,,
[M. Craver],,,,,,,,,,,,,,,,
M. Craver,,,,,,,,,,,,,,,,
,,,,,,,,,,,,,,,,
WR,,,,,,,,,,,,,,,,
TAMU,,,,,,,,,,,,,,,,
Bye 9,,,,,,,,,,,,,,,,
,,,,,,,,,,,,,,,,
,43,40.7,9,176.66,0,0,0,10.6,76.6,0.4,71.1,891,6.9,0,0.4,0.3
,,,,,,,,,,,,,,,,
[D. Robinson],,,,,,,,,,,,,,,,
D. Robinson,,,,,,,,,,,,,,,,
,,,,,,,,,,,,,,,,
WR,,,,,,,,,,,,,,,,
FSU,,,,,,,,,,,,,,,,
Bye 2,,,,,,,,,,,,,,,,
,,,,,,,,,,,,,,,,
,39,41.1,2,162.05,0,0,0,0,0,0,58.4,968,6,0,0.4,0.2
,,,,,,,,,,,,,,,,
[J. Scott],,,,,,,,,,,,,,,,
J. Scott,,,,,,,,,,,,,,,,
,,,,,,,,,,,,,,,,
RB,,,,,,,,,,,,,,,,
NCST,,,,,,,,,,,,,,,,
Bye 1,,,,,,,,,,,,,,,,
,,,,,,,,,,,,,,,,
,23,41.2,1,185.22,0,0,0,177,975,6.9,32.8,269,0.7,0.1,0.4,1.4
,,,,,,,,,,,,,,,,
[W. Parker],,,,,,,,,,,,,,,,
W. Parker,,,,,,,,,,,,,,,,
,,,,,,,,,,,,,,,,
RB,,,,,,,,,,,,,,,,
UTAH,,,,,,,,,,,,,,,,
Bye 5,,,,,,,,,,,,,,,,
,,,,,,,,,,,,,,,,
,47,41.3,5,178.42,0,0,0,144,968,6.2,25.1,213,2,0,0.5,1.1
,,,,,,,,,,,,,,,,
[J. Davison],,,,,,,,,,,,,,,,
J. Davison,,,,,,,,,,,,,,,,
,,,,,,,,,,,,,,,,
RB,,,,,,,,,,,,,,,,
ORE,,,,,,,,,,,,,,,,
Bye 5,,,,,,,,,,,,,,,,
,,,,,,,,,,,,,,,,
,37,41.3,5,183.19,0,0,0,144,862,13.7,11.4,61.5,0.6,0,0.8,1
,,,,,,,,,,,,,,,,
[K. Moulton],,,,,,,,,,,,,,,,
K. Moulton,,,,,,,,,,,,,,,,
,,,,,,,,,,,,,,,,
RB,,,,,,,,,,,,,,,,
IOWA,,,,,,,,,,,,,,,,
Bye 7,,,,,,,,,,,,,,,,
,,,,,,,,,,,,,,,,
,36,43.7,7,170.42,0,0,0,177,874,10.6,17,107,0.2,0,0.6,1.3
,,,,,,,,,,,,,,,,
[B. Wesco Jr.],,,,,,,,,,,,,,,,
B. Wesco Jr.,,,,,,,,,,,,,,,,
,,,,,,,,,,,,,,,,
WR,,,,,,,,,,,,,,,,
CLEM,,,,,,,,,,,,,,,,
Bye 6,,,,,,,,,,,,,,,,
,,,,,,,,,,,,,,,,
,41,44.8,6,164.97,0,0,0,1.1,4.4,0,53.4,875,8,0.2,0.5,0.2
,,,,,,,,,,,,,,,,
[J. Johnson],,,,,,,,,,,,,,,,
J. Johnson,,,,,,,,,,,,,,,,
,,,,,,,,,,,,,,,,
TE,,,,,,,,,,,,,,,,
ORE,,,,,,,,,,,,,,,,
Bye 5,,,,,,,,,,,,,,,,
,,,,,,,,,,,,,,,,
,44,45.1,5,109.77,0,0,0,0,0,0,46.7,489,6.2,0,0.4,0.2
,,,,,,,,,,,,,,,,
[J. Dwyer],,,,,,,,,,,,,,,,
J. Dwyer,,,,,,,,,,,,,,,,
,,,,,,,,,,,,,,,,
WR,,,,,,,,,,,,,,,,
TCU,,,,,,,,,,,,,,,,
Bye 1,,,,,,,,,,,,,,,,
,,,,,,,,,,,,,,,,
,46,46,1,167.79,0,0,0,0,0,0,61.7,896,7.6,0.2,0.4,0.3
,,,,,,,,,,,,,,,,
[D. Moore],,,,,,,,,,,,,,,,
D. Moore,,,,,,,,,,,,,,,,
,,,,,,,,,,,,,,,,
WR,,,,,,,,,,,,,,,,
ORE,,,,,,,,,,,,,,,,
Bye 5,,,,,,,,,,,,,,,,
,,,,,,,,,,,,,,,,
,42,46.4,5,137.04,0,0,0,4,33.4,0.2,47.9,764,5.4,0,0.3,0.2
,,,,,,,,,,,,,,,,
[J. Payne],,,,,,,,,,,,,,,,
J. Payne,,,,,,,,,,,,,,,,
,,,,,,,,,,,,,,,,
RB,,,,,,,,,,,,,,,,
TCU,,,,,,,,,,,,,,,,
Bye 1,,,,,,,,,,,,,,,,
,,,,,,,,,,,,,,,,
,35,47.5,1,169.65,0,0,0,178,923,7.1,20,189,1.2,0,0.5,1.3
,,,,,,,,,,,,,,,,
[C. Dickey],,,,,,,,,,,,,,,,
C. Dickey,,,,,,,,,,,,,,,,
,,,,,,,,,,,,,,,,
RB,,,,,,,,,,,,,,,,
TTU,,,,,,,,,,,,,,,,
Bye 6,,,,,,,,,,,,,,,,
,,,,,,,,,,,,,,,,
,49,47.7,6,183.68,0,0,0,157,895,11,14.3,141,1.3,0,0.7,1.1
,,,,,,,,,,,,,,,,
[T. Carter Jr.],,,,,,,,,,,,,,,,
T. Carter Jr.,,,,,,,,,,,,,,,,
,,,,,,,,,,,,,,,,
TE,,,,,,,,,,,,,,,,
TTU,,,,,,,,,,,,,,,,
Bye 6,,,,,,,,,,,,,,,,
,,,,,,,,,,,,,,,,
,45,49.8,6,104.4,0,0,0,1.1,6.8,0,43.6,528,4.8,0,0.3,0.2
,,,,,,,,,,,,,,,,
[D. Dampier],,,,,,,,,,,,,,,,
D. Dampier,,,,,,,,,,,,,,,,
,,,,,,,,,,,,,,,,
QB,,,,,,,,,,,,,,,,
UTAH,,,,,,,,,,,,,,,,
Bye 5,,,,,,,,,,,,,,,,
,,,,,,,,,,,,,,,,
,58,50.8,5,303.31,2543,20.6,6.2,154,817,8,0,0,0,0,1.7,4
,,,,,,,,,,,,,,,,
[C. Barkate],,,,,,,,,,,,,,,,
C. Barkate,,,,,,,,,,,,,,,,
,,,,,,,,,,,,,,,,
WR,,,,,,,,,,,,,,,,
MIA,,,,,,,,,,,,,,,,
Bye 6,,,,,,,,,,,,,,,,
,,,,,,,,,,,,,,,,
,52,54.2,6,142.5,0,0,0,2.5,10.1,0.1,53,781,6,0,0.4,0.2
,,,,,,,,,,,,,,,,
[T. Richardson],,,,,,,,,,,,,,,,
T. Richardson,,,,,,,,,,,,,,,,
,,,,,,,,,,,,,,,,
WR,,,,,,,,,,,,,,,,
LOU,,,,,,,,,,,,,,,,
Bye 8,,,,,,,,,,,,,,,,
,,,,,,,,,,,,,,,,
,50,55,8,143.57,0,0,0,12.7,48.4,0.5,67.8,757,4.3,0.1,0.3,0.3
,,,,,,,,,,,,,,,,
[D. Vonnahme],,,,,,,,,,,,,,,,
D. Vonnahme,,,,,,,,,,,,,,,,
,,,,,,,,,,,,,,,,
TE,,,,,,,,,,,,,,,,
IOWA,,,,,,,,,,,,,,,,
Bye 7,,,,,,,,,,,,,,,,
,,,,,,,,,,,,,,,,
,53,56.7,7,106.81,0,0,0,0,0,0,41.5,560,5,0,0.3,0.2
,,,,,,,,,,,,,,,,
[D. Mestemaker],,,,,,,,,,,,,,,,
D. Mestemaker,,,,,,,,,,,,,,,,
,,,,,,,,,,,,,,,,
QB,,,,,,,,,,,,,,,,
OKST,,,,,,,,,,,,,,,,
Bye 5,,,,,,,,,,,,,,,,
,,,,,,,,,,,,,,,,
,67,57.3,5,283.51,3569,28.3,9.6,54.2,59.6,4.9,0,0,0,0,2,1
,,,,,,,,,,,,,,,,
[A. Evans III],,,,,,,,,,,,,,,,
A. Evans III,,,,,,,,,,,,,,,,
,,,,,,,,,,,,,,,,
WR,,,,,,,,,,,,,,,,
MSST,,,,,,,,,,,,,,,,
Bye 6,,,,,,,,,,,,,,,,
,,,,,,,,,,,,,,,,
,51,58.1,6,146.34,0,0,0,6.2,41.9,0.2,57.8,801,5,0.3,0.3,0.3
,,,,,,,,,,,,,,,,
[J. Roberts],,,,,,,,,,,,,,,,
J. Roberts,,,,,,,,,,,,,,,,
,,,,,,,,,,,,,,,,
RB,,,,,,,,,,,,,,,,
MIZZ,,,,,,,,,,,,,,,,
Bye 8,,,,,,,,,,,,,,,,
,,,,,,,,,,,,,,,,
,30,59.3,8,148.62,0,0,0,146,864,6.6,17.6,138,0.3,0,0.4,1.1
,,,,,,,,,,,,,,,,
[A. Hardy],,,,,,,,,,,,,,,,
A. Hardy,,,,,,,,,,,,,,,,
,,,,,,,,,,,,,,,,
RB,,,,,,,,,,,,,,,,
MIZZ,,,,,,,,,,,,,,,,
Bye 8,,,,,,,,,,,,,,,,
,,,,,,,,,,,,,,,,
,85,59.7,8,139.84,0,0,0,140,854,8.3,6.1,22.9,0.1,0,0.5,1
,,,,,,,,,,,,,,,,
[N. Frazier],,,,,,,,,,,,,,,,
N. Frazier,,,,,,,,,,,,,,,,
,,,,,,,,,,,,,,,,
RB,,,,,,,,,,,,,,,,
UGA,,,,,,,,,,,,,,,,
Bye 8,,,,,,,,,,,,,,,,
,,,,,,,,,,,,,,,,
,56,59.8,8,158.18,0,0,0,167,934,6.7,17.7,116,1,0,0.5,1.2
,,,,,,,,,,,,,,,,
[C. Weigman],,,,,,,,,,,,,,,,
C. Weigman,,,,,,,,,,,,,,,,
,,,,,,,,,,,,,,,,
QB,,,,,,,,,,,,,,,,
HOU,,,,,,,,,,,,,,,,
Bye 9,,,,,,,,,,,,,,,,
,,,,,,,,,,,,,,,,
,109,62,9,304.19,2637,22.1,10,156,639,9.7,0,0,0,0,1.9,2.6
,,,,,,,,,,,,,,,,
[D. Wade],,,,,,,,,,,,,,,,
D. Wade,,,,,,,,,,,,,,,,
,,,,,,,,,,,,,,,,
TE,,,,,,,,,,,,,,,,
UCF,,,,,,,,,,,,,,,,
Bye 7,,,,,,,,,,,,,,,,
,,,,,,,,,,,,,,,,
,95,64.3,7,106.93,0,0,0,0,0,0,43.6,542,5.1,0,0.3,0.2
,,,,,,,,,,,,,,,,
[O. Miller],,,,,,,,,,,,,,,,
O. Miller,,,,,,,,,,,,,,,,
,,,,,,,,,,,,,,,,
WR,,,,,,,,,,,,,,,,
ASU,,,,,,,,,,,,,,,,
Bye 4,,,,,,,,,,,,,,,,
,,,,,,,,,,,,,,,,
,55,66.3,4,139.88,0,0,0,0,0,0,55.2,735,6.4,0,0.4,0.2
,,,,,,,,,,,,,,,,
[S. Leavitt],,,,,,,,,,,,,,,,
S. Leavitt,,,,,,,,,,,,,,,,
,,,,,,,,,,,,,,,,
QB,,,,,,,,,,,,,,,,
LSU,,,,,,,,,,,,,,,,
Bye 9,,,,,,,,,,,,,,,,
,,,,,,,,,,,,,,,,
,106,67.2,9,274.13,3569,20.3,4.5,84.6,313,4,0,0,0,0,1.4,1.8
,,,,,,,,,,,,,,,,
[Notre Dame],,,,,,,,,,,,,,,,
Notre Dame,,,,,,,,,,,,,,,,
,,,,,,,,,,,,,,,,
OFF,,,,,,,,,,,,,,,,
Bye 8,,,,,,,,,,,,,,,,
,,,,,,,,,,,,,,,,
,99,67.4,8,185.87,,,,,,,,,,,,
,,,,,,,,,,,,,,,,
[B. Brahmer],,,,,,,,,,,,,,,,
B. Brahmer,,,,,,,,,,,,,,,,
,,,,,,,,,,,,,,,,
TE,,,,,,,,,,,,,,,,
PSU,,,,,,,,,,,,,,,,
Bye 8,,,,,,,,,,,,,,,,
,,,,,,,,,,,,,,,,
,96,67.8,8,97.9,0,0,0,1,0,0,37.1,448,5.7,0,0.3,0.2
,,,,,,,,,,,,,,,,
[T. Hines],,,,,,,,,,,,,,,,
T. Hines,,,,,,,,,,,,,,,,
,,,,,,,,,,,,,,,,
WR,,,,,,,,,,,,,,,,
USC,,,,,,,,,,,,,,,,
Bye 7,,,,,,,,,,,,,,,,
,,,,,,,,,,,,,,,,
,64,68.6,7,145.88,0,0,0,0,0,0,53,830,5.9,0.1,0.3,0.2
,,,,,,,,,,,,,,,,
[Indiana],,,,,,,,,,,,,,,,
Indiana,,,,,,,,,,,,,,,,
,,,,,,,,,,,,,,,,
OFF,,,,,,,,,,,,,,,,
Bye 10,,,,,,,,,,,,,,,,
,,,,,,,,,,,,,,,,
,104,71.7,10,191.61,,,,,,,,,,,,
,,,,,,,,,,,,,,,,
[Ohio State],,,,,,,,,,,,,,,,
Ohio State,,,,,,,,,,,,,,,,
,,,,,,,,,,,,,,,,
OFF,,,,,,,,,,,,,,,,
Bye 8,,,,,,,,,,,,,,,,
,,,,,,,,,,,,,,,,
,113,72.3,8,166.97,,,,,,,,,,,,
,,,,,,,,,,,,,,,,
[Oregon],,,,,,,,,,,,,,,,
Oregon,,,,,,,,,,,,,,,,
,,,,,,,,,,,,,,,,
OFF,,,,,,,,,,,,,,,,
Bye 5,,,,,,,,,,,,,,,,
,,,,,,,,,,,,,,,,
,167,73.6,5,194,,,,,,,,,,,,
,,,,,,,,,,,,,,,,
[R. Brown],,,,,,,,,,,,,,,,
R. Brown,,,,,,,,,,,,,,,,
,,,,,,,,,,,,,,,,
RB,,,,,,,,,,,,,,,,
TEX,,,,,,,,,,,,,,,,
Bye 5,,,,,,,,,,,,,,,,
,,,,,,,,,,,,,,,,
,57,74.5,5,123.51,0,0,0,115,642,4.6,19.7,145,1.3,0.1,0.3,0.9
,,,,,,,,,,,,,,,,
[D. Roebuck],,,,,,,,,,,,,,,,
D. Roebuck,,,,,,,,,,,,,,,,
,,,,,,,,,,,,,,,,
WR,,,,,,,,,,,,,,,,
UW,,,,,,,,,,,,,,,,
Bye 8,,,,,,,,,,,,,,,,
,,,,,,,,,,,,,,,,
,54,74.5,8,147.31,0,0,0,2.1,10.1,0.1,54.3,727,7.4,0.2,0.4,0.2
,,,,,,,,,,,,,,,,
[D. Alexander],,,,,,,,,,,,,,,,
D. Alexander,,,,,,,,,,,,,,,,
,,,,,,,,,,,,,,,,
WR,,,,,,,,,,,,,,,,
MISS,,,,,,,,,,,,,,,,
Bye 5,,,,,,,,,,,,,,,,
,,,,,,,,,,,,,,,,
,60,75.1,5,137.45,0,0,0,1.1,7.6,0,51.8,798,5.1,0,0.3,0.2
,,,,,,,,,,,,,,,,
[Texas Tech],,,,,,,,,,,,,,,,
Texas Tech,,,,,,,,,,,,,,,,
,,,,,,,,,,,,,,,,
OFF,,,,,,,,,,,,,,,,
Bye 6,,,,,,,,,,,,,,,,
,,,,,,,,,,,,,,,,
,125,75.2,6,197.79,,,,,,,,,,,,
,,,,,,,,,,,,,,,,
[C. Komolafe],,,,,,,,,,,,,,,,
C. Komolafe,,,,,,,,,,,,,,,,
,,,,,,,,,,,,,,,,
RB,,,,,,,,,,,,,,,,
NW,,,,,,,,,,,,,,,,
Bye 2,,,,,,,,,,,,,,,,
,,,,,,,,,,,,,,,,
,73,75.6,2,182.23,0,0,0,213,1022,11.1,9.8,71.4,0.5,0,0.7,1.5
,,,,,,,,,,,,,,,,
[D. Williams],,,,,,,,,,,,,,,,
D. Williams,,,,,,,,,,,,,,,,
,,,,,,,,,,,,,,,,
RB,,,,,,,,,,,,,,,,
UMD,,,,,,,,,,,,,,,,
Bye 8,,,,,,,,,,,,,,,,
,,,,,,,,,,,,,,,,
,66,76.4,8,166.37,0,0,0,180,775,6,35.3,325,0.8,0,0.4,1.4
,,,,,,,,,,,,,,,,
[M. Hawkins],,,,,,,,,,,,,,,,
M. Hawkins,,,,,,,,,,,,,,,,
,,,,,,,,,,,,,,,,
RB,,,,,,,,,,,,,,,,
VT,,,,,,,,,,,,,,,,
Bye 9,,,,,,,,,,,,,,,,
,,,,,,,,,,,,,,,,
,59,76.7,9,160.2,0,0,0,163,961,7.3,14.6,109,0.6,0,0.5,1.2
,,,,,,,,,,,,,,,,
[D. Williams Jr.],,,,,,,,,,,,,,,,
D. Williams Jr.,,,,,,,,,,,,,,,,
,,,,,,,,,,,,,,,,
QB,,,,,,,,,,,,,,,,
UW,,,,,,,,,,,,,,,,
Bye 8,,,,,,,,,,,,,,,,
,,,,,,,,,,,,,,,,
,112,79.2,8,284.38,2846,20.4,8.5,139,612,6.1,0,0,0,0,1.6,1.8
,,,,,,,,,,,,,,,,
[H. Smothers],,,,,,,,,,,,,,,,
H. Smothers,,,,,,,,,,,,,,,,
,,,,,,,,,,,,,,,,
RB,,,,,,,,,,,,,,,,
TEX,,,,,,,,,,,,,,,,
Bye 5,,,,,,,,,,,,,,,,
,,,,,,,,,,,,,,,,
,61,79.3,5,159.66,0,0,0,159,874,6.4,24.4,146,1.5,0,0.5,1.2
,,,,,,,,,,,,,,,,
[K. Taylor],,,,,,,,,,,,,,,,
K. Taylor,,,,,,,,,,,,,,,,
,,,,,,,,,,,,,,,,
QB,,,,,,,,,,,,,,,,
MSST,,,,,,,,,,,,,,,,
Bye 6,,,,,,,,,,,,,,,,
,,,,,,,,,,,,,,,,
,116,83.6,6,297.14,2468,16.2,8.1,177,743,11.5,0,0,0,0,1.6,2.5
,,,,,,,,,,,,,,,,
[N. Harbor],,,,,,,,,,,,,,,,
N. Harbor,,,,,,,,,,,,,,,,
,,,,,,,,,,,,,,,,
WR,,,,,,,,,,,,,,,,
SC,,,,,,,,,,,,,,,,
Bye 7,,,,,,,,,,,,,,,,
,,,,,,,,,,,,,,,,
,71,83.7,7,151.59,0,0,0,0,0,0,53.6,836,6.7,0.1,0.4,0.2
,,,,,,,,,,,,,,,,
[Y. Knight],,,,,,,,,,,,,,,,
Y. Knight,,,,,,,,,,,,,,,,
,,,,,,,,,,,,,,,,
WR,,,,,,,,,,,,,,,,
SMU,,,,,,,,,,,,,,,,
Bye 6,,,,,,,,,,,,,,,,
,,,,,,,,,,,,,,,,
,79,86,6,158.95,0,0,0,0.9,1.9,0,70.2,795,7,0.2,0.4,0.3
,,,,,,,,,,,,,,,,
[T. Richard],,,,,,,,,,,,,,,,
T. Richard,,,,,,,,,,,,,,,,
,,,,,,,,,,,,,,,,
RB,,,,,,,,,,,,,,,,
IND,,,,,,,,,,,,,,,,
Bye 10,,,,,,,,,,,,,,,,
,,,,,,,,,,,,,,,,
,62,86,10,154.27,0,0,0,159,890,7,13.6,159,0.3,0,0.4,1.1
,,,,,,,,,,,,,,,,
[Notre Dame],,,,,,,,,,,,,,,,
Notre Dame,,,,,,,,,,,,,,,,
,,,,,,,,,,,,,,,,
DEF,,,,,,,,,,,,,,,,
Bye 8,,,,,,,,,,,,,,,,
,,,,,,,,,,,,,,,,
,127,86.2,8,165.25,,,,,,,,,,,,
,,,,,,,,,,,,,,,,
[D. Moore],,,,,,,,,,,,,,,,
D. Moore,,,,,,,,,,,,,,,,
,,,,,,,,,,,,,,,,
QB,,,,,,,,,,,,,,,,
ORE,,,,,,,,,,,,,,,,
Bye 5,,,,,,,,,,,,,,,,
,,,,,,,,,,,,,,,,
,134,87.4,5,246.94,3019,26.4,6.3,59.4,202,1.1,0,0,0,0,1.6,1.5
,,,,,,,,,,,,,,,,
[Miami (FL)],,,,,,,,,,,,,,,,
Miami (FL),,,,,,,,,,,,,,,,
,,,,,,,,,,,,,,,,
OFF,,,,,,,,,,,,,,,,
Bye 6,,,,,,,,,,,,,,,,
,,,,,,,,,,,,,,,,
,178,87.5,6,169.08,,,,,,,,,,,,
,,,,,,,,,,,,,,,,
[Texas],,,,,,,,,,,,,,,,
Texas,,,,,,,,,,,,,,,,
,,,,,,,,,,,,,,,,
OFF,,,,,,,,,,,,,,,,
Bye 5,,,,,,,,,,,,,,,,
,,,,,,,,,,,,,,,,
,195,88.7,5,176.72,,,,,,,,,,,,
,,,,,,,,,,,,,,,,
[L. Reynolds],,,,,,,,,,,,,,,,
L. Reynolds,,,,,,,,,,,,,,,,
,,,,,,,,,,,,,,,,
TE,,,,,,,,,,,,,,,,
VT,,,,,,,,,,,,,,,,
Bye 9,,,,,,,,,,,,,,,,
,,,,,,,,,,,,,,,,
,115,90.2,9,93.98,0,0,0,0,0,0,37.8,455,4.9,0,0.3,0.2
,,,,,,,,,,,,,,,,
[G. Wilde],,,,,,,,,,,,,,,,
G. Wilde,,,,,,,,,,,,,,,,
,,,,,,,,,,,,,,,,
WR,,,,,,,,,,,,,,,,
NW,,,,,,,,,,,,,,,,
Bye 2,,,,,,,,,,,,,,,,
,,,,,,,,,,,,,,,,
,65,90.9,2,145.58,0,0,0,3.7,16.8,0.1,60.3,772,5.9,0,0.4,0.3
,,,,,,,,,,,,,,,,
[L. Brooks],,,,,,,,,,,,,,,,
L. Brooks,,,,,,,,,,,,,,,,
,,,,,,,,,,,,,,,,
WR,,,,,,,,,,,,,,,,
ALA,,,,,,,,,,,,,,,,
Bye 9,,,,,,,,,,,,,,,,
,,,,,,,,,,,,,,,,
,72,92.5,9,136.32,0,0,0,16.8,55.4,0.7,56.3,665,5.2,0.1,0.3,0.3
,,,,,,,,,,,,,,,,
[F. Bothwell],,,,,,,,,,,,,,,,
F. Bothwell,,,,,,,,,,,,,,,,
,,,,,,,,,,,,,,,,
RB,,,,,,,,,,,,,,,,
MSST,,,,,,,,,,,,,,,,
Bye 6,,,,,,,,,,,,,,,,
,,,,,,,,,,,,,,,,
,68,92.6,6,0,0,0,0,0,0,0,0,0,0,0,0,0
,,,,,,,,,,,,,,,,
[Ole Miss],,,,,,,,,,,,,,,,
Ole Miss,,,,,,,,,,,,,,,,
,,,,,,,,,,,,,,,,
OFF,,,,,,,,,,,,,,,,
Bye 5,,,,,,,,,,,,,,,,
,,,,,,,,,,,,,,,,
,220,93.3,5,185.3,,,,,,,,,,,,
,,,,,,,,,,,,,,,,
[D. Scudero],,,,,,,,,,,,,,,,
D. Scudero,,,,,,,,,,,,,,,,
,,,,,,,,,,,,,,,,
WR,,,,,,,,,,,,,,,,
COLO,,,,,,,,,,,,,,,,
Bye 6,,,,,,,,,,,,,,,,
,,,,,,,,,,,,,,,,
,81,96.7,6,133.4,0,0,0,4.1,16.5,0.2,61,734,4.5,0,0.3,0.3
,,,,,,,,,,,,,,,,
[K. Brown],,,,,,,,,,,,,,,,
K. Brown,,,,,,,,,,,,,,,,
,,,,,,,,,,,,,,,,
RB,,,,,,,,,,,,,,,,
ASU,,,,,,,,,,,,,,,,
Bye 4,,,,,,,,,,,,,,,,
,,,,,,,,,,,,,,,,
,80,96.9,4,172.05,0,0,0,179,806,6.8,32.6,250,1.9,0,0.5,1.4
,,,,,,,,,,,,,,,,
[R. Wingo],,,,,,,,,,,,,,,,
R. Wingo,,,,,,,,,,,,,,,,
,,,,,,,,,,,,,,,,
WR,,,,,,,,,,,,,,,,
TEX,,,,,,,,,,,,,,,,
Bye 5,,,,,,,,,,,,,,,,
,,,,,,,,,,,,,,,,
,88,97.2,5,134.58,0,0,0,7.2,68,0.3,44.2,671,6.1,0,0.4,0.2
,,,,,,,,,,,,,,,,
[Ohio State],,,,,,,,,,,,,,,,
Ohio State,,,,,,,,,,,,,,,,
,,,,,,,,,,,,,,,,
DEF,,,,,,,,,,,,,,,,
Bye 8,,,,,,,,,,,,,,,,
,,,,,,,,,,,,,,,,
,107,97.9,8,121.43,,,,,,,,,,,,
,,,,,,,,,,,,,,,,
[J. Maiava],,,,,,,,,,,,,,,,
J. Maiava,,,,,,,,,,,,,,,,
,,,,,,,,,,,,,,,,
QB,,,,,,,,,,,,,,,,
USC,,,,,,,,,,,,,,,,
Bye 7,,,,,,,,,,,,,,,,
,,,,,,,,,,,,,,,,
,120,98.3,7,244.22,3090,20.7,7.8,49.6,134,5.4,0,0,0,0,1.5,1.4
,,,,,,,,,,,,,,,,
[J. Mateer],,,,,,,,,,,,,,,,
J. Mateer,,,,,,,,,,,,,,,,
,,,,,,,,,,,,,,,,
QB,,,,,,,,,,,,,,,,
OU,,,,,,,,,,,,,,,,
Bye 5,,,,,,,,,,,,,,,,
,,,,,,,,,,,,,,,,
,129,98.9,5,288.77,3030,17.7,11,152,517,9.3,0,0,0,0,1.6,1.4
,,,,,,,,,,,,,,,,
[J. Shipp],,,,,,,,,,,,,,,,
J. Shipp,,,,,,,,,,,,,,,,
,,,,,,,,,,,,,,,,
WR,,,,,,,,,,,,,,,,
UNC,,,,,,,,,,,,,,,,
Bye 1,,,,,,,,,,,,,,,,
,,,,,,,,,,,,,,,,
,70,99.1,1,129.25,0,0,0,0,0,0,53.8,715,5,0.1,0.3,0.2
,,,,,,,,,,,,,,,,
[G. Davidson],,,,,,,,,,,,,,,,
G. Davidson,,,,,,,,,,,,,,,,
,,,,,,,,,,,,,,,,
RB,,,,,,,,,,,,,,,,
CLEM,,,,,,,,,,,,,,,,
Bye 6,,,,,,,,,,,,,,,,
,,,,,,,,,,,,,,,,
,69,99.3,6,150.47,0,0,0,174,801,8.9,22.1,26,0.8,0,0.6,1.3
,,,,,,,,,,,,,,,,
[P. Overmyer],,,,,,,,,,,,,,,,
P. Overmyer,,,,,,,,,,,,,,,,
,,,,,,,,,,,,,,,,
TE,,,,,,,,,,,,,,,,
HOU,,,,,,,,,,,,,,,,
Bye 9,,,,,,,,,,,,,,,,
,,,,,,,,,,,,,,,,
,132,102.4,9,82.63,0,0,0,0,0,0,41,413,3.5,0,0.2,0.2
,,,,,,,,,,,,,,,,
[M. Matthews],,,,,,,,,,,,,,,,
M. Matthews,,,,,,,,,,,,,,,,
,,,,,,,,,,,,,,,,
WR,,,,,,,,,,,,,,,,
TENN,,,,,,,,,,,,,,,,
Bye 9,,,,,,,,,,,,,,,,
,,,,,,,,,,,,,,,,
,74,103.9,9,129.06,0,0,0,2.2,26,0.1,50,752,4.3,0,0.3,0.2
,,,,,,,,,,,,,,,,
[C. Hansen],,,,,,,,,,,,,,,,
C. Hansen,,,,,,,,,,,,,,,,
,,,,,,,,,,,,,,,,
RB,,,,,,,,,,,,,,,,
PSU,,,,,,,,,,,,,,,,
Bye 8,,,,,,,,,,,,,,,,
,,,,,,,,,,,,,,,,
,77,104.2,8,163.05,0,0,0,185,962,7.4,17.7,127,0.4,0.1,0.5,1.3
,,,,,,,,,,,,,,,,
[I. Strong],,,,,,,,,,,,,,,,
I. Strong,,,,,,,,,,,,,,,,
,,,,,,,,,,,,,,,,
WR,,,,,,,,,,,,,,,,
CAL,,,,,,,,,,,,,,,,
Bye 10,,,,,,,,,,,,,,,,
,,,,,,,,,,,,,,,,
,78,105.3,10,145.25,0,0,0,0,0,0,56.3,836,5.5,0,0.3,0.2
,,,,,,,,,,,,,,,,
[W. Rodriguez],,,,,,,,,,,,,,,,
W. Rodriguez,,,,,,,,,,,,,,,,
,,,,,,,,,,,,,,,,
TE,,,,,,,,,,,,,,,,
UK,,,,,,,,,,,,,,,,
Bye 9,,,,,,,,,,,,,,,,
,,,,,,,,,,,,,,,,
,126,106,9,81.38,0,0,0,0,0,0,35.7,432,3.4,0,0.2,0.1
,,,,,,,,,,,,,,,,
[R. Harris],,,,,,,,,,,,,,,,
R. Harris,,,,,,,,,,,,,,,,
,,,,,,,,,,,,,,,,
WR,,,,,,,,,,,,,,,,
ASU,,,,,,,,,,,,,,,,
Bye 4,,,,,,,,,,,,,,,,
,,,,,,,,,,,,,,,,
,75,106.6,4,134.93,0,0,0,1.1,4,0,52.9,707,6.1,0,0.4,0.2
,,,,,,,,,,,,,,,,
[G. Stockton],,,,,,,,,,,,,,,,
G. Stockton,,,,,,,,,,,,,,,,
,,,,,,,,,,,,,,,,
QB,,,,,,,,,,,,,,,,
UGA,,,,,,,,,,,,,,,,
Bye 8,,,,,,,,,,,,,,,,
,,,,,,,,,,,,,,,,
,128,109,8,256.3,2618,19.8,7.1,102,368,7.1,0,0,0,0,1.6,1.4
,,,,,,,,,,,,,,,,
[J. Sayin],,,,,,,,,,,,,,,,
J. Sayin,,,,,,,,,,,,,,,,
,,,,,,,,,,,,,,,,
QB,,,,,,,,,,,,,,,,
OSU,,,,,,,,,,,,,,,,
Bye 8,,,,,,,,,,,,,,,,
,,,,,,,,,,,,,,,,
,223,109.4,8,246.01,3156,30.1,7.1,31,21.7,0.3,0,0,0,0,1.8,0.7
,,,,,,,,,,,,,,,,
[E. Dickens],,,,,,,,,,,,,,,,
E. Dickens,,,,,,,,,,,,,,,,
,,,,,,,,,,,,,,,,
RB,,,,,,,,,,,,,,,,
BC,,,,,,,,,,,,,,,,
Bye 6,,,,,,,,,,,,,,,,
,,,,,,,,,,,,,,,,
,123,111,6,172.44,0,0,0,173,846,7.8,29.3,180,1.7,0,0.6,1.3
,,,,,,,,,,,,,,,,
[D. Fleming],,,,,,,,,,,,,,,,
D. Fleming,,,,,,,,,,,,,,,,
,,,,,,,,,,,,,,,,
TE,,,,,,,,,,,,,,,,
UMD,,,,,,,,,,,,,,,,
Bye 8,,,,,,,,,,,,,,,,
,,,,,,,,,,,,,,,,
,146,111.4,8,78.6,0,0,0,0,0,0,36.5,419,3.1,0,0.2,0.2
,,,,,,,,,,,,,,,,
[J. Brown],,,,,,,,,,,,,,,,
J. Brown,,,,,,,,,,,,,,,,
,,,,,,,,,,,,,,,,
WR,,,,,,,,,,,,,,,,
LSU,,,,,,,,,,,,,,,,
Bye 9,,,,,,,,,,,,,,,,
,,,,,,,,,,,,,,,,
,82,111.8,9,137.68,0,0,0,15.3,76.5,0.6,52.8,811,2.9,0.2,0.2,0.3
,,,,,,,,,,,,,,,,
[B. Staley],,,,,,,,,,,,,,,,
B. Staley,,,,,,,,,,,,,,,,
,,,,,,,,,,,,,,,,
WR,,,,,,,,,,,,,,,,
TENN,,,,,,,,,,,,,,,,
Bye 9,,,,,,,,,,,,,,,,
,,,,,,,,,,,,,,,,
,89,113.6,9,138.83,0,0,0,0,0,0,61.4,764,5.3,0,0.3,0.3
,,,,,,,,,,,,,,,,
[Georgia],,,,,,,,,,,,,,,,
Georgia,,,,,,,,,,,,,,,,
,,,,,,,,,,,,,,,,
OFF,,,,,,,,,,,,,,,,
Bye 8,,,,,,,,,,,,,,,,
,,,,,,,,,,,,,,,,
,228,113.8,8,155.92,,,,,,,,,,,,
,,,,,,,,,,,,,,,,
[O. Kromah],,,,,,,,,,,,,,,,
O. Kromah,,,,,,,,,,,,,,,,
,,,,,,,,,,,,,,,,
RB,,,,,,,,,,,,,,,,
FSU,,,,,,,,,,,,,,,,
Bye 2,,,,,,,,,,,,,,,,
,,,,,,,,,,,,,,,,
,63,114.3,2,177.57,0,0,0,172,840,8.1,24.4,212,2.2,0,0.6,1.3
,,,,,,,,,,,,,,,,
[A. Marsh],,,,,,,,,,,,,,,,
A. Marsh,,,,,,,,,,,,,,,,
,,,,,,,,,,,,,,,,
WR,,,,,,,,,,,,,,,,
MICH,,,,,,,,,,,,,,,,
Bye 6,,,,,,,,,,,,,,,,
,,,,,,,,,,,,,,,,
,87,114.4,6,131.52,0,0,0,1.2,8,0,61.2,706,4.5,0.3,0.3,0.3
,,,,,,,,,,,,,,,,
[C. Carr],,,,,,,,,,,,,,,,
C. Carr,,,,,,,,,,,,,,,,
,,,,,,,,,,,,,,,,
QB,,,,,,,,,,,,,,,,
ND,,,,,,,,,,,,,,,,
Bye 8,,,,,,,,,,,,,,,,
,,,,,,,,,,,,,,,,
,139,115.8,8,237.29,2965,25.2,6.7,46.7,28,3.3,0,0,0,0,1.7,0.5
,,,,,,,,,,,,,,,,
[R. Owens II],,,,,,,,,,,,,,,,
R. Owens II,,,,,,,,,,,,,,,,
,,,,,,,,,,,,,,,,
RB,,,,,,,,,,,,,,,,
TAMU,,,,,,,,,,,,,,,,
Bye 9,,,,,,,,,,,,,,,,
,,,,,,,,,,,,,,,,
,76,116.2,9,148.41,0,0,0,187,899,7.5,11.4,69.6,0.4,0,0.5,1.3
,,,,,,,,,,,,,,,,
[J. Hasley],,,,,,,,,,,,,,,,
J. Hasley,,,,,,,,,,,,,,,,
,,,,,,,,,,,,,,,,
TE,,,,,,,,,,,,,,,,
DUKE,,,,,,,,,,,,,,,,
Bye 5,,,,,,,,,,,,,,,,
,,,,,,,,,,,,,,,,
,218,117.3,5,103.78,0,0,0,0,0,0,39.5,470,6.1,0,0.4,0.2
,,,,,,,,,,,,,,,,
[P. Lewis],,,,,,,,,,,,,,,,
P. Lewis,,,,,,,,,,,,,,,,
,,,,,,,,,,,,,,,,
RB,,,,,,,,,,,,,,,,
UVA,,,,,,,,,,,,,,,,
Bye 1,,,,,,,,,,,,,,,,
,,,,,,,,,,,,,,,,
,827,117.4,1,87.46,0,0,0,91,419,5,11.5,76.9,0.4,0.1,0.3,0.7
,,,,,,,,,,,,,,,,
[B. Brown],,,,,,,,,,,,,,,,
B. Brown,,,,,,,,,,,,,,,,
,,,,,,,,,,,,,,,,
QB,,,,,,,,,,,,,,,,
AUB,,,,,,,,,,,,,,,,
Bye 6,,,,,,,,,,,,,,,,
,,,,,,,,,,,,,,,,
,131,120.2,6,286.4,2705,22.2,9.3,120,527,7.8,0,0,0,0,1.8,2.2
,,,,,,,,,,,,,,,,
[J. Middlebrook],,,,,,,,,,,,,,,,
J. Middlebrook,,,,,,,,,,,,,,,,
,,,,,,,,,,,,,,,,
RB,,,,,,,,,,,,,,,,
UVA,,,,,,,,,,,,,,,,
Bye 1,,,,,,,,,,,,,,,,
,,,,,,,,,,,,,,,,
,84,120.4,1,127.09,0,0,0,141,679,5.9,18.8,115,0.7,0,0.4,1.1
,,,,,,,,,,,,,,,,
[J. Dye],,,,,,,,,,,,,,,,
J. Dye,,,,,,,,,,,,,,,,
,,,,,,,,,,,,,,,,
RB,,,,,,,,,,,,,,,,
MISS,,,,,,,,,,,,,,,,
Bye 5,,,,,,,,,,,,,,,,
,,,,,,,,,,,,,,,,
,377,120.7,5,29.15,0,0,0,33.7,135,1.9,4.6,25.3,0,0,0.1,0.3
,,,,,,,,,,,,,,,,
[J. Hoover],,,,,,,,,,,,,,,,
J. Hoover,,,,,,,,,,,,,,,,
,,,,,,,,,,,,,,,,
QB,,,,,,,,,,,,,,,,
IND,,,,,,,,,,,,,,,,
Bye 10,,,,,,,,,,,,,,,,
,,,,,,,,,,,,,,,,
,138,121.1,10,251.53,2877,30.6,8.8,67.3,47.1,3,0,0,0,0,2,1.9
,,,,,,,,,,,,,,,,
[G. Oakley],,,,,,,,,,,,,,,,
G. Oakley,,,,,,,,,,,,,,,,
,,,,,,,,,,,,,,,,
TE,,,,,,,,,,,,,,,,
KSU,,,,,,,,,,,,,,,,
Bye 5,,,,,,,,,,,,,,,,
,,,,,,,,,,,,,,,,
,187,122.2,5,102.84,0,0,0,0,0,0,41.4,439,6.3,0,0.4,0.2
,,,,,,,,,,,,,,,,
[S. Alexander],,,,,,,,,,,,,,,,
S. Alexander,,,,,,,,,,,,,,,,
,,,,,,,,,,,,,,,,
RB,,,,,,,,,,,,,,,,
VAN,,,,,,,,,,,,,,,,
Bye 9,,,,,,,,,,,,,,,,
,,,,,,,,,,,,,,,,
,98,122.4,9,165.98,0,0,0,175,839,9.8,14.2,102,1.2,0,0.6,1.2
,,,,,,,,,,,,,,,,
[D. June],,,,,,,,,,,,,,,,
D. June,,,,,,,,,,,,,,,,
,,,,,,,,,,,,,,,,
RB,,,,,,,,,,,,,,,,
UNC,,,,,,,,,,,,,,,,
Bye 1,,,,,,,,,,,,,,,,
,,,,,,,,,,,,,,,,
,209,122.5,1,117.85,0,0,0,119,618,5,16.2,138,0.9,0,0.3,0.9
,,,,,,,,,,,,,,,,
[I. West],,,,,,,,,,,,,,,,
I. West,,,,,,,,,,,,,,,,
,,,,,,,,,,,,,,,,
RB,,,,,,,,,,,,,,,,
OSU,,,,,,,,,,,,,,,,
Bye 8,,,,,,,,,,,,,,,,
,,,,,,,,,,,,,,,,
,205,122.9,8,93.29,0,0,0,95.8,517,3.8,13.4,89.9,0.6,0,0.3,0.7
,,,,,,,,,,,,,,,,
[D. Taylor],,,,,,,,,,,,,,,,
D. Taylor,,,,,,,,,,,,,,,,
,,,,,,,,,,,,,,,,
RB,,,,,,,,,,,,,,,,
VT,,,,,,,,,,,,,,,,
Bye 9,,,,,,,,,,,,,,,,
,,,,,,,,,,,,,,,,
,2368,123.3,9,0,0,0,0,0,0,0,0,0,0,0,0,0
,,,,,,,,,,,,,,,,
[Texas Tech],,,,,,,,,,,,,,,,
Texas Tech,,,,,,,,,,,,,,,,
,,,,,,,,,,,,,,,,
DEF,,,,,,,,,,,,,,,,
Bye 6,,,,,,,,,,,,,,,,
,,,,,,,,,,,,,,,,
,224,124,6,154.62,,,,,,,,,,,,
,,,,,,,,,,,,,,,,
[D. Jones],,,,,,,,,,,,,,,,
D. Jones,,,,,,,,,,,,,,,,
,,,,,,,,,,,,,,,,
RB,,,,,,,,,,,,,,,,
LSU,,,,,,,,,,,,,,,,
Bye 9,,,,,,,,,,,,,,,,
,,,,,,,,,,,,,,,,
,83,124.5,9,160.79,0,0,0,164,770,11.8,13.3,72.8,0,0,0.7,1.2
,,,,,,,,,,,,,,,,
[D. Mensah],,,,,,,,,,,,,,,,
D. Mensah,,,,,,,,,,,,,,,,
,,,,,,,,,,,,,,,,
QB,,,,,,,,,,,,,,,,
MIA,,,,,,,,,,,,,,,,
Bye 6,,,,,,,,,,,,,,,,
,,,,,,,,,,,,,,,,
,160,124.9,6,239.02,3218,26.6,5.9,49.7,14.9,1.6,0,0,0,0,1.7,2.3
,,,,,,,,,,,,,,,,
[L. Sellers],,,,,,,,,,,,,,,,
L. Sellers,,,,,,,,,,,,,,,,
,,,,,,,,,,,,,,,,
QB,,,,,,,,,,,,,,,,
SC,,,,,,,,,,,,,,,,
Bye 7,,,,,,,,,,,,,,,,
,,,,,,,,,,,,,,,,
,141,126,7,260.15,3105,21.3,10.9,113,340,4.5,0,0,0,0,1.5,1.4
,,,,,,,,,,,,,,,,
[R. Becht],,,,,,,,,,,,,,,,
R. Becht,,,,,,,,,,,,,,,,
,,,,,,,,,,,,,,,,
QB,,,,,,,,,,,,,,,,
PSU,,,,,,,,,,,,,,,,
Bye 8,,,,,,,,,,,,,,,,
,,,,,,,,,,,,,,,,
,311,126.6,8,216.78,2593,16.2,8.4,85.3,128,7.7,0,0,0,0,1.4,2.4
,,,,,,,,,,,,,,,,
[M. Reed],,,,,,,,,,,,,,,,
M. Reed,,,,,,,,,,,,,,,,
,,,,,,,,,,,,,,,,
QB,,,,,,,,,,,,,,,,
TAMU,,,,,,,,,,,,,,,,
Bye 9,,,,,,,,,,,,,,,,
,,,,,,,,,,,,,,,,
,170,127.5,9,285.77,3072,24.7,10.1,91.5,421,5.4,0,0,0,0,1.8,1.9
,,,,,,,,,,,,,,,,
[X. Robinson],,,,,,,,,,,,,,,,
X. Robinson,,,,,,,,,,,,,,,,
,,,,,,,,,,,,,,,,
RB,,,,,,,,,,,,,,,,
OU,,,,,,,,,,,,,,,,
Bye 5,,,,,,,,,,,,,,,,
,,,,,,,,,,,,,,,,
,417,127.8,5,133.9,0,0,0,134,683,7,17.1,109,0.9,0,0.5,1
,,,,,,,,,,,,,,,,
[F. Brandon],,,,,,,,,,,,,,,,
F. Brandon,,,,,,,,,,,,,,,,
,,,,,,,,,,,,,,,,
QB,,,,,,,,,,,,,,,,
TENN,,,,,,,,,,,,,,,,
Bye 9,,,,,,,,,,,,,,,,
,,,,,,,,,,,,,,,,
,277,127.8,9,227.54,2785,17.6,8.8,83.4,259,5.4,0,0,0,0,1.4,3.3
,,,,,,,,,,,,,,,,
[D. Edwards],,,,,,,,,,,,,,,,
D. Edwards,,,,,,,,,,,,,,,,
,,,,,,,,,,,,,,,,
RB,,,,,,,,,,,,,,,,
KU,,,,,,,,,,,,,,,,
Bye 4,,,,,,,,,,,,,,,,
,,,,,,,,,,,,,,,,
,92,128.1,4,153.09,0,0,0,154,706,8,24.1,193,0.8,0,0.5,1.2
,,,,,,,,,,,,,,,,
[D. Murph],,,,,,,,,,,,,,,,
D. Murph,,,,,,,,,,,,,,,,
,,,,,,,,,,,,,,,,
WR,,,,,,,,,,,,,,,,
SC,,,,,,,,,,,,,,,,
Bye 7,,,,,,,,,,,,,,,,
,,,,,,,,,,,,,,,,
,1309,128.3,7,0,0,0,0,0,0,0,0,0,0,0,0,0
,,,,,,,,,,,,,,,,
[N. James Jr.],,,,,,,,,,,,,,,,
N. James Jr.,,,,,,,,,,,,,,,,
,,,,,,,,,,,,,,,,
RB,,,,,,,,,,,,,,,,
ND,,,,,,,,,,,,,,,,
Bye 8,,,,,,,,,,,,,,,,
,,,,,,,,,,,,,,,,
,329,128.3,8,119.46,0,0,0,105,578,6.8,10.9,104,0.9,0.1,0.5,0.8
,,,,,,,,,,,,,,,,
[C. Henry Jr.],,,,,,,,,,,,,,,,
C. Henry Jr.,,,,,,,,,,,,,,,,
,,,,,,,,,,,,,,,,
WR,,,,,,,,,,,,,,,,
OSU,,,,,,,,,,,,,,,,
Bye 8,,,,,,,,,,,,,,,,
,,,,,,,,,,,,,,,,
,216,128.4,8,81.66,0,0,0,1,5.5,0,24.3,468,3.6,0,0.2,0.1
,,,,,,,,,,,,,,,,
[J. Meine],,,,,,,,,,,,,,,,
J. Meine,,,,,,,,,,,,,,,,
NA,,,,,,,,,,,,,,,,
,,,,,,,,,,,,,,,,
WR,,,,,,,,,,,,,,,,
UTAH,,,,,,,,,,,,,,,,
Bye 5,,,,,,,,,,,,,,,,
,,,,,,,,,,,,,,,,
,1991,128.5,5,0,0,0,0,0,0,0,0,0,0,0,0,0
,,,,,,,,,,,,,,,,
[B. Underwood],,,,,,,,,,,,,,,,
B. Underwood,,,,,,,,,,,,,,,,
,,,,,,,,,,,,,,,,
QB,,,,,,,,,,,,,,,,
MICH,,,,,,,,,,,,,,,,
Bye 6,,,,,,,,,,,,,,,,
,,,,,,,,,,,,,,,,
,230,128.5,6,270.66,2604,18.2,5.1,120,529,7.8,0,0,0,0,1.5,1.9
,,,,,,,,,,,,,,,,
[C. Barnes],,,,,,,,,,,,,,,,
C. Barnes,,,,,,,,,,,,,,,,
,,,,,,,,,,,,,,,,
WR,,,,,,,,,,,,,,,,
OKST,,,,,,,,,,,,,,,,
Bye 5,,,,,,,,,,,,,,,,
,,,,,,,,,,,,,,,,
,86,128.8,5,127.93,0,0,0,1.1,5.2,0,41.6,671,6.4,0.1,0.4,0.2
,,,,,,,,,,,,,,,,
[C. Bailey],,,,,,,,,,,,,,,,
C. Bailey,,,,,,,,,,,,,,,,
,,,,,,,,,,,,,,,,
QB,,,,,,,,,,,,,,,,
NCST,,,,,,,,,,,,,,,,
Bye 1,,,,,,,,,,,,,,,,
,,,,,,,,,,,,,,,,
,265,129,1,237.73,2714,22,7.9,76,182,5.2,0,0,0,0,1.6,2
,,,,,,,,,,,,,,,,
[C. Hernandez],,,,,,,,,,,,,,,,
C. Hernandez,,,,,,,,,,,,,,,,
,,,,,,,,,,,,,,,,
WR,,,,,,,,,,,,,,,,
WAKE,,,,,,,,,,,,,,,,
Bye 8,,,,,,,,,,,,,,,,
,,,,,,,,,,,,,,,,
,97,129.3,8,146.53,0,0,0,0.8,7.7,0,60.4,884,4.3,0.2,0.3,0.3
,,,,,,,,,,,,,,,,
[Miami (FL)],,,,,,,,,,,,,,,,
Miami (FL),,,,,,,,,,,,,,,,
,,,,,,,,,,,,,,,,
DEF,,,,,,,,,,,,,,,,
Bye 6,,,,,,,,,,,,,,,,
,,,,,,,,,,,,,,,,
,210,129.3,6,142.14,,,,,,,,,,,,
,,,,,,,,,,,,,,,,
[D. Hill],,,,,,,,,,,,,,,,
D. Hill,,,,,,,,,,,,,,,,
,,,,,,,,,,,,,,,,
RB,,,,,,,,,,,,,,,,
ALA,,,,,,,,,,,,,,,,
Bye 9,,,,,,,,,,,,,,,,
,,,,,,,,,,,,,,,,
,172,129.5,9,121.98,0,0,0,114,444,7.5,19.1,175,1,0,0.5,0.9
,,,,,,,,,,,,,,,,
[C. Edwards],,,,,,,,,,,,,,,,
C. Edwards,,,,,,,,,,,,,,,,
,,,,,,,,,,,,,,,,
RB,,,,,,,,,,,,,,,,
MSU,,,,,,,,,,,,,,,,
Bye 9,,,,,,,,,,,,,,,,
,,,,,,,,,,,,,,,,
,105,129.7,9,162.32,0,0,0,188,903,8.3,18.3,115,0.6,0,0.5,1.4
,,,,,,,,,,,,,,,,
[B. Inniss],,,,,,,,,,,,,,,,
B. Inniss,,,,,,,,,,,,,,,,
,,,,,,,,,,,,,,,,
WR,,,,,,,,,,,,,,,,
OSU,,,,,,,,,,,,,,,,
Bye 8,,,,,,,,,,,,,,,,
,,,,,,,,,,,,,,,,
,305,129.8,8,101.64,0,0,0,2.9,13.9,0.1,50.7,429,4.9,0.3,0.3,0.2
,,,,,,,,,,,,,,,,
[A. Colandrea],,,,,,,,,,,,,,,,
A. Colandrea,,,,,,,,,,,,,,,,
,,,,,,,,,,,,,,,,
QB,,,,,,,,,,,,,,,,
NEB,,,,,,,,,,,,,,,,
Bye 8,,,,,,,,,,,,,,,,
,,,,,,,,,,,,,,,,
,283,129.9,8,248.13,2683,19.6,8.3,110,405,5.5,0,0,0,0,1.5,2.8
,,,,,,,,,,,,,,,,
[R. Pittman Jr.],,,,,,,,,,,,,,,,
R. Pittman Jr.,,,,,,,,,,,,,,,,
,,,,,,,,,,,,,,,,
TE,,,,,,,,,,,,,,,,
SMU,,,,,,,,,,,,,,,,
Bye 6,,,,,,,,,,,,,,,,
,,,,,,,,,,,,,,,,
,162,130.1,6,82.22,0,0,0,0,0,0,36.2,402,4,0,0.2,0.1
,,,,,,,,,,,,,,,,
[M. Washington],,,,,,,,,,,,,,,,
M. Washington,,,,,,,,,,,,,,,,
,,,,,,,,,,,,,,,,
QB,,,,,,,,,,,,,,,,
UMD,,,,,,,,,,,,,,,,
Bye 8,,,,,,,,,,,,,,,,
,,,,,,,,,,,,,,,,
,269,130.2,8,228.96,2528,14.3,7.9,94.9,513,4.7,0,0,0,0,1.1,1.8
,,,,,,,,,,,,,,,,
[L. Humphreys],,,,,,,,,,,,,,,,
L. Humphreys,,,,,,,,,,,,,,,,
,,,,,,,,,,,,,,,,
WR,,,,,,,,,,,,,,,,
UGA,,,,,,,,,,,,,,,,
Bye 8,,,,,,,,,,,,,,,,
,,,,,,,,,,,,,,,,
,360,130.4,8,95.5,0,0,0,1,3.8,0,32.2,485,5,0,0.3,0.1
,,,,,,,,,,,,,,,,
[E. Crowell],,,,,,,,,,,,,,,,
E. Crowell,,,,,,,,,,,,,,,,
,,,,,,,,,,,,,,,,
RB,,,,,,,,,,,,,,,,
ALA,,,,,,,,,,,,,,,,
Bye 9,,,,,,,,,,,,,,,,
,,,,,,,,,,,,,,,,
,150,130.4,9,94.83,0,0,0,84,361,4.6,19.3,170,0.8,0,0.3,0.7
,,,,,,,,,,,,,,,,
[J. Buchanan],,,,,,,,,,,,,,,,
J. Buchanan,,,,,,,,,,,,,,,,
,,,,,,,,,,,,,,,,
WR,,,,,,,,,,,,,,,,
MICH,,,,,,,,,,,,,,,,
Bye 6,,,,,,,,,,,,,,,,
,,,,,,,,,,,,,,,,
,296,130.5,6,103.24,0,0,0,0,0,0,39.7,545,4.8,0,0.3,0.2
,,,,,,,,,,,,,,,,
[D. Sacha],,,,,,,,,,,,,,,,
D. Sacha,,,,,,,,,,,,,,,,
,,,,,,,,,,,,,,,,
WR,,,,,,,,,,,,,,,,
TENN,,,,,,,,,,,,,,,,
Bye 9,,,,,,,,,,,,,,,,
,,,,,,,,,,,,,,,,
,1642,130.6,9,0,0,0,0,0,0,0,0,0,0,0,0,0
,,,,,,,,,,,,,,,,
[N. Fifita],,,,,,,,,,,,,,,,
N. Fifita,,,,,,,,,,,,,,,,
,,,,,,,,,,,,,,,,
QB,,,,,,,,,,,,,,,,
ARIZ,,,,,,,,,,,,,,,,
Bye 7,,,,,,,,,,,,,,,,
,,,,,,,,,,,,,,,,
,270,130.9,7,238.46,3001,23.9,8.1,104,145,2.6,0,0,0,0,1.6,1.2
,,,,,,,,,,,,,,,,
[J. Derry],,,,,,,,,,,,,,,,
J. Derry,,,,,,,,,,,,,,,,
,,,,,,,,,,,,,,,,
WR,,,,,,,,,,,,,,,,
UCF,,,,,,,,,,,,,,,,
Bye 7,,,,,,,,,,,,,,,,
,,,,,,,,,,,,,,,,
,379,131.3,7,80.94,0,0,0,2,8,0.1,41.9,470,2,0,0.1,0.2
,,,,,,,,,,,,,,,,
[D. Pendergrass],,,,,,,,,,,,,,,,
D. Pendergrass,,,,,,,,,,,,,,,,
,,,,,,,,,,,,,,,,
RB,,,,,,,,,,,,,,,,
BAY,,,,,,,,,,,,,,,,
Bye 6,,,,,,,,,,,,,,,,
,,,,,,,,,,,,,,,,
,90,131.4,6,144.57,0,0,0,164,770,6.6,19.8,103,1.6,0,0.5,1.2
,,,,,,,,,,,,,,,,
[H. Berry],,,,,,,,,,,,,,,,
H. Berry,,,,,,,,,,,,,,,,
,,,,,,,,,,,,,,,,
RB,,,,,,,,,,,,,,,,
LSU,,,,,,,,,,,,,,,,
Bye 9,,,,,,,,,,,,,,,,
,,,,,,,,,,,,,,,,
,184,131.4,9,108.11,0,0,0,119,573,7.2,7.2,47.6,0,0.1,0.4,0.8
,,,,,,,,,,,,,,,,
[C. Valentine],,,,,,,,,,,,,,,,
C. Valentine,,,,,,,,,,,,,,,,
,,,,,,,,,,,,,,,,
RB,,,,,,,,,,,,,,,,
ILL,,,,,,,,,,,,,,,,
Bye 7,,,,,,,,,,,,,,,,
,,,,,,,,,,,,,,,,
,110,131.6,7,118.61,0,0,0,152,693,6.1,11.3,49.5,0.5,0.1,0.4,1.1
,,,,,,,,,,,,,,,,
[T. Moore],,,,,,,,,,,,,,,,
T. Moore,,,,,,,,,,,,,,,,
,,,,,,,,,,,,,,,,
WR,,,,,,,,,,,,,,,,
CLEM,,,,,,,,,,,,,,,,
Bye 6,,,,,,,,,,,,,,,,
,,,,,,,,,,,,,,,,
,91,132.1,6,128.7,0,0,0,2.3,7.9,0.1,49.7,760,4.4,0,0.3,0.2
,,,,,,,,,,,,,,,,
[Q. Porter],,,,,,,,,,,,,,,,
Q. Porter,,,,,,,,,,,,,,,,
,,,,,,,,,,,,,,,,
WR,,,,,,,,,,,,,,,,
ND,,,,,,,,,,,,,,,,
Bye 8,,,,,,,,,,,,,,,,
,,,,,,,,,,,,,,,,
,298,132.1,8,81.24,0,0,0,0,0,0,27.6,447,3.7,0,0.2,0.1
,,,,,,,,,,,,,,,,
[C. Kent],,,,,,,,,,,,,,,,
C. Kent,,,,,,,,,,,,,,,,
,,,,,,,,,,,,,,,,
TE,,,,,,,,,,,,,,,,
PITT,,,,,,,,,,,,,,,,
Bye 10,,,,,,,,,,,,,,,,
,,,,,,,,,,,,,,,,
,1319,132.3,10,0,0,0,0,0,0,0,0,0,0,0,0,0
,,,,,,,,,,,,,,,,
[T. Washington],,,,,,,,,,,,,,,,
T. Washington,,,,,,,,,,,,,,,,
,,,,,,,,,,,,,,,,
TE,,,,,,,,,,,,,,,,
ND,,,,,,,,,,,,,,,,
Bye 8,,,,,,,,,,,,,,,,
,,,,,,,,,,,,,,,,
,841,132.3,8,0,0,0,0,0,0,0,0,0,0,0,0,0
,,,,,,,,,,,,,,,,
[V. Brown III],,,,,,,,,,,,,,,,
V. Brown III,,,,,,,,,,,,,,,,
,,,,,,,,,,,,,,,,
WR,,,,,,,,,,,,,,,,
FLA,,,,,,,,,,,,,,,,
Bye 8,,,,,,,,,,,,,,,,
,,,,,,,,,,,,,,,,
,257,132.4,8,109.02,0,0,0,5.8,34.2,0.2,40,581,4,0.3,0.2,0.2
,,,,,,,,,,,,,,,,
[J. McClellan],,,,,,,,,,,,,,,,
J. McClellan,,,,,,,,,,,,,,,,
,,,,,,,,,,,,,,,,
WR,,,,,,,,,,,,,,,,
ORE,,,,,,,,,,,,,,,,
Bye 5,,,,,,,,,,,,,,,,
,,,,,,,,,,,,,,,,
,214,132.8,5,51.65,0,0,0,0,0,0,20.3,320,1.6,0,0.1,0.1
,,,,,,,,,,,,,,,,
[J. Sagapolutele],,,,,,,,,,,,,,,,
J. Sagapolutele,,,,,,,,,,,,,,,,
,,,,,,,,,,,,,,,,
QB,,,,,,,,,,,,,,,,
CAL,,,,,,,,,,,,,,,,
Bye 10,,,,,,,,,,,,,,,,
,,,,,,,,,,,,,,,,
,208,132.9,10,241.35,3445,21.1,8.7,62.8,44,3.8,0,0,0,0,1.5,1.1
,,,,,,,,,,,,,,,,
[A. Olesh],,,,,,,,,,,,,,,,
A. Olesh,,,,,,,,,,,,,,,,
,,,,,,,,,,,,,,,,
TE,,,,,,,,,,,,,,,,
ORE,,,,,,,,,,,,,,,,
Bye 5,,,,,,,,,,,,,,,,
,,,,,,,,,,,,,,,,
,1023,133.1,5,42.84,0,0,0,0,0,0,20,204,2.1,0,0.1,0.1
,,,,,,,,,,,,,,,,
[C. Lee],,,,,,,,,,,,,,,,
C. Lee,,,,,,,,,,,,,,,,
,,,,,,,,,,,,,,,,
WR,,,,,,,,,,,,,,,,
MIZZ,,,,,,,,,,,,,,,,
Bye 8,,,,,,,,,,,,,,,,
,,,,,,,,,,,,,,,,
,248,133.4,8,114.85,0,0,0,7.1,45.9,0.3,50.8,575,4.3,0,0.3,0.2
,,,,,,,,,,,,,,,,
[J. Peoples],,,,,,,,,,,,,,,,
J. Peoples,,,,,,,,,,,,,,,,
,,,,,,,,,,,,,,,,
RB,,,,,,,,,,,,,,,,
PSU,,,,,,,,,,,,,,,,
Bye 8,,,,,,,,,,,,,,,,
,,,,,,,,,,,,,,,,
,234,133.5,8,123.71,0,0,0,147,766,5.9,9.4,66.4,0.2,0.1,0.4,1
,,,,,,,,,,,,,,,,
[K. Chudzinski],,,,,,,,,,,,,,,,
K. Chudzinski,,,,,,,,,,,,,,,,
,,,,,,,,,,,,,,,,
TE,,,,,,,,,,,,,,,,
BC,,,,,,,,,,,,,,,,
Bye 6,,,,,,,,,,,,,,,,
,,,,,,,,,,,,,,,,
,464,133.7,6,0,0,0,0,0,0,0,0,0,0,0,0,0
,,,,,,,,,,,,,,,,
[D. Olugbode],,,,,,,,,,,,,,,,
D. Olugbode,,,,,,,,,,,,,,,,
,,,,,,,,,,,,,,,,
WR,,,,,,,,,,,,,,,,
MIZZ,,,,,,,,,,,,,,,,
Bye 8,,,,,,,,,,,,,,,,
,,,,,,,,,,,,,,,,
,161,133.7,8,79.84,0,0,0,0,0,0,33.3,465,2.7,0.1,0.2,0.1
,,,,,,,,,,,,,,,,
[L. Phillips Jr.],,,,,,,,,,,,,,,,
L. Phillips Jr.,,,,,,,,,,,,,,,,
,,,,,,,,,,,,,,,,
RB,,,,,,,,,,,,,,,,
IOWA,,,,,,,,,,,,,,,,
Bye 7,,,,,,,,,,,,,,,,
,,,,,,,,,,,,,,,,
,204,133.8,7,141.75,0,0,0,129,631,10.9,11.2,69.7,0.2,0,0.7,0.9
,,,,,,,,,,,,,,,,
[W. Knight],,,,,,,,,,,,,,,,
W. Knight,,,,,,,,,,,,,,,,
,,,,,,,,,,,,,,,,
RB,,,,,,,,,,,,,,,,
UCLA,,,,,,,,,,,,,,,,
Bye 5,,,,,,,,,,,,,,,,
,,,,,,,,,,,,,,,,
,93,134,5,160.84,0,0,0,148,757,6.2,25.6,267,1.5,0.1,0.5,1.1
,,,,,,,,,,,,,,,,
[Utah],,,,,,,,,,,,,,,,
Utah,,,,,,,,,,,,,,,,
,,,,,,,,,,,,,,,,
OFF,,,,,,,,,,,,,,,,
Bye 5,,,,,,,,,,,,,,,,
,,,,,,,,,,,,,,,,
,238,134.1,5,149.52,,,,,,,,,,,,
,,,,,,,,,,,,,,,,
[M. Hawkins Jr.],,,,,,,,,,,,,,,,
M. Hawkins Jr.,,,,,,,,,,,,,,,,
,,,,,,,,,,,,,,,,
QB,,,,,,,,,,,,,,,,
WVU,,,,,,,,,,,,,,,,
Bye 9,,,,,,,,,,,,,,,,
,,,,,,,,,,,,,,,,
,303,134.2,9,230.8,2329,11.8,7.8,204,571,7.1,0,0,0,0,1.1,2
,,,,,,,,,,,,,,,,
[C. Eakin],,,,,,,,,,,,,,,,
C. Eakin,,,,,,,,,,,,,,,,
,,,,,,,,,,,,,,,,
WR,,,,,,,,,,,,,,,,
TTU,,,,,,,,,,,,,,,,
Bye 6,,,,,,,,,,,,,,,,
,,,,,,,,,,,,,,,,
,229,134.6,6,101.07,0,0,0,0,0,0,44.4,565,3.7,0,0.2,0.2
,,,,,,,,,,,,,,,,
[LSU],,,,,,,,,,,,,,,,
LSU,,,,,,,,,,,,,,,,
,,,,,,,,,,,,,,,,
DEF,,,,,,,,,,,,,,,,
Bye 9,,,,,,,,,,,,,,,,
,,,,,,,,,,,,,,,,
,445,134.7,9,93.68,,,,,,,,,,,,
,,,,,,,,,,,,,,,,
[Clemson],,,,,,,,,,,,,,,,
Clemson,,,,,,,,,,,,,,,,
,,,,,,,,,,,,,,,,
OFF,,,,,,,,,,,,,,,,
Bye 6,,,,,,,,,,,,,,,,
,,,,,,,,,,,,,,,,
,587,134.8,6,140,,,,,,,,,,,,
,,,,,,,,,,,,,,,,
[J. Jones],,,,,,,,,,,,,,,,
J. Jones,,,,,,,,,,,,,,,,
,,,,,,,,,,,,,,,,
WR,,,,,,,,,,,,,,,,
TTU,,,,,,,,,,,,,,,,
Bye 6,,,,,,,,,,,,,,,,
,,,,,,,,,,,,,,,,
,386,135,6,0,0,0,0,0,0,0,0,0,0,0,0,0
,,,,,,,,,,,,,,,,
[K. Russell],,,,,,,,,,,,,,,,
K. Russell,,,,,,,,,,,,,,,,
,,,,,,,,,,,,,,,,
QB,,,,,,,,,,,,,,,,
ALA,,,,,,,,,,,,,,,,
Bye 9,,,,,,,,,,,,,,,,
,,,,,,,,,,,,,,,,
,147,135,9,263.13,3098,26.2,6.8,79.9,264,2.6,0,0,0,0,1.7,2.1
,,,,,,,,,,,,,,,,
[Florida],,,,,,,,,,,,,,,,
Florida,,,,,,,,,,,,,,,,
,,,,,,,,,,,,,,,,
DEF,,,,,,,,,,,,,,,,
Bye 8,,,,,,,,,,,,,,,,
,,,,,,,,,,,,,,,,
,467,135,8,86.08,,,,,,,,,,,,
,,,,,,,,,,,,,,,,
[M. Heintschel],,,,,,,,,,,,,,,,
M. Heintschel,,,,,,,,,,,,,,,,
,,,,,,,,,,,,,,,,
QB,,,,,,,,,,,,,,,,
PITT,,,,,,,,,,,,,,,,
Bye 10,,,,,,,,,,,,,,,,
,,,,,,,,,,,,,,,,
,201,135.1,10,221.26,3182,20.5,11.3,112,123,2.7,0,0,0,0,1.4,3.9
,,,,,,,,,,,,,,,,
[Wisconsin],,,,,,,,,,,,,,,,
Wisconsin,,,,,,,,,,,,,,,,
,,,,,,,,,,,,,,,,
OFF,,,,,,,,,,,,,,,,
Bye 6,,,,,,,,,,,,,,,,
,,,,,,,,,,,,,,,,
,591,135.2,6,142.77,,,,,,,,,,,,
,,,,,,,,,,,,,,,,
[Clemson],,,,,,,,,,,,,,,,
Clemson,,,,,,,,,,,,,,,,
,,,,,,,,,,,,,,,,
DEF,,,,,,,,,,,,,,,,
Bye 6,,,,,,,,,,,,,,,,
,,,,,,,,,,,,,,,,
,457,135.5,6,83.98,,,,,,,,,,,,
,,,,,,,,,,,,,,,,
[Oklahoma State],,,,,,,,,,,,,,,,
Oklahoma State,,,,,,,,,,,,,,,,
,,,,,,,,,,,,,,,,
OFF,,,,,,,,,,,,,,,,
Bye 5,,,,,,,,,,,,,,,,
,,,,,,,,,,,,,,,,
,553,136,5,180.44,,,,,,,,,,,,
,,,,,,,,,,,,,,,,
[K. Jennings],,,,,,,,,,,,,,,,
K. Jennings,,,,,,,,,,,,,,,,
,,,,,,,,,,,,,,,,
QB,,,,,,,,,,,,,,,,
SMU,,,,,,,,,,,,,,,,
Bye 6,,,,,,,,,,,,,,,,
,,,,,,,,,,,,,,,,
,143,136.2,6,269.52,3315,25.9,10.8,66.6,193,4,0,0,0,0,1.8,1.3
,,,,,,,,,,,,,,,,
[Indiana],,,,,,,,,,,,,,,,
Indiana,,,,,,,,,,,,,,,,
,,,,,,,,,,,,,,,,
DEF,,,,,,,,,,,,,,,,
Bye 10,,,,,,,,,,,,,,,,
,,,,,,,,,,,,,,,,
,183,136.2,10,133.52,,,,,,,,,,,,
,,,,,,,,,,,,,,,,
[D. DeGraaf],,,,,,,,,,,,,,,,
D. DeGraaf,,,,,,,,,,,,,,,,
,,,,,,,,,,,,,,,,
TE,,,,,,,,,,,,,,,,
UW,,,,,,,,,,,,,,,,
Bye 8,,,,,,,,,,,,,,,,
,,,,,,,,,,,,,,,,
,179,136.4,8,78.09,0,0,0,0,0,0,36.1,412,3.1,0,0.2,0.1
,,,,,,,,,,,,,,,,
[TCU],,,,,,,,,,,,,,,,
TCU,,,,,,,,,,,,,,,,
,,,,,,,,,,,,,,,,
DEF,,,,,,,,,,,,,,,,
Bye 1,,,,,,,,,,,,,,,,
,,,,,,,,,,,,,,,,
,471,136.7,1,80.75,,,,,,,,,,,,
,,,,,,,,,,,,,,,,
[Q. Wisner],,,,,,,,,,,,,,,,
Q. Wisner,,,,,,,,,,,,,,,,
,,,,,,,,,,,,,,,,
RB,,,,,,,,,,,,,,,,
FSU,,,,,,,,,,,,,,,,
Bye 2,,,,,,,,,,,,,,,,
,,,,,,,,,,,,,,,,
,242,136.9,2,96.43,0,0,0,94.4,415,4.3,17.7,152,0.9,0,0.3,0.7
,,,,,,,,,,,,,,,,
[L. Luckie],,,,,,,,,,,,,,,,
L. Luckie,,,,,,,,,,,,,,,,
,,,,,,,,,,,,,,,,
TE,,,,,,,,,,,,,,,,
UGA,,,,,,,,,,,,,,,,
Bye 8,,,,,,,,,,,,,,,,
,,,,,,,,,,,,,,,,
,255,137.4,8,71.02,0,0,0,0,0,0,25.5,264,5.2,0,0.3,0.1
,,,,,,,,,,,,,,,,
[B. Russell],,,,,,,,,,,,,,,,
B. Russell,,,,,,,,,,,,,,,,
,,,,,,,,,,,,,,,,
RB,,,,,,,,,,,,,,,,
ARK,,,,,,,,,,,,,,,,
Bye 8,,,,,,,,,,,,,,,,
,,,,,,,,,,,,,,,,
,140,137.5,8,108.32,0,0,0,105,537,6.5,13.7,81.5,0.2,0,0.4,0.8
,,,,,,,,,,,,,,,,
[M. Mini],,,,,,,,,,,,,,,,
M. Mini,,,,,,,,,,,,,,,,
,,,,,,,,,,,,,,,,
TE,,,,,,,,,,,,,,,,
CAL,,,,,,,,,,,,,,,,
Bye 10,,,,,,,,,,,,,,,,
,,,,,,,,,,,,,,,,
,144,138,10,71.72,0,0,0,0,0,0,34,361,3.1,0,0.2,0.1
,,,,,,,,,,,,,,,,
[D. Wilson],,,,,,,,,,,,,,,,
D. Wilson,,,,,,,,,,,,,,,,
,,,,,,,,,,,,,,,,
WR,,,,,,,,,,,,,,,,
FLA,,,,,,,,,,,,,,,,
Bye 8,,,,,,,,,,,,,,,,
,,,,,,,,,,,,,,,,
,94,138.4,8,130.61,0,0,0,0,0,0,46.3,710,6,0,0.4,0.2
,,,,,,,,,,,,,,,,
[M. Masunas],,,,,,,,,,,,,,,,
M. Masunas,,,,,,,,,,,,,,,,
,,,,,,,,,,,,,,,,
TE,,,,,,,,,,,,,,,,
TEX,,,,,,,,,,,,,,,,
Bye 5,,,,,,,,,,,,,,,,
,,,,,,,,,,,,,,,,
,308,138.9,5,72.9,0,0,0,0,0,0,33.4,337,3.7,0,0.2,0.1
,,,,,,,,,,,,,,,,
[B. Bachmeier],,,,,,,,,,,,,,,,
B. Bachmeier,,,,,,,,,,,,,,,,
,,,,,,,,,,,,,,,,
QB,,,,,,,,,,,,,,,,
BYU,,,,,,,,,,,,,,,,
Bye 4,,,,,,,,,,,,,,,,
,,,,,,,,,,,,,,,,
,182,138.9,4,255.96,2713,14.7,4.8,116,442,8.3,0,0,0,0,1.3,1.5
,,,,,,,,,,,,,,,,
[A. Barnett III],,,,,,,,,,,,,,,,
A. Barnett III,,,,,,,,,,,,,,,,
,,,,,,,,,,,,,,,,
QB,,,,,,,,,,,,,,,,
UCF,,,,,,,,,,,,,,,,
Bye 7,,,,,,,,,,,,,,,,
,,,,,,,,,,,,,,,,
,227,139.2,7,246.62,2794,14,9.3,101,434,7.4,0,0,0,0,1.3,0.9
,,,,,,,,,,,,,,,,
[R. Beers],,,,,,,,,,,,,,,,
R. Beers,,,,,,,,,,,,,,,,
,,,,,,,,,,,,,,,,
TE,,,,,,,,,,,,,,,,
OU,,,,,,,,,,,,,,,,
Bye 5,,,,,,,,,,,,,,,,
,,,,,,,,,,,,,,,,
,398,139.4,5,34.59,0,0,0,0,0,0,16.9,183,1.3,0,0.1,0.1
,,,,,,,,,,,,,,,,
[C. Joseph],,,,,,,,,,,,,,,,
C. Joseph,,,,,,,,,,,,,,,,
,,,,,,,,,,,,,,,,
QB,,,,,,,,,,,,,,,,
WIS,,,,,,,,,,,,,,,,
Bye 6,,,,,,,,,,,,,,,,
,,,,,,,,,,,,,,,,
,323,139.5,6,243.21,2217,14.1,11.1,128,600,8.9,0,0,0,0,1.4,3.5
,,,,,,,,,,,,,,,,
[Florida State],,,,,,,,,,,,,,,,
Florida State,,,,,,,,,,,,,,,,
,,,,,,,,,,,,,,,,
DEF,,,,,,,,,,,,,,,,
Bye 2,,,,,,,,,,,,,,,,
,,,,,,,,,,,,,,,,
,300,139.6,2,77.66,,,,,,,,,,,,
,,,,,,,,,,,,,,,,
[USC],,,,,,,,,,,,,,,,
USC,,,,,,,,,,,,,,,,
,,,,,,,,,,,,,,,,
OFF,,,,,,,,,,,,,,,,
Bye 7,,,,,,,,,,,,,,,,
,,,,,,,,,,,,,,,,
,244,139.8,7,140.77,,,,,,,,,,,,
,,,,,,,,,,,,,,,,
[H. Andrews],,,,,,,,,,,,,,,,
H. Andrews,,,,,,,,,,,,,,,,
,,,,,,,,,,,,,,,,
TE,,,,,,,,,,,,,,,,
UTAH,,,,,,,,,,,,,,,,
Bye 5,,,,,,,,,,,,,,,,
,,,,,,,,,,,,,,,,
,245,140,5,59.56,0,0,0,0,0,0,24,259,3.6,0,0.2,0.1
,,,,,,,,,,,,,,,,
[E. Stewart],,,,,,,,,,,,,,,,
E. Stewart,,,,,,,,,,,,,,,,
,,,,,,,,,,,,,,,,
WR,,,,,,,,,,,,,,,,
ORE,,,,,,,,,,,,,,,,
Bye 5,,,,,,,,,,,,,,,,
,,,,,,,,,,,,,,,,
,117,140.2,5,125.66,0,0,0,1.1,4,0,40.5,624,7,0,0.4,0.2
,,,,,,,,,,,,,,,,
[Florida],,,,,,,,,,,,,,,,
Florida,,,,,,,,,,,,,,,,
,,,,,,,,,,,,,,,,
OFF,,,,,,,,,,,,,,,,
Bye 8,,,,,,,,,,,,,,,,
,,,,,,,,,,,,,,,,
,566,140.2,8,148.11,,,,,,,,,,,,
,,,,,,,,,,,,,,,,
[Oklahoma],,,,,,,,,,,,,,,,
Oklahoma,,,,,,,,,,,,,,,,
,,,,,,,,,,,,,,,,
OFF,,,,,,,,,,,,,,,,
Bye 5,,,,,,,,,,,,,,,,
,,,,,,,,,,,,,,,,
,571,140.6,5,139.3,,,,,,,,,,,,
,,,,,,,,,,,,,,,,
[N. Iamaleava],,,,,,,,,,,,,,,,
N. Iamaleava,,,,,,,,,,,,,,,,
,,,,,,,,,,,,,,,,
QB,,,,,,,,,,,,,,,,
UCLA,,,,,,,,,,,,,,,,
Bye 5,,,,,,,,,,,,,,,,
,,,,,,,,,,,,,,,,
,156,140.8,5,242.22,2490,15.3,7.2,125,558,6.1,0,0,0,0,1.3,3.4
,,,,,,,,,,,,,,,,
[LSU],,,,,,,,,,,,,,,,
LSU,,,,,,,,,,,,,,,,
,,,,,,,,,,,,,,,,
OFF,,,,,,,,,,,,,,,,
Bye 9,,,,,,,,,,,,,,,,
,,,,,,,,,,,,,,,,
,583,140.8,9,172.23,,,,,,,,,,,,
,,,,,,,,,,,,,,,,
[K. Feagin],,,,,,,,,,,,,,,,
K. Feagin,,,,,,,,,,,,,,,,
,,,,,,,,,,,,,,,,
TE,,,,,,,,,,,,,,,,
ILL,,,,,,,,,,,,,,,,
Bye 7,,,,,,,,,,,,,,,,
,,,,,,,,,,,,,,,,
,385,141.5,7,39.65,0,0,0,6.3,26.4,0.3,17.9,200,1.1,0,0.1,0.1
,,,,,,,,,,,,,,,,
[E. Mosley V],,,,,,,,,,,,,,,,
E. Mosley V,,,,,,,,,,,,,,,,
,,,,,,,,,,,,,,,,
WR,,,,,,,,,,,,,,,,
TEX,,,,,,,,,,,,,,,,
Bye 5,,,,,,,,,,,,,,,,
,,,,,,,,,,,,,,,,
,171,141.7,5,109,0,0,0,5.2,29,0.2,42.1,582,4.2,0,0.3,0.2
,,,,,,,,,,,,,,,,
[Arizona],,,,,,,,,,,,,,,,
Arizona,,,,,,,,,,,,,,,,
,,,,,,,,,,,,,,,,
OFF,,,,,,,,,,,,,,,,
Bye 7,,,,,,,,,,,,,,,,
,,,,,,,,,,,,,,,,
,602,141.9,7,166.68,,,,,,,,,,,,
,,,,,,,,,,,,,,,,
[J. Harris],,,,,,,,,,,,,,,,
J. Harris,,,,,,,,,,,,,,,,
,,,,,,,,,,,,,,,,
WR,,,,,,,,,,,,,,,,
LSU,,,,,,,,,,,,,,,,
Bye 9,,,,,,,,,,,,,,,,
,,,,,,,,,,,,,,,,
,191,142.5,9,120.63,0,0,0,4.5,22.1,0.2,41.2,628,5.6,0,0.3,0.2
,,,,,,,,,,,,,,,,
[W. Hammond],,,,,,,,,,,,,,,,
W. Hammond,,,,,,,,,,,,,,,,
,,,,,,,,,,,,,,,,
QB,,,,,,,,,,,,,,,,
TTU,,,,,,,,,,,,,,,,
Bye 6,,,,,,,,,,,,,,,,
,,,,,,,,,,,,,,,,
,263,142.6,6,250.54,2870,24.8,10.7,74,185,4.9,0,0,0,0,1.7,2.1
,,,,,,,,,,,,,,,,
[C. Flanagan],,,,,,,,,,,,,,,,
C. Flanagan,,,,,,,,,,,,,,,,
,,,,,,,,,,,,,,,,
TE,,,,,,,,,,,,,,,,
ND,,,,,,,,,,,,,,,,
Bye 8,,,,,,,,,,,,,,,,
,,,,,,,,,,,,,,,,
,318,143,8,76.41,0,0,0,0,0,0,31.2,449,2.6,0,0.2,0.1
,,,,,,,,,,,,,,,,
[Texas A&M],,,,,,,,,,,,,,,,
Texas A&M,,,,,,,,,,,,,,,,
,,,,,,,,,,,,,,,,
OFF,,,,,,,,,,,,,,,,
Bye 9,,,,,,,,,,,,,,,,
,,,,,,,,,,,,,,,,
,264,143.2,9,149.42,,,,,,,,,,,,
,,,,,,,,,,,,,,,,
[Tennessee],,,,,,,,,,,,,,,,
Tennessee,,,,,,,,,,,,,,,,
,,,,,,,,,,,,,,,,
DEF,,,,,,,,,,,,,,,,
Bye 9,,,,,,,,,,,,,,,,
,,,,,,,,,,,,,,,,
,423,143.3,9,100.55,,,,,,,,,,,,
,,,,,,,,,,,,,,,,
[N. Hunter],,,,,,,,,,,,,,,,
N. Hunter,,,,,,,,,,,,,,,,
,,,,,,,,,,,,,,,,
WR,,,,,,,,,,,,,,,,
NEB,,,,,,,,,,,,,,,,
Bye 8,,,,,,,,,,,,,,,,
,,,,,,,,,,,,,,,,
,278,143.4,8,124.64,0,0,0,1,2,0,47.8,676,5.4,0,0.3,0.2
,,,,,,,,,,,,,,,,
[J. Faison],,,,,,,,,,,,,,,,
J. Faison,,,,,,,,,,,,,,,,
,,,,,,,,,,,,,,,,
WR,,,,,,,,,,,,,,,,
ND,,,,,,,,,,,,,,,,
Bye 8,,,,,,,,,,,,,,,,
,,,,,,,,,,,,,,,,
,101,143.5,8,129.08,0,0,0,1,2.6,0,52.6,689,5.3,0.3,0.3,0.2
,,,,,,,,,,,,,,,,
[Michigan],,,,,,,,,,,,,,,,
Michigan,,,,,,,,,,,,,,,,
,,,,,,,,,,,,,,,,
OFF,,,,,,,,,,,,,,,,
Bye 6,,,,,,,,,,,,,,,,
,,,,,,,,,,,,,,,,
,565,143.5,6,168.64,,,,,,,,,,,,
,,,,,,,,,,,,,,,,
[J. Richardson],,,,,,,,,,,,,,,,
J. Richardson,,,,,,,,,,,,,,,,
,,,,,,,,,,,,,,,,
WR,,,,,,,,,,,,,,,,
DUKE,,,,,,,,,,,,,,,,
Bye 5,,,,,,,,,,,,,,,,
,,,,,,,,,,,,,,,,
,173,143.7,5,123.08,0,0,0,0,0,0,54.5,731,3.8,0,0.2,0.2
,,,,,,,,,,,,,,,,
[B. Foley],,,,,,,,,,,,,,,,
B. Foley,,,,,,,,,,,,,,,,
,,,,,,,,,,,,,,,,
TE,,,,,,,,,,,,,,,,
LOU,,,,,,,,,,,,,,,,
Bye 8,,,,,,,,,,,,,,,,
,,,,,,,,,,,,,,,,
,194,143.9,8,78.05,0,0,0,0,0,0,37.1,369,3.7,0,0.2,0.2
,,,,,,,,,,,,,,,,
[E. Lofton],,,,,,,,,,,,,,,,
E. Lofton,,,,,,,,,,,,,,,,
,,,,,,,,,,,,,,,,
TE,,,,,,,,,,,,,,,,
MIA,,,,,,,,,,,,,,,,
Bye 6,,,,,,,,,,,,,,,,
,,,,,,,,,,,,,,,,
,203,143.9,6,62.35,0,0,0,1.1,3.6,0,25.2,270,3.6,0,0.2,0.1
,,,,,,,,,,,,,,,,
[C. Baxter],,,,,,,,,,,,,,,,
C. Baxter,,,,,,,,,,,,,,,,
,,,,,,,,,,,,,,,,
RB,,,,,,,,,,,,,,,,
UK,,,,,,,,,,,,,,,,
Bye 9,,,,,,,,,,,,,,,,
,,,,,,,,,,,,,,,,
,148,144.5,9,145.79,0,0,0,168,689,7.7,25.3,145,0.8,0,0.5,1.3
,,,,,,,,,,,,,,,,
[M. Hudson],,,,,,,,,,,,,,,,
M. Hudson,,,,,,,,,,,,,,,,
,,,,,,,,,,,,,,,,
WR,,,,,,,,,,,,,,,,
TTU,,,,,,,,,,,,,,,,
Bye 6,,,,,,,,,,,,,,,,
,,,,,,,,,,,,,,,,
,274,144.6,6,119.88,0,0,0,0,0,0,47.4,650,5.1,0,0.3,0.2
,,,,,,,,,,,,,,,,
[M. Bowman],,,,,,,,,,,,,,,,
M. Bowman,,,,,,,,,,,,,,,,
,,,,,,,,,,,,,,,,
TE,,,,,,,,,,,,,,,,
USC,,,,,,,,,,,,,,,,
Bye 7,,,,,,,,,,,,,,,,
,,,,,,,,,,,,,,,,
,302,144.7,7,70.76,0,0,0,0,0,0,27.9,393,2.9,0,0.2,0.1
,,,,,,,,,,,,,,,,
[D. Lagway],,,,,,,,,,,,,,,,
D. Lagway,,,,,,,,,,,,,,,,
,,,,,,,,,,,,,,,,
QB,,,,,,,,,,,,,,,,
BAY,,,,,,,,,,,,,,,,
Bye 6,,,,,,,,,,,,,,,,
,,,,,,,,,,,,,,,,
,256,144.8,6,246.62,3346,26.7,14.1,67.3,74,2,0,0,0,0,1.7,1.4
,,,,,,,,,,,,,,,,
[Alabama],,,,,,,,,,,,,,,,
Alabama,,,,,,,,,,,,,,,,
,,,,,,,,,,,,,,,,
OFF,,,,,,,,,,,,,,,,
Bye 9,,,,,,,,,,,,,,,,
,,,,,,,,,,,,,,,,
,287,145,9,156.08,,,,,,,,,,,,
,,,,,,,,,,,,,,,,
[Alabama],,,,,,,,,,,,,,,,
Alabama,,,,,,,,,,,,,,,,
,,,,,,,,,,,,,,,,
DEF,,,,,,,,,,,,,,,,
Bye 9,,,,,,,,,,,,,,,,
,,,,,,,,,,,,,,,,
,448,145.2,9,111.08,,,,,,,,,,,,
,,,,,,,,,,,,,,,,
[E. Davis],,,,,,,,,,,,,,,,
E. Davis,,,,,,,,,,,,,,,,
,,,,,,,,,,,,,,,,
TE,,,,,,,,,,,,,,,,
TENN,,,,,,,,,,,,,,,,
Bye 9,,,,,,,,,,,,,,,,
,,,,,,,,,,,,,,,,
,219,145.4,9,75.15,0,0,0,0,0,0,33.8,389,3.2,0,0.2,0.1
,,,,,,,,,,,,,,,,
[Texas],,,,,,,,,,,,,,,,
Texas,,,,,,,,,,,,,,,,
,,,,,,,,,,,,,,,,
DEF,,,,,,,,,,,,,,,,
Bye 5,,,,,,,,,,,,,,,,
,,,,,,,,,,,,,,,,
,243,145.4,5,137.01,,,,,,,,,,,,
,,,,,,,,,,,,,,,,
[J. Cook II],,,,,,,,,,,,,,,,
J. Cook II,,,,,,,,,,,,,,,,
,,,,,,,,,,,,,,,,
WR,,,,,,,,,,,,,,,,
MISS,,,,,,,,,,,,,,,,
Bye 5,,,,,,,,,,,,,,,,
,,,,,,,,,,,,,,,,
,177,145.5,5,96.22,0,0,0,6.3,37.8,0.3,42.4,513,3.1,0,0.2,0.2
,,,,,,,,,,,,,,,,
[Q. Joyner],,,,,,,,,,,,,,,,
Q. Joyner,,,,,,,,,,,,,,,,
,,,,,,,,,,,,,,,,
RB,,,,,,,,,,,,,,,,
TTU,,,,,,,,,,,,,,,,
Bye 6,,,,,,,,,,,,,,,,
,,,,,,,,,,,,,,,,
,189,145.5,6,154.56,0,0,0,135,767,9.4,12.4,107,0.9,0,0.6,1
,,,,,,,,,,,,,,,,
[B. Pegan],,,,,,,,,,,,,,,,
B. Pegan,,,,,,,,,,,,,,,,
,,,,,,,,,,,,,,,,
WR,,,,,,,,,,,,,,,,
UTAH,,,,,,,,,,,,,,,,
Bye 5,,,,,,,,,,,,,,,,
,,,,,,,,,,,,,,,,
,102,145.6,5,133.5,0,0,0,4.3,11.7,0.2,52.1,761,4.8,0,0.3,0.2
,,,,,,,,,,,,,,,,
[H. Hansen],,,,,,,,,,,,,,,,
H. Hansen,,,,,,,,,,,,,,,,
,,,,,,,,,,,,,,,,
TE,,,,,,,,,,,,,,,,
MICH,,,,,,,,,,,,,,,,
Bye 6,,,,,,,,,,,,,,,,
,,,,,,,,,,,,,,,,
,895,145.6,6,76.9,0,0,0,0,0,0,31.9,388,3.7,0,0.2,0.1
,,,,,,,,,,,,,,,,
[J. Koger],,,,,,,,,,,,,,,,
J. Koger,,,,,,,,,,,,,,,,
,,,,,,,,,,,,,,,,
WR,,,,,,,,,,,,,,,,
AUB,,,,,,,,,,,,,,,,
Bye 6,,,,,,,,,,,,,,,,
,,,,,,,,,,,,,,,,
,309,145.8,6,115.78,0,0,0,0,0,0,39.6,505,7.5,0,0.4,0.2
,,,,,,,,,,,,,,,,
[L. Hasz],,,,,,,,,,,,,,,,
L. Hasz,,,,,,,,,,,,,,,,
,,,,,,,,,,,,,,,,
TE,,,,,,,,,,,,,,,,
MISS,,,,,,,,,,,,,,,,
Bye 5,,,,,,,,,,,,,,,,
,,,,,,,,,,,,,,,,
,207,145.9,5,61.93,0,0,0,0,0,0,27.5,328,2.6,0,0.2,0.1
,,,,,,,,,,,,,,,,
[A. Sama III],,,,,,,,,,,,,,,,
A. Sama III,,,,,,,,,,,,,,,,
,,,,,,,,,,,,,,,,
RB,,,,,,,,,,,,,,,,
WIS,,,,,,,,,,,,,,,,
Bye 6,,,,,,,,,,,,,,,,
,,,,,,,,,,,,,,,,
,192,146.3,6,152.97,0,0,0,173,850,8.1,16.2,107,0.3,0,0.5,1.3
,,,,,,,,,,,,,,,,
[Missouri],,,,,,,,,,,,,,,,
Missouri,,,,,,,,,,,,,,,,
,,,,,,,,,,,,,,,,
OFF,,,,,,,,,,,,,,,,
Bye 8,,,,,,,,,,,,,,,,
,,,,,,,,,,,,,,,,
,599,146.5,8,129.86,,,,,,,,,,,,
,,,,,,,,,,,,,,,,
[Georgia],,,,,,,,,,,,,,,,
Georgia,,,,,,,,,,,,,,,,
,,,,,,,,,,,,,,,,
DEF,,,,,,,,,,,,,,,,
Bye 8,,,,,,,,,,,,,,,,
,,,,,,,,,,,,,,,,
,202,146.6,8,84.32,,,,,,,,,,,,
,,,,,,,,,,,,,,,,
[S. Hiter],,,,,,,,,,,,,,,,
S. Hiter,,,,,,,,,,,,,,,,
,,,,,,,,,,,,,,,,
RB,,,,,,,,,,,,,,,,
MICH,,,,,,,,,,,,,,,,
Bye 6,,,,,,,,,,,,,,,,
,,,,,,,,,,,,,,,,
,136,146.7,6,138.92,0,0,0,124,745,7.2,9.5,112,1,0,0.5,0.9
,,,,,,,,,,,,,,,,
[A. Johnson],,,,,,,,,,,,,,,,
A. Johnson,,,,,,,,,,,,,,,,
,,,,,,,,,,,,,,,,
QB,,,,,,,,,,,,,,,,
KSU,,,,,,,,,,,,,,,,
Bye 5,,,,,,,,,,,,,,,,
,,,,,,,,,,,,,,,,
,175,148,5,282.71,2807,22.1,7.5,103,453,7.4,0,0,0,0,1.7,1.8
,,,,,,,,,,,,,,,,
[BYU],,,,,,,,,,,,,,,,
BYU,,,,,,,,,,,,,,,,
,,,,,,,,,,,,,,,,
OFF,,,,,,,,,,,,,,,,
Bye 4,,,,,,,,,,,,,,,,
,,,,,,,,,,,,,,,,
,282,148,4,136.8,,,,,,,,,,,,
,,,,,,,,,,,,,,,,
[W. Lyons],,,,,,,,,,,,,,,,
W. Lyons,,,,,,,,,,,,,,,,
,,,,,,,,,,,,,,,,
TE,,,,,,,,,,,,,,,,
BYU,,,,,,,,,,,,,,,,
Bye 4,,,,,,,,,,,,,,,,
,,,,,,,,,,,,,,,,
,237,148.3,4,91.16,0,0,0,0,0,0,37.6,480,4,0,0.2,0.2
,,,,,,,,,,,,,,,,
[E. Singleton Jr.],,,,,,,,,,,,,,,,
E. Singleton Jr.,,,,,,,,,,,,,,,,
,,,,,,,,,,,,,,,,
WR,,,,,,,,,,,,,,,,
FLA,,,,,,,,,,,,,,,,
Bye 8,,,,,,,,,,,,,,,,
,,,,,,,,,,,,,,,,
,165,149,8,126.83,0,0,0,5.9,24.8,0.2,61,789,2.3,0,0.1,0.3
,,,,,,,,,,,,,,,,
[I. Horton],,,,,,,,,,,,,,,,
I. Horton,,,,,,,,,,,,,,,,
,,,,,,,,,,,,,,,,
WR,,,,,,,,,,,,,,,,
TAMU,,,,,,,,,,,,,,,,
Bye 9,,,,,,,,,,,,,,,,
,,,,,,,,,,,,,,,,
,154,149.2,9,127.01,0,0,0,0,0,0,48.1,620,6.8,0,0.4,0.2
,,,,,,,,,,,,,,,,
[C. Rusk],,,,,,,,,,,,,,,,
C. Rusk,,,,,,,,,,,,,,,,
,,,,,,,,,,,,,,,,
TE,,,,,,,,,,,,,,,,
ARIZ,,,,,,,,,,,,,,,,
Bye 7,,,,,,,,,,,,,,,,
,,,,,,,,,,,,,,,,
,822,149.9,7,77,0,0,0,0,0,0,34.2,354,4.1,0,0.2,0.1
,,,,,,,,,,,,,,,,
[Tennessee],,,,,,,,,,,,,,,,
Tennessee,,,,,,,,,,,,,,,,
,,,,,,,,,,,,,,,,
OFF,,,,,,,,,,,,,,,,
Bye 9,,,,,,,,,,,,,,,,
,,,,,,,,,,,,,,,,
,295,150,9,165.4,,,,,,,,,,,,
,,,,,,,,,,,,,,,,
[Washington],,,,,,,,,,,,,,,,
Washington,,,,,,,,,,,,,,,,
,,,,,,,,,,,,,,,,
OFF,,,,,,,,,,,,,,,,
Bye 8,,,,,,,,,,,,,,,,
,,,,,,,,,,,,,,,,
,590,150.1,8,176.43,,,,,,,,,,,,
,,,,,,,,,,,,,,,,
[Oklahoma],,,,,,,,,,,,,,,,
Oklahoma,,,,,,,,,,,,,,,,
,,,,,,,,,,,,,,,,
DEF,,,,,,,,,,,,,,,,
Bye 5,,,,,,,,,,,,,,,,
,,,,,,,,,,,,,,,,
,273,150.2,5,129.11,,,,,,,,,,,,
,,,,,,,,,,,,,,,,
[T. Spivey],,,,,,,,,,,,,,,,
T. Spivey,,,,,,,,,,,,,,,,
,,,,,,,,,,,,,,,,
WR,,,,,,,,,,,,,,,,
ARIZ,,,,,,,,,,,,,,,,
Bye 7,,,,,,,,,,,,,,,,
,,,,,,,,,,,,,,,,
,100,150.5,7,138.22,0,0,0,1.8,5.4,0.1,48,680,7.5,0,0.4,0.2
,,,,,,,,,,,,,,,,
[Penn State],,,,,,,,,,,,,,,,
Penn State,,,,,,,,,,,,,,,,
,,,,,,,,,,,,,,,,
OFF,,,,,,,,,,,,,,,,
Bye 8,,,,,,,,,,,,,,,,
,,,,,,,,,,,,,,,,
,556,150.8,8,146.35,,,,,,,,,,,,
,,,,,,,,,,,,,,,,
[Houston],,,,,,,,,,,,,,,,
Houston,,,,,,,,,,,,,,,,
,,,,,,,,,,,,,,,,
OFF,,,,,,,,,,,,,,,,
Bye 9,,,,,,,,,,,,,,,,
,,,,,,,,,,,,,,,,
,595,150.8,9,137.84,,,,,,,,,,,,
,,,,,,,,,,,,,,,,
[D. Miller],,,,,,,,,,,,,,,,
D. Miller,,,,,,,,,,,,,,,,
,,,,,,,,,,,,,,,,
WR,,,,,,,,,,,,,,,,
BAY,,,,,,,,,,,,,,,,
Bye 6,,,,,,,,,,,,,,,,
,,,,,,,,,,,,,,,,
,130,151.7,6,143.53,0,0,0,3.1,4.6,0.1,53,728,7.1,0,0.4,0.2
,,,,,,,,,,,,,,,,
[B. Norfleet],,,,,,,,,,,,,,,,
B. Norfleet,,,,,,,,,,,,,,,,
,,,,,,,,,,,,,,,,
TE,,,,,,,,,,,,,,,,
MIZZ,,,,,,,,,,,,,,,,
Bye 8,,,,,,,,,,,,,,,,
,,,,,,,,,,,,,,,,
,289,151.8,8,78.39,0,0,0,0,0,0,33.3,376,4,0,0.2,0.1
,,,,,,,,,,,,,,,,
[Penn State],,,,,,,,,,,,,,,,
Penn State,,,,,,,,,,,,,,,,
,,,,,,,,,,,,,,,,
DEF,,,,,,,,,,,,,,,,
Bye 8,,,,,,,,,,,,,,,,
,,,,,,,,,,,,,,,,
,288,152.2,8,97.32,,,,,,,,,,,,
,,,,,,,,,,,,,,,,
[SMU],,,,,,,,,,,,,,,,
SMU,,,,,,,,,,,,,,,,
,,,,,,,,,,,,,,,,
OFF,,,,,,,,,,,,,,,,
Bye 6,,,,,,,,,,,,,,,,
,,,,,,,,,,,,,,,,
,290,152.2,6,156.1,,,,,,,,,,,,
,,,,,,,,,,,,,,,,
[Kansas State],,,,,,,,,,,,,,,,
Kansas State,,,,,,,,,,,,,,,,
,,,,,,,,,,,,,,,,
OFF,,,,,,,,,,,,,,,,
Bye 5,,,,,,,,,,,,,,,,
,,,,,,,,,,,,,,,,
,563,153.3,5,168.05,,,,,,,,,,,,
,,,,,,,,,,,,,,,,
[Auburn],,,,,,,,,,,,,,,,
Auburn,,,,,,,,,,,,,,,,
,,,,,,,,,,,,,,,,
OFF,,,,,,,,,,,,,,,,
Bye 6,,,,,,,,,,,,,,,,
,,,,,,,,,,,,,,,,
,573,153.3,6,164.86,,,,,,,,,,,,
,,,,,,,,,,,,,,,,
[Arizona],,,,,,,,,,,,,,,,
Arizona,,,,,,,,,,,,,,,,
,,,,,,,,,,,,,,,,
DEF,,,,,,,,,,,,,,,,
Bye 7,,,,,,,,,,,,,,,,
,,,,,,,,,,,,,,,,
,438,153.5,7,109.01,,,,,,,,,,,,
,,,,,,,,,,,,,,,,
[K. Miller],,,,,,,,,,,,,,,,
K. Miller,,,,,,,,,,,,,,,,
,,,,,,,,,,,,,,,,
RB,,,,,,,,,,,,,,,,
USC,,,,,,,,,,,,,,,,
Bye 7,,,,,,,,,,,,,,,,
,,,,,,,,,,,,,,,,
,114,154,7,142.63,0,0,0,130,852,6.8,13.2,84.2,0.4,0.1,0.4,0.9
,,,,,,,,,,,,,,,,
[M. Ford],,,,,,,,,,,,,,,,
M. Ford,,,,,,,,,,,,,,,,
,,,,,,,,,,,,,,,,
RB,,,,,,,,,,,,,,,,
STAN,,,,,,,,,,,,,,,,
Bye 2,,,,,,,,,,,,,,,,
,,,,,,,,,,,,,,,,
,166,154.1,2,153.44,0,0,0,176,808,5.1,27.4,259,0.7,0,0.3,1.3
,,,,,,,,,,,,,,,,
[Wake Forest],,,,,,,,,,,,,,,,
Wake Forest,,,,,,,,,,,,,,,,
,,,,,,,,,,,,,,,,
OFF,,,,,,,,,,,,,,,,
Bye 8,,,,,,,,,,,,,,,,
,,,,,,,,,,,,,,,,
,552,155.4,8,117.35,,,,,,,,,,,,
,,,,,,,,,,,,,,,,
[South Carolina],,,,,,,,,,,,,,,,
South Carolina,,,,,,,,,,,,,,,,
,,,,,,,,,,,,,,,,
OFF,,,,,,,,,,,,,,,,
Bye 7,,,,,,,,,,,,,,,,
,,,,,,,,,,,,,,,,
,551,155.5,7,136.59,,,,,,,,,,,,
,,,,,,,,,,,,,,,,
[J. Williams],,,,,,,,,,,,,,,,
J. Williams,,,,,,,,,,,,,,,,
,,,,,,,,,,,,,,,,
RB,,,,,,,,,,,,,,,,
TTU,,,,,,,,,,,,,,,,
Bye 6,,,,,,,,,,,,,,,,
,,,,,,,,,,,,,,,,
,135,155.6,6,133.6,0,0,0,92.6,519,4.4,25.7,326,1.8,0.1,0.4,0.8
,,,,,,,,,,,,,,,,
[J. Overton Jr.],,,,,,,,,,,,,,,,
J. Overton Jr.,,,,,,,,,,,,,,,,
,,,,,,,,,,,,,,,,
RB,,,,,,,,,,,,,,,,
VT,,,,,,,,,,,,,,,,
Bye 9,,,,,,,,,,,,,,,,
,,,,,,,,,,,,,,,,
,322,155.7,9,154.81,0,0,0,160,879,7.8,12.5,118,0.5,0,0.5,1.1
,,,,,,,,,,,,,,,,
[K. Singleton],,,,,,,,,,,,,,,,
K. Singleton,,,,,,,,,,,,,,,,
,,,,,,,,,,,,,,,,
WR,,,,,,,,,,,,,,,,
AUB,,,,,,,,,,,,,,,,
Bye 6,,,,,,,,,,,,,,,,
,,,,,,,,,,,,,,,,
,199,156,6,131.69,0,0,0,0,0,0,44.1,682,6.8,0,0.4,0.2
,,,,,,,,,,,,,,,,
[J. Bowick],,,,,,,,,,,,,,,,
J. Bowick,,,,,,,,,,,,,,,,
,,,,,,,,,,,,,,,,
WR,,,,,,,,,,,,,,,,
OKST,,,,,,,,,,,,,,,,
Bye 5,,,,,,,,,,,,,,,,
,,,,,,,,,,,,,,,,
,169,156.1,5,117.16,0,0,0,0,0,0,50.9,560,5.9,0,0.3,0.2
,,,,,,,,,,,,,,,,
[Utah],,,,,,,,,,,,,,,,
Utah,,,,,,,,,,,,,,,,
,,,,,,,,,,,,,,,,
DEF,,,,,,,,,,,,,,,,
Bye 5,,,,,,,,,,,,,,,,
,,,,,,,,,,,,,,,,
,456,156.5,5,109.71,,,,,,,,,,,,
,,,,,,,,,,,,,,,,
[Oregon],,,,,,,,,,,,,,,,
Oregon,,,,,,,,,,,,,,,,
,,,,,,,,,,,,,,,,
DEF,,,,,,,,,,,,,,,,
Bye 5,,,,,,,,,,,,,,,,
,,,,,,,,,,,,,,,,
,235,156.6,5,119.08,,,,,,,,,,,,
,,,,,,,,,,,,,,,,
[SMU],,,,,,,,,,,,,,,,
SMU,,,,,,,,,,,,,,,,
,,,,,,,,,,,,,,,,
DEF,,,,,,,,,,,,,,,,
Bye 6,,,,,,,,,,,,,,,,
,,,,,,,,,,,,,,,,
,293,157.2,6,102.49,,,,,,,,,,,,
,,,,,,,,,,,,,,,,
[J. Gibson],,,,,,,,,,,,,,,,
J. Gibson,,,,,,,,,,,,,,,,
,,,,,,,,,,,,,,,,
WR,,,,,,,,,,,,,,,,
CIN,,,,,,,,,,,,,,,,
Bye 6,,,,,,,,,,,,,,,,
,,,,,,,,,,,,,,,,
,159,157.4,6,122.98,0,0,0,0,0,0,40.9,602,7,0,0.4,0.2
,,,,,,,,,,,,,,,,
[Arizona State],,,,,,,,,,,,,,,,
Arizona State,,,,,,,,,,,,,,,,
,,,,,,,,,,,,,,,,
OFF,,,,,,,,,,,,,,,,
Bye 4,,,,,,,,,,,,,,,,
,,,,,,,,,,,,,,,,
,554,157.8,4,132.44,,,,,,,,,,,,
,,,,,,,,,,,,,,,,
[D. Thomas],,,,,,,,,,,,,,,,
D. Thomas,,,,,,,,,,,,,,,,
,,,,,,,,,,,,,,,,
TE,,,,,,,,,,,,,,,,
CAL,,,,,,,,,,,,,,,,
Bye 10,,,,,,,,,,,,,,,,
,,,,,,,,,,,,,,,,
,412,158,10,79.69,0,0,0,0,0,0,40,402,3.2,0,0.2,0.2
,,,,,,,,,,,,,,,,
[J. Cobb],,,,,,,,,,,,,,,,
J. Cobb,,,,,,,,,,,,,,,,
,,,,,,,,,,,,,,,,
RB,,,,,,,,,,,,,,,,
AUB,,,,,,,,,,,,,,,,
Bye 6,,,,,,,,,,,,,,,,
,,,,,,,,,,,,,,,,
,121,158,6,130.79,0,0,0,144,789,6.7,11.1,66.4,0.1,0,0.4,1
,,,,,,,,,,,,,,,,
[K. Martin],,,,,,,,,,,,,,,,
K. Martin,,,,,,,,,,,,,,,,
,,,,,,,,,,,,,,,,
RB,,,,,,,,,,,,,,,,
IND,,,,,,,,,,,,,,,,
Bye 10,,,,,,,,,,,,,,,,
,,,,,,,,,,,,,,,,
,153,158.5,10,126.11,0,0,0,128,728,8.2,3.1,30.9,0.1,0,0.5,0.9
,,,,,,,,,,,,,,,,
[C. Hicks],,,,,,,,,,,,,,,,
C. Hicks,,,,,,,,,,,,,,,,
,,,,,,,,,,,,,,,,
WR,,,,,,,,,,,,,,,,
PITT,,,,,,,,,,,,,,,,
Bye 10,,,,,,,,,,,,,,,,
,,,,,,,,,,,,,,,,
,206,159,10,113.29,0,0,0,2.8,4.2,0.1,38.3,632,4.6,0.3,0.3,0.2
,,,,,,,,,,,,,,,,
[T. Clark III],,,,,,,,,,,,,,,,
T. Clark III,,,,,,,,,,,,,,,,
,,,,,,,,,,,,,,,,
RB,,,,,,,,,,,,,,,,
WAKE,,,,,,,,,,,,,,,,
Bye 8,,,,,,,,,,,,,,,,
,,,,,,,,,,,,,,,,
,124,159.2,8,156.11,0,0,0,148,666,7.4,28.4,261,1,0,0.5,1.2
,,,,,,,,,,,,,,,,
[B. Rowe Jr.],,,,,,,,,,,,,,,,
B. Rowe Jr.,,,,,,,,,,,,,,,,
,,,,,,,,,,,,,,,,
WR,,,,,,,,,,,,,,,,
UCLA,,,,,,,,,,,,,,,,
Bye 5,,,,,,,,,,,,,,,,
,,,,,,,,,,,,,,,,
,108,159.2,5,81.72,0,0,0,1.2,4.7,0,37.2,478,2.4,0,0.1,0.2
,,,,,,,,,,,,,,,,
[D. McCuin],,,,,,,,,,,,,,,,
D. McCuin,,,,,,,,,,,,,,,,
,,,,,,,,,,,,,,,,
WR,,,,,,,,,,,,,,,,
OSU,,,,,,,,,,,,,,,,
Bye 8,,,,,,,,,,,,,,,,
,,,,,,,,,,,,,,,,
,145,159.4,8,109.92,0,0,0,2,9.9,0.1,44.7,562,4.9,0,0.3,0.2
,,,,,,,,,,,,,,,,
[M. Danzy],,,,,,,,,,,,,,,,
M. Danzy,,,,,,,,,,,,,,,,
,,,,,,,,,,,,,,,,
WR,,,,,,,,,,,,,,,,
FSU,,,,,,,,,,,,,,,,
Bye 2,,,,,,,,,,,,,,,,
,,,,,,,,,,,,,,,,
,103,159.6,2,87.23,0,0,0,1.3,6.9,0.1,33.4,485,3.4,0.1,0.2,0.1
,,,,,,,,,,,,,,,,
[C. Hendricks],,,,,,,,,,,,,,,,
C. Hendricks,,,,,,,,,,,,,,,,
,,,,,,,,,,,,,,,,
WR,,,,,,,,,,,,,,,,
CAL,,,,,,,,,,,,,,,,
Bye 10,,,,,,,,,,,,,,,,
,,,,,,,,,,,,,,,,
,133,160,10,115.66,0,0,0,3.7,10.6,0.1,46.7,680,3.5,0.2,0.2,0.2
,,,,,,,,,,,,,,,,
[K. Reescano],,,,,,,,,,,,,,,,
K. Reescano,,,,,,,,,,,,,,,,
,,,,,,,,,,,,,,,,
RB,,,,,,,,,,,,,,,,
ARIZ,,,,,,,,,,,,,,,,
Bye 7,,,,,,,,,,,,,,,,
,,,,,,,,,,,,,,,,
,186,160.1,7,104.58,0,0,0,121,557,7.3,4.7,26.1,0.2,0,0.4,0.8
,,,,,,,,,,,,,,,,
[Michigan],,,,,,,,,,,,,,,,
Michigan,,,,,,,,,,,,,,,,
,,,,,,,,,,,,,,,,
DEF,,,,,,,,,,,,,,,,
Bye 6,,,,,,,,,,,,,,,,
,,,,,,,,,,,,,,,,
,281,160.2,6,90.32,,,,,,,,,,,,
,,,,,,,,,,,,,,,,
[R. Williams],,,,,,,,,,,,,,,,
R. Williams,,,,,,,,,,,,,,,,
,,,,,,,,,,,,,,,,
WR,,,,,,,,,,,,,,,,
UW,,,,,,,,,,,,,,,,
Bye 8,,,,,,,,,,,,,,,,
,,,,,,,,,,,,,,,,
,193,160.6,8,133.27,0,0,0,1.1,3.7,0,54.7,695,5.9,0,0.4,0.2
,,,,,,,,,,,,,,,,
[D. Watson],,,,,,,,,,,,,,,,
D. Watson,,,,,,,,,,,,,,,,
,,,,,,,,,,,,,,,,
RB,,,,,,,,,,,,,,,,
UCF,,,,,,,,,,,,,,,,
Bye 7,,,,,,,,,,,,,,,,
,,,,,,,,,,,,,,,,
,111,160.7,7,128.42,0,0,0,147,693,4.1,20.5,188,1.1,0,0.3,1.1
,,,,,,,,,,,,,,,,
[BYU],,,,,,,,,,,,,,,,
BYU,,,,,,,,,,,,,,,,
,,,,,,,,,,,,,,,,
DEF,,,,,,,,,,,,,,,,
Bye 4,,,,,,,,,,,,,,,,
,,,,,,,,,,,,,,,,
,285,160.7,4,120.43,,,,,,,,,,,,
,,,,,,,,,,,,,,,,
[W. Watkins Jr.],,,,,,,,,,,,,,,,
W. Watkins Jr.,,,,,,,,,,,,,,,,
,,,,,,,,,,,,,,,,
WR,,,,,,,,,,,,,,,,
LSU,,,,,,,,,,,,,,,,
Bye 9,,,,,,,,,,,,,,,,
,,,,,,,,,,,,,,,,
,118,160.9,9,98.83,0,0,0,3.7,18.3,0.1,41.6,612,2.3,0.1,0.1,0.2
,,,,,,,,,,,,,,,,
[T. Harris],,,,,,,,,,,,,,,,
T. Harris,,,,,,,,,,,,,,,,
,,,,,,,,,,,,,,,,
WR,,,,,,,,,,,,,,,,
OU,,,,,,,,,,,,,,,,
Bye 5,,,,,,,,,,,,,,,,
,,,,,,,,,,,,,,,,
,119,161.6,5,127.55,0,0,0,5.9,23.7,0.2,50.9,690,4.9,0,0.3,0.2
,,,,,,,,,,,,,,,,
[L. Brown IV],,,,,,,,,,,,,,,,
L. Brown IV,,,,,,,,,,,,,,,,
,,,,,,,,,,,,,,,,
WR,,,,,,,,,,,,,,,,
BAY,,,,,,,,,,,,,,,,
Bye 6,,,,,,,,,,,,,,,,
,,,,,,,,,,,,,,,,
,155,161.6,6,139.73,0,0,0,0,0,0,56.1,731,6.4,0,0.4,0.2
,,,,,,,,,,,,,,,,
[K. Brown],,,,,,,,,,,,,,,,
K. Brown,,,,,,,,,,,,,,,,
,,,,,,,,,,,,,,,,
RB,,,,,,,,,,,,,,,,
LOU,,,,,,,,,,,,,,,,
Bye 8,,,,,,,,,,,,,,,,
,,,,,,,,,,,,,,,,
,122,163.1,8,138.86,0,0,0,119,797,6.9,11.8,124,0,0.1,0.4,0.9
,,,,,,,,,,,,,,,,
[M. Johnson],,,,,,,,,,,,,,,,
M. Johnson,,,,,,,,,,,,,,,,
,,,,,,,,,,,,,,,,
WR,,,,,,,,,,,,,,,,
MSST,,,,,,,,,,,,,,,,
Bye 6,,,,,,,,,,,,,,,,
,,,,,,,,,,,,,,,,
,151,164.9,6,104.01,0,0,0,3.6,11.9,0.1,38.4,587,3.9,0.1,0.2,0.2
,,,,,,,,,,,,,,,,
[J. Sherrill],,,,,,,,,,,,,,,,
J. Sherrill,,,,,,,,,,,,,,,,
,,,,,,,,,,,,,,,,
WR,,,,,,,,,,,,,,,,
VAN,,,,,,,,,,,,,,,,
Bye 9,,,,,,,,,,,,,,,,
,,,,,,,,,,,,,,,,
,149,165.1,9,132.27,0,0,0,4.9,14.7,0.2,54.6,720,5,0,0.3,0.2
,,,,,,,,,,,,,,,,
[K. Johnson],,,,,,,,,,,,,,,,
K. Johnson,,,,,,,,,,,,,,,,
,,,,,,,,,,,,,,,,
WR,,,,,,,,,,,,,,,,
TTU,,,,,,,,,,,,,,,,
Bye 6,,,,,,,,,,,,,,,,
,,,,,,,,,,,,,,,,
,137,166.9,6,123.94,0,0,0,1.2,10.5,0.1,45.4,646,5.6,0.3,0.3,0.2
,,,,,,,,,,,,,,,,
[Iowa],,,,,,,,,,,,,,,,
Iowa,,,,,,,,,,,,,,,,
,,,,,,,,,,,,,,,,
DEF,,,,,,,,,,,,,,,,
Bye 7,,,,,,,,,,,,,,,,
,,,,,,,,,,,,,,,,
,267,167.8,7,114.92,,,,,,,,,,,,
,,,,,,,,,,,,,,,,
[Texas A&M],,,,,,,,,,,,,,,,
Texas A&M,,,,,,,,,,,,,,,,
,,,,,,,,,,,,,,,,
DEF,,,,,,,,,,,,,,,,
Bye 9,,,,,,,,,,,,,,,,
,,,,,,,,,,,,,,,,
,252,172,9,84.44,,,,,,,,,,,,
,,,,,,,,,,,,,,,,
[Ole Miss],,,,,,,,,,,,,,,,
Ole Miss,,,,,,,,,,,,,,,,
,,,,,,,,,,,,,,,,
DEF,,,,,,,,,,,,,,,,
Bye 5,,,,,,,,,,,,,,,,
,,,,,,,,,,,,,,,,
,260,175,5,82.24,,,,,,,,,,,,
,,,,,,,,,,,,,,,,
[C. Charleston],,,,,,,,,,,,,,,,
C. Charleston,,,,,,,,,,,,,,,,
NA,,,,,,,,,,,,,,,,
,,,,,,,,,,,,,,,,
WR,,,,,,,,,,,,,,,,
MICH,,,,,,,,,,,,,,,,
Bye 6,,,,,,,,,,,,,,,,
,,,,,,,,,,,,,,,,
,2004,-,6,0,0,0,0,0,0,0,0,0,0,0,0,0
,,,,,,,,,,,,,,,,
[H. Welcing],,,,,,,,,,,,,,,,
H. Welcing,,,,,,,,,,,,,,,,
,,,,,,,,,,,,,,,,
TE,,,,,,,,,,,,,,,,
OSU,,,,,,,,,,,,,,,,
Bye 8,,,,,,,,,,,,,,,,
,,,,,,,,,,,,,,,,
,531,-,8,0,0,0,0,0,0,0,0,0,0,0,0,0
,,,,,,,,,,,,,,,,
[J. Carpenter],,,,,,,,,,,,,,,,
J. Carpenter,,,,,,,,,,,,,,,,
,,,,,,,,,,,,,,,,
TE,,,,,,,,,,,,,,,,
TTU,,,,,,,,,,,,,,,,
Bye 6,,,,,,,,,,,,,,,,
,,,,,,,,,,,,,,,,
,483,-,6,0,0,0,0,0,0,0,0,0,0,0,0,0
,,,,,,,,,,,,,,,,
[I. Hartrup],,,,,,,,,,,,,,,,
I. Hartrup,,,,,,,,,,,,,,,,
,,,,,,,,,,,,,,,,
WR,,,,,,,,,,,,,,,,
MISS,,,,,,,,,,,,,,,,
Bye 5,,,,,,,,,,,,,,,,
,,,,,,,,,,,,,,,,
,2483,-,5,1.96,0,0,0,0,0,0,0,0,0,0.3,0,0
,,,,,,,,,,,,,,,,
[L. Ungar],,,,,,,,,,,,,,,,
L. Ungar,,,,,,,,,,,,,,,,
,,,,,,,,,,,,,,,,
TE,,,,,,,,,,,,,,,,
UVA,,,,,,,,,,,,,,,,
Bye 1,,,,,,,,,,,,,,,,
,,,,,,,,,,,,,,,,
,2058,-,1,0,0,0,0,0,0,0,0,0,0,0,0,0
,,,,,,,,,,,,,,,,
[K. Jackson],,,,,,,,,,,,,,,,
K. Jackson,,,,,,,,,,,,,,,,
,,,,,,,,,,,,,,,,
WR,,,,,,,,,,,,,,,,
FLA,,,,,,,,,,,,,,,,
Bye 8,,,,,,,,,,,,,,,,
,,,,,,,,,,,,,,,,
,1795,-,8,0,0,0,0,0,0,0,0,0,0,0,0,0
,,,,,,,,,,,,,,,,
[G. Jordan],,,,,,,,,,,,,,,,
G. Jordan,,,,,,,,,,,,,,,,
,,,,,,,,,,,,,,,,
QB,,,,,,,,,,,,,,,,
OKST,,,,,,,,,,,,,,,,
Bye 5,,,,,,,,,,,,,,,,
,,,,,,,,,,,,,,,,
,2392,-,5,0,0,0,0,0,0,0,0,0,0,0,0,0
,,,,,,,,,,,,,,,,
[G. Wilson],,,,,,,,,,,,,,,,
G. Wilson,,,,,,,,,,,,,,,,
,,,,,,,,,,,,,,,,
QB,,,,,,,,,,,,,,,,
IND,,,,,,,,,,,,,,,,
Bye 10,,,,,,,,,,,,,,,,
,,,,,,,,,,,,,,,,
,2826,-,10,6.35,74.5,0.8,0.3,1,3.6,0,0,0,0,0,0,0
,,,,,,,,,,,,,,,,
[C. Magwood],,,,,,,,,,,,,,,,
C. Magwood,,,,,,,,,,,,,,,,
,,,,,,,,,,,,,,,,
WR,,,,,,,,,,,,,,,,
PUR,,,,,,,,,,,,,,,,
Bye 8,,,,,,,,,,,,,,,,
,,,,,,,,,,,,,,,,
,2065,-,8,0,0,0,0,0,0,0,0,0,0,0,0,0
,,,,,,,,,,,,,,,,
[L. Wright],,,,,,,,,,,,,,,,
L. Wright,,,,,,,,,,,,,,,,
,,,,,,,,,,,,,,,,
RB,,,,,,,,,,,,,,,,
PITT,,,,,,,,,,,,,,,,
Bye 10,,,,,,,,,,,,,,,,
,,,,,,,,,,,,,,,,
,466,-,10,70.59,0,0,0,55,264,3,17.5,127,0.9,0,0.2,0.5
,,,,,,,,,,,,,,,,
[A. Patu],,,,,,,,,,,,,,,,
A. Patu,,,,,,,,,,,,,,,,
,,,,,,,,,,,,,,,,
QB,,,,,,,,,,,,,,,,
DUKE,,,,,,,,,,,,,,,,
Bye 5,,,,,,,,,,,,,,,,
,,,,,,,,,,,,,,,,
,2509,-,5,0,0,0,0,0,0,0,0,0,0,0,0,0
,,,,,,,,,,,,,,,,
[S. Huard],,,,,,,,,,,,,,,,
S. Huard,,,,,,,,,,,,,,,,
,,,,,,,,,,,,,,,,
QB,,,,,,,,,,,,,,,,
USC,,,,,,,,,,,,,,,,
Bye 7,,,,,,,,,,,,,,,,
,,,,,,,,,,,,,,,,
,2767,-,7,0,0,0,0,0,0,0,0,0,0,0,0,0
,,,,,,,,,,,,,,,,
[J. Bray],,,,,,,,,,,,,,,,
J. Bray,,,,,,,,,,,,,,,,
,,,,,,,,,,,,,,,,
WR,,,,,,,,,,,,,,,,
WVU,,,,,,,,,,,,,,,,
Bye 9,,,,,,,,,,,,,,,,
,,,,,,,,,,,,,,,,
,2061,-,9,109.73,0,0,0,1.1,5.2,0,39.5,661,3.8,0,0.2,0.2
,,,,,,,,,,,,,,,,
[C. Jackson],,,,,,,,,,,,,,,,
C. Jackson,,,,,,,,,,,,,,,,
,,,,,,,,,,,,,,,,
WR,,,,,,,,,,,,,,,,
ISU,,,,,,,,,,,,,,,,
Bye 7,,,,,,,,,,,,,,,,
,,,,,,,,,,,,,,,,
,388,-,7,106.71,0,0,0,3.4,15.3,0.1,46.2,634,3,0,0.2,0.2
,,,,,,,,,,,,,,,,
[T. Cooley],,,,,,,,,,,,,,,,
T. Cooley,,,,,,,,,,,,,,,,
,,,,,,,,,,,,,,,,
RB,,,,,,,,,,,,,,,,
UW,,,,,,,,,,,,,,,,
Bye 8,,,,,,,,,,,,,,,,
,,,,,,,,,,,,,,,,
,2190,-,8,43.36,0,0,0,43.1,194,2.9,4.1,35.9,0.2,0,0.2,0.3
,,,,,,,,,,,,,,,,
[L. Morris],,,,,,,,,,,,,,,,
L. Morris,,,,,,,,,,,,,,,,
,,,,,,,,,,,,,,,,
TE,,,,,,,,,,,,,,,,
WAKE,,,,,,,,,,,,,,,,
Bye 8,,,,,,,,,,,,,,,,
,,,,,,,,,,,,,,,,
,505,-,8,0,0,0,0,0,0,0,0,0,0,0,0,0
,,,,,,,,,,,,,,,,
[E. Pryor],,,,,,,,,,,,,,,,
E. Pryor,,,,,,,,,,,,,,,,
,,,,,,,,,,,,,,,,
RB,,,,,,,,,,,,,,,,
FLA,,,,,,,,,,,,,,,,
Bye 8,,,,,,,,,,,,,,,,
,,,,,,,,,,,,,,,,
,487,-,8,38.83,0,0,0,34.1,170,1.9,7.3,51.6,0.3,0,0.1,0.3
,,,,,,,,,,,,,,,,
[D. Kaliakmanis],,,,,,,,,,,,,,,,
D. Kaliakmanis,,,,,,,,,,,,,,,,
,,,,,,,,,,,,,,,,
WR,,,,,,,,,,,,,,,,
RUTG,,,,,,,,,,,,,,,,
Bye 6,,,,,,,,,,,,,,,,
,,,,,,,,,,,,,,,,
,1560,-,6,0,0,0,0,0,0,0,0,0,0,0,0,0
,,,,,,,,,,,,,,,,
[M. Keene],,,,,,,,,,,,,,,,
M. Keene,,,,,,,,,,,,,,,,
,,,,,,,,,,,,,,,,
QB,,,,,,,,,,,,,,,,
ASU,,,,,,,,,,,,,,,,
Bye 4,,,,,,,,,,,,,,,,
,,,,,,,,,,,,,,,,
,2482,-,4,8.98,144,1,0.5,2.5,-5.1,0,0,0,0,0,0.1,0.1
,,,,,,,,,,,,,,,,
[A. Adeyi],,,,,,,,,,,,,,,,
A. Adeyi,,,,,,,,,,,,,,,,
,,,,,,,,,,,,,,,,
RB,,,,,,,,,,,,,,,,
OKST,,,,,,,,,,,,,,,,
Bye 5,,,,,,,,,,,,,,,,
,,,,,,,,,,,,,,,,
,2469,-,5,46.09,0,0,0,60.9,286,2.4,2.7,19.1,0.1,0,0.1,0.4
,,,,,,,,,,,,,,,,
[H. Herring],,,,,,,,,,,,,,,,
H. Herring,,,,,,,,,,,,,,,,
,,,,,,,,,,,,,,,,
TE,,,,,,,,,,,,,,,,
AUB,,,,,,,,,,,,,,,,
Bye 6,,,,,,,,,,,,,,,,
,,,,,,,,,,,,,,,,
,828,-,6,0,0,0,0,0,0,0,0,0,0,0,0,0
,,,,,,,,,,,,,,,,
[M. Shoulders],,,,,,,,,,,,,,,,
M. Shoulders,,,,,,,,,,,,,,,,
NA,,,,,,,,,,,,,,,,
,,,,,,,,,,,,,,,,
WR,,,,,,,,,,,,,,,,
HOU,,,,,,,,,,,,,,,,
Bye 9,,,,,,,,,,,,,,,,
,,,,,,,,,,,,,,,,
,2018,-,9,0,0,0,0,0,0,0,0,0,0,0,0,0
,,,,,,,,,,,,,,,,
[C. Campbell],,,,,,,,,,,,,,,,
C. Campbell,,,,,,,,,,,,,,,,
,,,,,,,,,,,,,,,,
RB,,,,,,,,,,,,,,,,
DUKE,,,,,,,,,,,,,,,,
Bye 5,,,,,,,,,,,,,,,,
,,,,,,,,,,,,,,,,
,869,-,5,89.17,0,0,0,104,467,5.1,8.6,71,0.2,0,0.3,0.7
,,,,,,,,,,,,,,,,
[B. Edwards Jr.],,,,,,,,,,,,,,,,
B. Edwards Jr.,,,,,,,,,,,,,,,,
,,,,,,,,,,,,,,,,
QB,,,,,,,,,,,,,,,,
UNC,,,,,,,,,,,,,,,,
Bye 1,,,,,,,,,,,,,,,,
,,,,,,,,,,,,,,,,
,2394,-,1,182.64,2407,15.5,7.9,71.3,143,3.1,0,0,0,0,1.1,1.5
,,,,,,,,,,,,,,,,
[H. Fields],,,,,,,,,,,,,,,,
H. Fields,,,,,,,,,,,,,,,,
,,,,,,,,,,,,,,,,
WR,,,,,,,,,,,,,,,,
MISS,,,,,,,,,,,,,,,,
Bye 5,,,,,,,,,,,,,,,,
,,,,,,,,,,,,,,,,
,824,-,5,60.6,0,0,0,1.1,4.2,0,26.6,356,1.8,0,0.1,0.1
,,,,,,,,,,,,,,,,
[C. Moss],,,,,,,,,,,,,,,,
C. Moss,,,,,,,,,,,,,,,,
,,,,,,,,,,,,,,,,
WR,,,,,,,,,,,,,,,,
UW,,,,,,,,,,,,,,,,
Bye 8,,,,,,,,,,,,,,,,
,,,,,,,,,,,,,,,,
,376,-,8,49.85,0,0,0,0,0,0,22.9,287,1.6,0,0.1,0.1
,,,,,,,,,,,,,,,,
[Q. Redding],,,,,,,,,,,,,,,,
Q. Redding,,,,,,,,,,,,,,,,
,,,,,,,,,,,,,,,,
WR,,,,,,,,,,,,,,,,
RUTG,,,,,,,,,,,,,,,,
Bye 6,,,,,,,,,,,,,,,,
,,,,,,,,,,,,,,,,
,1699,-,6,0,0,0,0,0,0,0,0,0,0,0,0,0
,,,,,,,,,,,,,,,,
[T. Altahir],,,,,,,,,,,,,,,,
T. Altahir,,,,,,,,,,,,,,,,
,,,,,,,,,,,,,,,,
RB,,,,,,,,,,,,,,,,
STAN,,,,,,,,,,,,,,,,
Bye 2,,,,,,,,,,,,,,,,
,,,,,,,,,,,,,,,,
,2486,-,2,15.1,0,0,0,25.5,96.7,0.5,1.8,16,0,0,0,0.2
,,,,,,,,,,,,,,,,
[B. Hunt],,,,,,,,,,,,,,,,
B. Hunt,,,,,,,,,,,,,,,,
,,,,,,,,,,,,,,,,
TE,,,,,,,,,,,,,,,,
SC,,,,,,,,,,,,,,,,
Bye 7,,,,,,,,,,,,,,,,
,,,,,,,,,,,,,,,,
,839,-,7,56.69,0,0,0,0.8,0.8,0,28.6,270,2.5,0,0.2,0.1
,,,,,,,,,,,,,,,,
[S. Price],,,,,,,,,,,,,,,,
S. Price,,,,,,,,,,,,,,,,
,,,,,,,,,,,,,,,,
RB,,,,,,,,,,,,,,,,
ORE,,,,,,,,,,,,,,,,
Bye 5,,,,,,,,,,,,,,,,
,,,,,,,,,,,,,,,,
,922,-,5,58.29,0,0,0,44.6,267,3.3,8.4,49.2,0.4,0,0.2,0.3
,,,,,,,,,,,,,,,,
[D. Martinez],,,,,,,,,,,,,,,,
D. Martinez,,,,,,,,,,,,,,,,
,,,,,,,,,,,,,,,,
TE,,,,,,,,,,,,,,,,
TENN,,,,,,,,,,,,,,,,
Bye 9,,,,,,,,,,,,,,,,
,,,,,,,,,,,,,,,,
,860,-,9,0,0,0,0,0,0,0,0,0,0,0,0,0
,,,,,,,,,,,,,,,,
[W. Eget],,,,,,,,,,,,,,,,
W. Eget,,,,,,,,,,,,,,,,
,,,,,,,,,,,,,,,,
QB,,,,,,,,,,,,,,,,
DUKE,,,,,,,,,,,,,,,,
Bye 5,,,,,,,,,,,,,,,,
,,,,,,,,,,,,,,,,
,340,-,5,177.72,2720,16.3,9.3,59.7,83.6,0.9,0,0,0,0,1,1.4
,,,,,,,,,,,,,,,,
[T. Robinson],,,,,,,,,,,,,,,,
T. Robinson,,,,,,,,,,,,,,,,
,,,,,,,,,,,,,,,,
WR,,,,,,,,,,,,,,,,
ILL,,,,,,,,,,,,,,,,
Bye 7,,,,,,,,,,,,,,,,
,,,,,,,,,,,,,,,,
,2417,-,7,0,0,0,0,0,0,0,0,0,0,0,0,0
,,,,,,,,,,,,,,,,
[E. Lewis],,,,,,,,,,,,,,,,
E. Lewis,,,,,,,,,,,,,,,,
,,,,,,,,,,,,,,,,
WR,,,,,,,,,,,,,,,,
LOU,,,,,,,,,,,,,,,,
Bye 8,,,,,,,,,,,,,,,,
,,,,,,,,,,,,,,,,
,1527,-,8,0,0,0,0,0,0,0,0,0,0,0,0,0
,,,,,,,,,,,,,,,,
[J. Burton],,,,,,,,,,,,,,,,
J. Burton,,,,,,,,,,,,,,,,
,,,,,,,,,,,,,,,,
WR,,,,,,,,,,,,,,,,
DUKE,,,,,,,,,,,,,,,,
Bye 5,,,,,,,,,,,,,,,,
,,,,,,,,,,,,,,,,
,1317,-,5,29.26,0,0,0,0,0,0,15.8,164,0.8,0,0,0.1
,,,,,,,,,,,,,,,,
[D. Warren],,,,,,,,,,,,,,,,
D. Warren,,,,,,,,,,,,,,,,
,,,,,,,,,,,,,,,,
QB,,,,,,,,,,,,,,,,
STAN,,,,,,,,,,,,,,,,
Bye 2,,,,,,,,,,,,,,,,
,,,,,,,,,,,,,,,,
,2535,-,2,131.11,2288,13.9,12.6,43.1,-64.7,0.6,0,0,0,0,0.9,1.3
,,,,,,,,,,,,,,,,
[U. Hatcher],,,,,,,,,,,,,,,,
U. Hatcher,,,,,,,,,,,,,,,,
,,,,,,,,,,,,,,,,
WR,,,,,,,,,,,,,,,,
SYR,,,,,,,,,,,,,,,,
Bye 4,,,,,,,,,,,,,,,,
,,,,,,,,,,,,,,,,
,188,-,4,118.17,0,0,0,1.3,4.7,0.1,44.4,647,5,0,0.3,0.2
,,,,,,,,,,,,,,,,
[T. Walker],,,,,,,,,,,,,,,,
T. Walker,,,,,,,,,,,,,,,,
,,,,,,,,,,,,,,,,
WR,,,,,,,,,,,,,,,,
HOU,,,,,,,,,,,,,,,,
Bye 9,,,,,,,,,,,,,,,,
,,,,,,,,,,,,,,,,
,254,-,9,107.96,0,0,0,1.2,3.6,0,36,621,4.3,0.2,0.3,0.2
,,,,,,,,,,,,,,,,
[L. Johnson Jr.],,,,,,,,,,,,,,,,
L. Johnson Jr.,,,,,,,,,,,,,,,,
NA,,,,,,,,,,,,,,,,
,,,,,,,,,,,,,,,,
WR,,,,,,,,,,,,,,,,
CAL,,,,,,,,,,,,,,,,
Bye 10,,,,,,,,,,,,,,,,
,,,,,,,,,,,,,,,,
,918,-,10,0,0,0,0,0,0,0,0,0,0,0,0,0
,,,,,,,,,,,,,,,,
[C. Fancher],,,,,,,,,,,,,,,,
C. Fancher,,,,,,,,,,,,,,,,
,,,,,,,,,,,,,,,,
QB,,,,,,,,,,,,,,,,
MSU,,,,,,,,,,,,,,,,
Bye 9,,,,,,,,,,,,,,,,
,,,,,,,,,,,,,,,,
,838,-,9,4.4,54.4,0.4,0.3,1.9,7.2,0.1,0,0,0,0,0,0
,,,,,,,,,,,,,,,,
[T. Davis],,,,,,,,,,,,,,,,
T. Davis,,,,,,,,,,,,,,,,
,,,,,,,,,,,,,,,,
WR,,,,,,,,,,,,,,,,
UVA,,,,,,,,,,,,,,,,
Bye 1,,,,,,,,,,,,,,,,
,,,,,,,,,,,,,,,,
,1342,-,1,0,0,0,0,0,0,0,0,0,0,0,0,0
,,,,,,,,,,,,,,,,
[S. Berkhalter],,,,,,,,,,,,,,,,
S. Berkhalter,,,,,,,,,,,,,,,,
,,,,,,,,,,,,,,,,
WR,,,,,,,,,,,,,,,,
TEX,,,,,,,,,,,,,,,,
Bye 5,,,,,,,,,,,,,,,,
,,,,,,,,,,,,,,,,
,878,-,5,46.48,0,0,0,0,0,0,17.9,256,2,0,0.1,0.1
,,,,,,,,,,,,,,,,
[D. Pantelis],,,,,,,,,,,,,,,,
D. Pantelis,,,,,,,,,,,,,,,,
,,,,,,,,,,,,,,,,
WR,,,,,,,,,,,,,,,,
STAN,,,,,,,,,,,,,,,,
Bye 2,,,,,,,,,,,,,,,,
,,,,,,,,,,,,,,,,
,819,-,2,81.25,0,0,0,0,0,0,34.6,440,3.3,0,0.2,0.1
,,,,,,,,,,,,,,,,
[M. Gillis],,,,,,,,,,,,,,,,
M. Gillis,,,,,,,,,,,,,,,,
,,,,,,,,,,,,,,,,
RB,,,,,,,,,,,,,,,,
ASU,,,,,,,,,,,,,,,,
Bye 4,,,,,,,,,,,,,,,,
,,,,,,,,,,,,,,,,
,396,-,4,77.53,0,0,0,86.4,440,3.5,9.9,68.4,0.3,0,0.2,0.6
,,,,,,,,,,,,,,,,
[N. Marchiol],,,,,,,,,,,,,,,,
N. Marchiol,,,,,,,,,,,,,,,,
,,,,,,,,,,,,,,,,
QB,,,,,,,,,,,,,,,,
NW,,,,,,,,,,,,,,,,
Bye 2,,,,,,,,,,,,,,,,
,,,,,,,,,,,,,,,,
,1369,-,2,3.94,47.2,0.3,0.1,2.2,4.4,0.1,0,0,0,0,0,0.1
,,,,,,,,,,,,,,,,
[C. Turner],,,,,,,,,,,,,,,,
C. Turner,,,,,,,,,,,,,,,,
,,,,,,,,,,,,,,,,
WR,,,,,,,,,,,,,,,,
CLEM,,,,,,,,,,,,,,,,
Bye 6,,,,,,,,,,,,,,,,
,,,,,,,,,,,,,,,,
,2406,-,6,0,0,0,0,0,0,0,0,0,0,0,0,0
,,,,,,,,,,,,,,,,
[C. Swinney],,,,,,,,,,,,,,,,
C. Swinney,,,,,,,,,,,,,,,,
,,,,,,,,,,,,,,,,
WR,,,,,,,,,,,,,,,,
CLEM,,,,,,,,,,,,,,,,
Bye 6,,,,,,,,,,,,,,,,
,,,,,,,,,,,,,,,,
,1438,-,6,0,0,0,0,0,0,0,0,0,0,0,0,0
,,,,,,,,,,,,,,,,
[J. Sapp],,,,,,,,,,,,,,,,
J. Sapp,,,,,,,,,,,,,,,,
,,,,,,,,,,,,,,,,
TE,,,,,,,,,,,,,,,,
WVU,,,,,,,,,,,,,,,,
Bye 9,,,,,,,,,,,,,,,,
,,,,,,,,,,,,,,,,
,1285,-,9,0,0,0,0,0,0,0,0,0,0,0,0,0
,,,,,,,,,,,,,,,,
[T. Pearman],,,,,,,,,,,,,,,,
T. Pearman,,,,,,,,,,,,,,,,
,,,,,,,,,,,,,,,,
QB,,,,,,,,,,,,,,,,
CLEM,,,,,,,,,,,,,,,,
Bye 6,,,,,,,,,,,,,,,,
,,,,,,,,,,,,,,,,
,2804,-,6,0,0,0,0,0,0,,,,,,,